  0
SECTION
  2
HEADER
  9
$ACADVER
  1
AC1032
  9
$ACADMAINTVER
 90
      197
  9
$DWGCODEPAGE
  3
ANSI_1252
  9
$LASTSAVEDBY
  1
user
  9
$REQUIREDVERSIONS
160
                 0
  9
$INSBASE
 10
0.0
 20
0.0
 30
0.0
  9
$EXTMIN
 10
4092.68121573336
 20
36434.78525878677
 30
0.0
  9
$EXTMAX
 10
97986.77895161583
 20
56018.17481864217
 30
0.0
  9
$LIMMIN
 10
0.0
 20
0.0
  9
$LIMMAX
 10
420.0
 20
297.0
  9
$ORTHOMODE
 70
     1
  9
$REGENMODE
 70
     1
  9
$FILLMODE
 70
     1
  9
$QTEXTMODE
 70
     0
  9
$MIRRTEXT
 70
     0
  9
$LTSCALE
 40
1.0
  9
$ATTMODE
 70
     1
  9
$TEXTSIZE
 40
2.5
  9
$TRACEWID
 40
1.0
  9
$TEXTSTYLE
  7
Standard
  9
$CLAYER
  8
Column Hatch
  9
$CELTYPE
  6
ByLayer
  9
$CECOLOR
 62
   256
  9
$CELTSCALE
 40
1.0
  9
$DISPSILH
 70
     0
  9
$DIMSCALE
 40
1.0
  9
$DIMASZ
 40
2.5
  9
$DIMEXO
 40
0.625
  9
$DIMDLI
 40
3.75
  9
$DIMRND
 40
0.0
  9
$DIMDLE
 40
0.0
  9
$DIMEXE
 40
1.25
  9
$DIMTP
 40
0.0
  9
$DIMTM
 40
0.0
  9
$DIMTXT
 40
2.5
  9
$DIMCEN
 40
2.5
  9
$DIMTSZ
 40
0.0
  9
$DIMTOL
 70
     0
  9
$DIMLIM
 70
     0
  9
$DIMTIH
 70
     0
  9
$DIMTOH
 70
     0
  9
$DIMSE1
 70
     0
  9
$DIMSE2
 70
     0
  9
$DIMTAD
 70
     1
  9
$DIMZIN
 70
     8
  9
$DIMBLK
  1

  9
$DIMASO
 70
     1
  9
$DIMSHO
 70
     1
  9
$DIMPOST
  1

  9
$DIMAPOST
  1

  9
$DIMALT
 70
     0
  9
$DIMALTD
 70
     3
  9
$DIMALTF
 40
0.03937007874016
  9
$DIMLFAC
 40
1.0
  9
$DIMTOFL
 70
     1
  9
$DIMTVP
 40
0.0
  9
$DIMTIX
 70
     0
  9
$DIMSOXD
 70
     0
  9
$DIMSAH
 70
     0
  9
$DIMBLK1
  1

  9
$DIMBLK2
  1

  9
$DIMSTYLE
  2
ISO-25
  9
$DIMCLRD
 70
     0
  9
$DIMCLRE
 70
     0
  9
$DIMCLRT
 70
     0
  9
$DIMTFAC
 40
1.0
  9
$DIMGAP
 40
0.625
  9
$DIMJUST
 70
     0
  9
$DIMSD1
 70
     0
  9
$DIMSD2
 70
     0
  9
$DIMTOLJ
 70
     0
  9
$DIMTZIN
 70
     8
  9
$DIMALTZ
 70
     0
  9
$DIMALTTZ
 70
     0
  9
$DIMUPT
 70
     0
  9
$DIMDEC
 70
     2
  9
$DIMTDEC
 70
     2
  9
$DIMALTU
 70
     2
  9
$DIMALTTD
 70
     3
  9
$DIMTXSTY
  7
Standard
  9
$DIMAUNIT
 70
     0
  9
$DIMADEC
 70
     0
  9
$DIMALTRND
 40
0.0
  9
$DIMAZIN
 70
     0
  9
$DIMDSEP
 70
    44
  9
$DIMATFIT
 70
     3
  9
$DIMFRAC
 70
     0
  9
$DIMLDRBLK
  1

  9
$DIMLUNIT
 70
     2
  9
$DIMLWD
 70
    -2
  9
$DIMLWE
 70
    -2
  9
$DIMTMOVE
 70
     0
  9
$DIMFXL
 40
1.0
  9
$DIMFXLON
 70
     0
  9
$DIMJOGANG
 40
0.7853981633974483
  9
$DIMTFILL
 70
     0
  9
$DIMTFILLCLR
 70
     0
  9
$DIMARCSYM
 70
     0
  9
$DIMLTYPE
  6

  9
$DIMLTEX1
  6

  9
$DIMLTEX2
  6

  9
$DIMTXTDIRECTION
 70
     0
  9
$LUNITS
 70
     2
  9
$LUPREC
 70
     4
  9
$SKETCHINC
 40
1.0
  9
$FILLETRAD
 40
0.0
  9
$AUNITS
 70
     0
  9
$AUPREC
 70
     0
  9
$MENU
  1
.
  9
$ELEVATION
 40
0.0
  9
$PELEVATION
 40
0.0
  9
$THICKNESS
 40
0.0
  9
$LIMCHECK
 70
     0
  9
$CHAMFERA
 40
0.0
  9
$CHAMFERB
 40
0.0
  9
$CHAMFERC
 40
0.0
  9
$CHAMFERD
 40
0.0
  9
$SKPOLY
 70
     0
  9
$TDCREATE
 40
2461292.418715278
  9
$TDUCREATE
 40
2461292.377048611
  9
$TDUPDATE
 40
2461301.638854167
  9
$TDUUPDATE
 40
2461301.597187500
  9
$TDINDWG
 40
0.1099537037
  9
$TDUSRTIMER
 40
0.1099537037
  9
$USRTIMER
 70
     1
  9
$ANGBASE
 50
0.0
  9
$ANGDIR
 70
     0
  9
$PDMODE
 70
     0
  9
$PDSIZE
 40
0.0
  9
$PLINEWID
 40
0.0
  9
$SPLFRAME
 70
     0
  9
$SPLINETYPE
 70
     6
  9
$SPLINESEGS
 70
     8
  9
$HANDSEED
  5
2FEA
  9
$SURFTAB1
 70
     6
  9
$SURFTAB2
 70
     6
  9
$SURFTYPE
 70
     6
  9
$SURFU
 70
     6
  9
$SURFV
 70
     6
  9
$UCSBASE
  2

  9
$UCSNAME
  2

  9
$UCSORG
 10
0.0
 20
0.0
 30
0.0
  9
$UCSXDIR
 10
1.0
 20
0.0
 30
0.0
  9
$UCSYDIR
 10
0.0
 20
1.0
 30
0.0
  9
$UCSORTHOREF
  2

  9
$UCSORTHOVIEW
 70
     0
  9
$UCSORGTOP
 10
0.0
 20
0.0
 30
0.0
  9
$UCSORGBOTTOM
 10
0.0
 20
0.0
 30
0.0
  9
$UCSORGLEFT
 10
0.0
 20
0.0
 30
0.0
  9
$UCSORGRIGHT
 10
0.0
 20
0.0
 30
0.0
  9
$UCSORGFRONT
 10
0.0
 20
0.0
 30
0.0
  9
$UCSORGBACK
 10
0.0
 20
0.0
 30
0.0
  9
$PUCSBASE
  2

  9
$PUCSNAME
  2

  9
$PUCSORG
 10
0.0
 20
0.0
 30
0.0
  9
$PUCSXDIR
 10
1.0
 20
0.0
 30
0.0
  9
$PUCSYDIR
 10
0.0
 20
1.0
 30
0.0
  9
$PUCSORTHOREF
  2

  9
$PUCSORTHOVIEW
 70
     0
  9
$PUCSORGTOP
 10
0.0
 20
0.0
 30
0.0
  9
$PUCSORGBOTTOM
 10
0.0
 20
0.0
 30
0.0
  9
$PUCSORGLEFT
 10
0.0
 20
0.0
 30
0.0
  9
$PUCSORGRIGHT
 10
0.0
 20
0.0
 30
0.0
  9
$PUCSORGFRONT
 10
0.0
 20
0.0
 30
0.0
  9
$PUCSORGBACK
 10
0.0
 20
0.0
 30
0.0
  9
$USERI1
 70
     0
  9
$USERI2
 70
     0
  9
$USERI3
 70
     0
  9
$USERI4
 70
     0
  9
$USERI5
 70
     0
  9
$USERR1
 40
0.0
  9
$USERR2
 40
0.0
  9
$USERR3
 40
0.0
  9
$USERR4
 40
0.0
  9
$USERR5
 40
0.0
  9
$WORLDVIEW
 70
     1
  9
$SHADEDGE
 70
     3
  9
$SHADEDIF
 70
    70
  9
$TILEMODE
 70
     1
  9
$MAXACTVP
 70
    64
  9
$PINSBASE
 10
0.0
 20
0.0
 30
0.0
  9
$PLIMCHECK
 70
     0
  9
$PEXTMIN
 10
432.3222985471292
 20
288.7170448090456
 30
0.0
  9
$PEXTMAX
 10
767.6560785734446
 20
573.2439418644871
 30
0.0
  9
$PLIMMIN
 10
398.8085542786616
 20
288.7170448090456
  9
$PLIMMAX
 10
801.1698228419122
 20
573.2439418644871
  9
$UNITMODE
 70
     0
  9
$VISRETAIN
 70
     1
  9
$PLINEGEN
 70
     0
  9
$PSLTSCALE
 70
     1
  9
$TREEDEPTH
 70
  3020
  9
$CMLSTYLE
  2
Standard
  9
$CMLJUST
 70
     0
  9
$CMLSCALE
 40
20.0
  9
$PROXYGRAPHICS
 70
     1
  9
$MEASUREMENT
 70
     1
  9
$CELWEIGHT
370
    -1
  9
$ENDCAPS
280
     0
  9
$JOINSTYLE
280
     0
  9
$LWDISPLAY
290
     0
  9
$INSUNITS
 70
     4
  9
$HYPERLINKBASE
  1

  9
$STYLESHEET
  1

  9
$XEDIT
290
     1
  9
$CEPSNTYPE
380
     0
  9
$PSTYLEMODE
290
     1
  9
$FINGERPRINTGUID
  2
{77B86E88-C980-2548-A303-B890236C3151}
  9
$VERSIONGUID
  2
{78A3C6D2-9BB8-8246-9C0A-A2DF6DCB91D7}
  9
$EXTNAMES
290
     1
  9
$PSVPSCALE
 40
0.0
  9
$OLESTARTUP
290
     0
  9
$SORTENTS
280
   127
  9
$INDEXCTL
280
     0
  9
$HIDETEXT
280
     1
  9
$XCLIPFRAME
280
     2
  9
$HALOGAP
280
     0
  9
$OBSCOLOR
 70
   257
  9
$OBSLTYPE
280
     0
  9
$INTERSECTIONDISPLAY
280
     0
  9
$INTERSECTIONCOLOR
 70
   257
  9
$DIMASSOC
280
     2
  9
$PROJECTNAME
  1

  9
$CAMERADISPLAY
290
     0
  9
$LENSLENGTH
 40
50.0
  9
$CAMERAHEIGHT
 40
0.0
  9
$STEPSPERSEC
 40
2.0
  9
$STEPSIZE
 40
6.0
  9
$3DDWFPREC
 40
2.0
  9
$PSOLWIDTH
 40
5.0
  9
$PSOLHEIGHT
 40
80.0
  9
$LOFTANG1
 40
1.570796326794896
  9
$LOFTANG2
 40
1.570796326794896
  9
$LOFTMAG1
 40
0.0
  9
$LOFTMAG2
 40
0.0
  9
$LOFTPARAM
 70
     7
  9
$LOFTNORMALS
280
     1
  9
$LATITUDE
 40
37.795
  9
$LONGITUDE
 40
-122.394
  9
$NORTHDIRECTION
 40
0.0
  9
$TIMEZONE
 70
 -8000
  9
$LIGHTGLYPHDISPLAY
280
     1
  9
$TILEMODELIGHTSYNCH
280
     1
  9
$CMATERIAL
347
EC
  9
$SOLIDHIST
280
     0
  9
$SHOWHIST
280
     1
  9
$DWFFRAME
280
     2
  9
$DGNFRAME
280
     0
  9
$REALWORLDSCALE
290
     1
  9
$INTERFERECOLOR
 62
     1
  9
$INTERFEREOBJVS
345
F9
  9
$INTERFEREVPVS
346
F6
  9
$CSHADOW
280
     0
  9
$SHADOWPLANELOCATION
 40
0.0
  0
ENDSEC
  0
SECTION
  2
CLASSES
  0
CLASS
  1
ACDBDICTIONARYWDFLT
  2
AcDbDictionaryWithDefault
  3
ObjectDBX Classes
 90
        0
 91
        1
280
     0
281
     0
  0
CLASS
  1
ACDBPLACEHOLDER
  2
AcDbPlaceHolder
  3
ObjectDBX Classes
 90
        0
 91
        1
280
     0
281
     0
  0
CLASS
  1
LAYOUT
  2
AcDbLayout
  3
ObjectDBX Classes
 90
        0
 91
        3
280
     0
281
     0
  0
CLASS
  1
DICTIONARYVAR
  2
AcDbDictionaryVar
  3
ObjectDBX Classes
 90
        0
 91
       26
280
     0
281
     0
  0
CLASS
  1
TABLESTYLE
  2
AcDbTableStyle
  3
ObjectDBX Classes
 90
     4095
 91
        1
280
     0
281
     0
  0
CLASS
  1
MATERIAL
  2
AcDbMaterial
  3
ObjectDBX Classes
 90
     1153
 91
        3
280
     0
281
     0
  0
CLASS
  1
VISUALSTYLE
  2
AcDbVisualStyle
  3
ObjectDBX Classes
 90
     4095
 91
       24
280
     0
281
     0
  0
CLASS
  1
SCALE
  2
AcDbScale
  3
ObjectDBX Classes
 90
     1153
 91
       18
280
     0
281
     0
  0
CLASS
  1
MLEADERSTYLE
  2
AcDbMLeaderStyle
  3
ACDB_MLEADERSTYLE_CLASS
 90
     4095
 91
        2
280
     0
281
     0
  0
CLASS
  1
CELLSTYLEMAP
  2
AcDbCellStyleMap
  3
ObjectDBX Classes
 90
     1152
 91
        1
280
     0
281
     0
  0
CLASS
  1
EXACXREFPANELOBJECT
  2
ExAcXREFPanelObject
  3
EXAC_ESW
 90
     1025
 91
        0
280
     0
281
     0
  0
CLASS
  1
NPOCOLLECTION
  2
AcDbImpNonPersistentObjectsCollection
  3
ObjectDBX Classes
 90
     1153
 91
        0
280
     0
281
     0
  0
CLASS
  1
LAYER_INDEX
  2
AcDbLayerIndex
  3
ObjectDBX Classes
 90
        0
 91
        0
280
     0
281
     0
  0
CLASS
  1
SPATIAL_INDEX
  2
AcDbSpatialIndex
  3
ObjectDBX Classes
 90
        0
 91
        0
280
     0
281
     0
  0
CLASS
  1
IDBUFFER
  2
AcDbIdBuffer
  3
ObjectDBX Classes
 90
        0
 91
        0
280
     0
281
     0
  0
CLASS
  1
ACDBSECTIONVIEWSTYLE
  2
AcDbSectionViewStyle
  3
ObjectDBX Classes
 90
     1025
 91
        2
280
     0
281
     0
  0
CLASS
  1
ACDBDETAILVIEWSTYLE
  2
AcDbDetailViewStyle
  3
ObjectDBX Classes
 90
     1025
 91
        2
280
     0
281
     0
  0
CLASS
  1
SORTENTSTABLE
  2
AcDbSortentsTable
  3
ObjectDBX Classes
 90
        0
 91
        1
280
     0
281
     0
  0
CLASS
  1
DIMASSOC
  2
AcDbDimAssoc
  3
"AcDbDimAssoc|Product Desc:     AcDim ARX App For Dimension|Company:          Autodesk, Inc.|WEB Address:      www.autodesk.com"
 90
        0
 91
        0
280
     0
281
     0
  0
CLASS
  1
RAPIDRTRENDERSETTINGS
  2
AcDbRapidRTRenderSettings
  3
ObjectDBX Classes
 90
     1024
 91
        6
280
     0
281
     0
  0
ENDSEC
  0
SECTION
  2
TABLES
  0
TABLE
  2
VPORT
  5
8
330
0
100
AcDbSymbolTable
 70
     1
  0
VPORT
  5
EA
330
8
100
AcDbSymbolTableRecord
100
AcDbViewportTableRecord
  2
*Active
 70
     0
 10
0.0
 20
0.0
 11
1.0
 21
1.0
 12
81412.52081515725
 22
41074.97329453024
 13
0.0
 23
0.0
 14
10.0
 24
10.0
 15
10.0
 25
10.0
 16
0.0
 26
0.0
 36
1.0
 17
0.0
 27
0.0
 37
0.0
 40
72335.13332357656
 41
2.190854870775348
 42
50.0
 43
0.0
 44
0.0
 50
0.0
 51
0.0
 71
     0
 72
  1000
 73
     1
 74
     3
 75
     0
 76
     1
 77
     0
 78
     0
281
     0
 65
     1
110
0.0
120
0.0
130
0.0
111
1.0
121
0.0
131
0.0
112
0.0
122
1.0
132
0.0
 79
     0
146
0.0
348
F5
 60
     3
 61
     5
292
     1
282
     1
141
0.0
142
0.0
 63
   250
421
  3355443
1001
ACAD_NAV_VCDISPLAY
1070
     3
  0
ENDTAB
  0
TABLE
  2
LTYPE
  5
5
330
0
100
AcDbSymbolTable
 70
     6
  0
LTYPE
  5
14
330
5
100
AcDbSymbolTableRecord
100
AcDbLinetypeTableRecord
  2
ByBlock
 70
     0
  3

 72
    65
 73
     0
 40
0.0
  0
LTYPE
  5
15
330
5
100
AcDbSymbolTableRecord
100
AcDbLinetypeTableRecord
  2
ByLayer
 70
     0
  3

 72
    65
 73
     0
 40
0.0
  0
LTYPE
  5
16
330
5
100
AcDbSymbolTableRecord
100
AcDbLinetypeTableRecord
  2
Continuous
 70
     0
  3
Solid line
 72
    65
 73
     0
 40
0.0
  0
LTYPE
  5
635
330
5
100
AcDbSymbolTableRecord
100
AcDbLinetypeTableRecord
  2
HIDDEN2
 70
     0
  3
Hidden2 _ _ _ _ _ _ _ _ _ _ _ _ _ _ _ _ _ 
 72
    65
 73
     2
 40
0.1875
 49
0.125
 74
     4
 75
     0
340
0
 46
0.0
 50
0.0
 44
0.0
 45
0.0
 49
-0.0625
 74
     4
 75
     0
340
0
 46
0.0
 50
0.0
 44
0.0
 45
0.0
  0
LTYPE
  5
636
330
5
100
AcDbSymbolTableRecord
100
AcDbLinetypeTableRecord
  2
CENTER2
 70
     0
  3
Center2  ___ _ ___ _ ___ _ ___ _ ___ _ ___
 72
    65
 73
     4
 40
1.125
 49
0.75
 74
     4
 75
     0
340
0
 46
0.0
 50
0.0
 44
0.0
 45
0.0
 49
-0.125
 74
     4
 75
     0
340
0
 46
0.0
 50
0.0
 44
0.0
 45
0.0
 49
0.125
 74
     4
 75
     0
340
0
 46
0.0
 50
0.0
 44
0.0
 45
0.0
 49
-0.125
 74
     4
 75
     0
340
0
 46
0.0
 50
0.0
 44
0.0
 45
0.0
  0
LTYPE
  5
637
330
5
100
AcDbSymbolTableRecord
100
AcDbLinetypeTableRecord
  2
Overhead
 70
     0
  3

 72
    65
 73
     2
 40
3.96875
 49
2.38125
 74
     0
 49
-1.587499999999999
 74
     0
  0
LTYPE
  5
638
330
5
100
AcDbSymbolTableRecord
100
AcDbLinetypeTableRecord
  2
HIDDEN
 70
     0
  3
Hidden __ __ __ __ __ __ __ __ __ __ __ __ __ __
 72
    65
 73
     2
 40
0.375
 49
0.25
 74
     4
 75
     0
340
0
 46
0.0
 50
0.0
 44
0.0
 45
0.0
 49
-0.125
 74
     4
 75
     0
340
0
 46
0.0
 50
0.0
 44
0.0
 45
0.0
  0
ENDTAB
  0
TABLE
  2
LAYER
  5
2
102
{ACAD_XDICTIONARY
360
1FF
102
}
330
0
100
AcDbSymbolTable
 70
    31
  0
LAYER
  5
10
102
{ACAD_XDICTIONARY
360
13C
102
}
330
2
100
AcDbSymbolTableRecord
100
AcDbLayerTableRecord
  2
0
 70
     0
 62
     7
  6
Continuous
370
    -3
390
F
347
EE
348
0
  0
LAYER
  5
639
330
2
100
AcDbSymbolTableRecord
100
AcDbLayerTableRecord
  2
Defpoints
 70
     0
 62
     7
  6
Continuous
290
     0
370
    -3
390
F
347
EE
348
0
  0
LAYER
  5
63A
102
{ACAD_XDICTIONARY
360
63B
102
}
330
2
100
AcDbSymbolTableRecord
100
AcDbLayerTableRecord
  2
Dimension Line
 70
     0
 62
     5
  6
Continuous
370
    -3
390
F
347
EE
348
0
1001
LayerCode
1071
       77
1071
       77
1071
       77
1001
AcAecLayerStandard
1000

1000

1001
AcCmTransparency
1071
        0
  0
LAYER
  5
63C
330
2
100
AcDbSymbolTableRecord
100
AcDbLayerTableRecord
  2
G-ANNO-TEXT
 70
     0
 62
   231
  6
Continuous
370
     9
390
F
347
EE
348
0
  0
LAYER
  5
63D
102
{ACAD_XDICTIONARY
360
63E
102
}
330
2
100
AcDbSymbolTableRecord
100
AcDbLayerTableRecord
  2
text
 70
     0
 62
     7
  6
Continuous
370
    -3
390
F
347
EE
348
0
  0
LAYER
  5
63F
330
2
100
AcDbSymbolTableRecord
100
AcDbLayerTableRecord
  2
S-STRS
 70
     0
 62
    31
  6
Continuous
370
     9
390
F
347
EE
348
0
  0
LAYER
  5
640
330
2
100
AcDbSymbolTableRecord
100
AcDbLayerTableRecord
  2
A-FLOR-HRAL
 70
     0
 62
    11
  6
Continuous
370
     9
390
F
347
EE
348
0
  0
LAYER
  5
641
330
2
100
AcDbSymbolTableRecord
100
AcDbLayerTableRecord
  2
S-GRID-IDEN
 70
     0
 62
     1
  6
Continuous
370
     9
390
F
347
EE
348
0
  0
LAYER
  5
642
330
2
100
AcDbSymbolTableRecord
100
AcDbLayerTableRecord
  2
S-STRS-ANNO
 70
     0
 62
    31
  6
Continuous
370
     9
390
F
347
EE
348
0
  0
LAYER
  5
643
102
{ACAD_XDICTIONARY
360
644
102
}
330
2
100
AcDbSymbolTableRecord
100
AcDbLayerTableRecord
  2
Beam Line
 70
     0
 62
     2
  6
HIDDEN2
370
    -3
390
F
347
EE
348
0
1001
LayerCode
1071
       32
  0
LAYER
  5
645
102
{ACAD_XDICTIONARY
360
646
102
}
330
2
100
AcDbSymbolTableRecord
100
AcDbLayerTableRecord
  2
Slab Label
 70
     0
 62
     5
  6
Continuous
370
    -3
390
F
347
EE
348
0
1001
LayerCode
1071
       44
1071
       44
1071
       44
1071
       44
1071
       44
1071
       44
1071
       44
1071
       44
1071
       44
1071
       44
1071
       44
1071
       44
  0
LAYER
  5
647
102
{ACAD_XDICTIONARY
360
648
102
}
330
2
100
AcDbSymbolTableRecord
100
AcDbLayerTableRecord
  2
beam name
 70
     0
 62
     7
  6
Continuous
370
    -3
390
F
347
EE
348
0
1001
AcAecLayerStandard
1000

1000

1001
AcCmTransparency
1071
        0
  0
LAYER
  5
649
330
2
100
AcDbSymbolTableRecord
100
AcDbLayerTableRecord
  2
Axis Line(Dir 1)
 70
     0
 62
     8
  6
CENTER2
370
    -3
390
F
347
EE
348
0
1001
LayerCode
1071
        1
1001
AcAecLayerStandard
1000

1000

1001
AcCmTransparency
1071
        0
  0
LAYER
  5
64A
330
2
100
AcDbSymbolTableRecord
100
AcDbLayerTableRecord
  2
Column Label
 70
     0
 62
   149
420
  3490383
  6
Continuous
370
    -3
390
F
347
EE
348
0
1001
LayerCode
1071
       10
1001
AcAecLayerStandard
1000

1000

1001
AcCmTransparency
1071
        0
  0
LAYER
  5
64B
330
2
100
AcDbSymbolTableRecord
100
AcDbLayerTableRecord
  2
Column Line
 70
     0
 62
     7
  6
Continuous
370
    -3
390
F
347
EE
348
0
1001
LayerCode
1071
        8
1001
AcAecLayerStandard
1000

1000

1001
AcCmTransparency
1071
        0
  0
LAYER
  5
64C
330
2
100
AcDbSymbolTableRecord
100
AcDbLayerTableRecord
  2
Slab Edge Line
 70
     0
 62
     5
  6
Continuous
370
    -3
390
F
347
EE
348
0
1001
LayerCode
1071
       42
1001
AcAecLayerStandard
1000

1000

1001
AcCmTransparency
1071
        0
  0
LAYER
  5
64D
330
2
100
AcDbSymbolTableRecord
100
AcDbLayerTableRecord
  2
CALLOUT TEXT
 70
     0
 62
     7
  6
Continuous
370
    15
390
F
347
EE
348
0
1001
AcAecLayerStandard
1000

1000

1001
AcCmTransparency
1071
        0
  0
LAYER
  5
64E
330
2
100
AcDbSymbolTableRecord
100
AcDbLayerTableRecord
  2
A-ROOF-PATT
 70
     0
 62
     8
  6
Continuous
370
     9
390
F
347
EE
348
0
  0
LAYER
  5
64F
330
2
100
AcDbSymbolTableRecord
100
AcDbLayerTableRecord
  2
A-FLOR
 70
     0
 62
   192
  6
Continuous
370
     9
390
F
347
EE
348
0
  0
LAYER
  5
650
102
{ACAD_XDICTIONARY
360
651
102
}
330
2
100
AcDbSymbolTableRecord
100
AcDbLayerTableRecord
  2
Column Hatch
 70
     0
 62
   254
420
 15258811
  6
Continuous
370
    -3
390
F
347
EE
348
0
1001
LayerCode
1071
        9
1071
        9
1071
        9
1001
AcAecLayerStandard
1000

1000

1001
AcCmTransparency
1071
        0
  0
LAYER
  5
652
330
2
100
AcDbSymbolTableRecord
100
AcDbLayerTableRecord
  2
beam
 70
     0
 62
     2
  6
Continuous
370
     9
390
F
347
EE
348
0
1001
AcAecLayerStandard
1000

1000

1001
AcCmTransparency
1071
        0
  0
LAYER
  5
1D10
330
2
100
AcDbSymbolTableRecord
100
AcDbLayerTableRecord
  2
F.F BEAMS
 70
     2
 62
     7
  6
Continuous
370
    -3
390
F
347
EE
348
0
1001
AcAecLayerStandard
1000

1000

1001
AcCmTransparency
1071
        0
  0
LAYER
  5
1D11
330
2
100
AcDbSymbolTableRecord
100
AcDbLayerTableRecord
  2
S.F BEAMS
 70
     2
 62
     7
  6
Continuous
370
    -3
390
F
347
EE
348
0
1001
AcAecLayerStandard
1000

1000

1001
AcCmTransparency
1071
        0
  0
LAYER
  5
1D12
330
2
100
AcDbSymbolTableRecord
100
AcDbLayerTableRecord
  2
R. BEAMS
 70
     2
 62
     7
  6
Continuous
370
    -3
390
F
347
EE
348
0
1001
AcAecLayerStandard
1000

1000

1001
AcCmTransparency
1071
        0
  0
LAYER
  5
1D13
330
2
100
AcDbSymbolTableRecord
100
AcDbLayerTableRecord
  2
Layer1
 70
     2
 62
     7
  6
Continuous
370
    -3
390
F
347
EE
348
0
1001
AcAecLayerStandard
1000

1000

1001
AcCmTransparency
1071
        0
  0
LAYER
  5
1D15
330
2
100
AcDbSymbolTableRecord
100
AcDbLayerTableRecord
  2
COLUMN 2-R
 70
     2
 62
     2
  6
Continuous
370
     9
390
F
347
EE
348
0
1001
AcAecLayerStandard
1000

1000

1001
AcCmTransparency
1071
        0
  0
LAYER
  5
1D16
330
2
100
AcDbSymbolTableRecord
100
AcDbLayerTableRecord
  2
COLUMN G-1
 70
     2
 62
     2
  6
Continuous
370
     9
390
F
347
EE
348
0
1001
AcAecLayerStandard
1000

1000

1001
AcCmTransparency
1071
        0
  0
LAYER
  5
1D17
330
2
100
AcDbSymbolTableRecord
100
AcDbLayerTableRecord
  2
COLUMN 1-2
 70
     2
 62
     2
  6
Continuous
370
     9
390
F
347
EE
348
0
1001
AcAecLayerStandard
1000

1000

1001
AcCmTransparency
1071
        0
  0
LAYER
  5
2F17
330
2
100
AcDbSymbolTableRecord
100
AcDbLayerTableRecord
  2
GRIDLINES
 70
     2
 62
   254
420
 15258811
  6
Continuous
370
    -3
390
F
347
EE
348
0
1001
AcAecLayerStandard
1000

1000

1001
AcCmTransparency
1071
        0
  0
LAYER
  5
2F18
330
2
100
AcDbSymbolTableRecord
100
AcDbLayerTableRecord
  2
GRID NAME
 70
     2
 62
   254
420
 15258811
  6
Continuous
370
    -3
390
F
347
EE
348
0
1001
AcAecLayerStandard
1000

1000

1001
AcCmTransparency
1071
        0
  0
LAYER
  5
2F43
330
2
100
AcDbSymbolTableRecord
100
AcDbLayerTableRecord
  2
Beams
 70
     2
 62
     2
  6
Continuous
370
    -3
390
F
347
EE
348
0
1001
AcAecLayerStandard
1000

1000

1001
AcCmTransparency
1071
        0
  0
ENDTAB
  0
TABLE
  2
STYLE
  5
3
330
0
100
AcDbSymbolTable
 70
    17
  0
STYLE
  5
11
330
3
100
AcDbSymbolTableRecord
100
AcDbTextStyleTableRecord
  2
Standard
 70
     0
 40
0.0
 41
1.0
 50
0.0
 71
     0
 42
2.5
  3
arial.ttf
  4

1001
ACAD
1000
Arial
1071
       34
  0
STYLE
  5
132
330
3
100
AcDbSymbolTableRecord
100
AcDbTextStyleTableRecord
  2
Annotative
 70
     0
 40
0.0
 41
1.0
 50
0.0
 71
     0
 42
2.5
  3
arial.ttf
  4

1001
AcadAnnotative
1000
AnnotativeData
1002
{
1070
     1
1070
     1
1002
}
1001
ACAD
1000
Arial
1071
       34
  0
STYLE
  5
653
330
3
100
AcDbSymbolTableRecord
100
AcDbTextStyleTableRecord
  2
Arial
 70
     0
 40
350.0
 41
1.0
 50
0.0
 71
     0
 42
0.2
  3
arial.ttf
  4

1001
ACAD
1000
Arial
1071
       34
  0
STYLE
  5
654
330
3
100
AcDbSymbolTableRecord
100
AcDbTextStyleTableRecord
  2
Dimension Text
 70
     0
 40
100.0
 41
1.0
 50
0.0
 71
     0
 42
2.5
  3
ARIALN.TTF
  4

1001
LayerCode
1071
       78
1071
       78
1071
       78
1001
ACAD
1000
Arial Narrow
1071
        0
  0
STYLE
  5
655
330
3
100
AcDbSymbolTableRecord
100
AcDbTextStyleTableRecord
  2
Axis Label(Dir 1)
 70
     0
 40
250.0
 41
1.0
 50
0.0
 71
     0
 42
2.5
  3
ARIALNB.TTF
  4

1001
LayerCode
1071
        3
1001
ACAD
1000
Arial Narrow
1071
 33554432
  0
STYLE
  5
656
330
3
100
AcDbSymbolTableRecord
100
AcDbTextStyleTableRecord
  2
DIMENSION
 70
     0
 40
125.0
 41
0.6
 50
0.0
 71
     0
 42
2.25
  3
romans.shx
  4

  0
STYLE
  5
657
330
3
100
AcDbSymbolTableRecord
100
AcDbTextStyleTableRecord
  2
dim
 70
     0
 40
0.0
 41
0.8
 50
0.0
 71
     0
 42
2.25
  3
simplex.shx
  4

  0
STYLE
  5
658
330
3
100
AcDbSymbolTableRecord
100
AcDbTextStyleTableRecord
  2
Arial_B
 70
     0
 40
154.7619047619047
 41
1.0
 50
0.0
 71
     0
 42
0.2
  3
arialbd.ttf
  4

1001
ACAD
1000
Arial
1071
 33554466
  0
STYLE
  5
659
330
3
100
AcDbSymbolTableRecord
100
AcDbTextStyleTableRecord
  2
Arial_1
 70
     0
 40
674.999999999999
 41
1.0
 50
0.0
 71
     0
 42
0.2
  3
arial.ttf
  4

1001
ACAD
1000
Arial
1071
       34
  0
STYLE
  5
65A
330
3
100
AcDbSymbolTableRecord
100
AcDbTextStyleTableRecord
  2
Beam Label
 70
     0
 40
100.0
 41
1.0
 50
0.0
 71
     0
 42
2.5
  3
ARIALN.TTF
  4

1001
LayerCode
1071
       34
1001
ACAD
1000
Arial Narrow
1071
        0
  0
STYLE
  5
65B
330
3
100
AcDbSymbolTableRecord
100
AcDbTextStyleTableRecord
  2
Axis Label(Dir 2)
 70
     0
 40
250.0
 41
1.0
 50
0.0
 71
     0
 42
2.5
  3
ARIALNB.TTF
  4

1001
LayerCode
1071
        4
1001
ACAD
1000
Arial Narrow
1071
 33554432
  0
STYLE
  5
65C
330
3
100
AcDbSymbolTableRecord
100
AcDbTextStyleTableRecord
  2
Column Label
 70
     0
 40
100.0
 41
1.0
 50
0.0
 71
     0
 42
2.5
  3
ARIALN.TTF
  4

1001
LayerCode
1071
       10
1001
ACAD
1000
Arial Narrow
1071
        0
  0
STYLE
  5
65D
330
3
100
AcDbSymbolTableRecord
100
AcDbTextStyleTableRecord
  2
TEXT
 70
     0
 40
225.0
 41
1.0
 50
0.0
 71
     0
 42
225.0
  3
bgothl.ttf
  4

1001
ACAD
1000
BankGothic Lt BT
1071
       34
  0
STYLE
  5
65E
330
3
100
AcDbSymbolTableRecord
100
AcDbTextStyleTableRecord
  2
Trebuchet MS_2
 70
     0
 40
225.0
 41
0.8
 50
0.0
 71
     0
 42
0.2
  3
trebuc.ttf
  4

1001
ACAD
1000
Trebuchet MS
1071
       34
  0
STYLE
  5
2F44
330
3
100
AcDbSymbolTableRecord
100
AcDbTextStyleTableRecord
  2
Century Gothic_2
 70
     0
 40
225.0
 41
0.8
 50
0.0
 71
     0
 42
0.2
  3
GOTHIC.TTF
  4

1001
ACAD
1000
Century Gothic
1071
       34
  0
STYLE
  5
2F45
330
3
100
AcDbSymbolTableRecord
100
AcDbTextStyleTableRecord
  2
Stylus-Sections
 70
     0
 40
50.0
 41
1.0
 50
0.0
 71
     0
 42
200.0
  3
stylu.ttf
  4

1001
ACAD
1000
Stylus BT
1071
       34
  0
STYLE
  5
2F46
330
3
100
AcDbSymbolTableRecord
100
AcDbTextStyleTableRecord
  2
Swiss721 EX BT
 70
     0
 40
0.0
 41
0.7
 50
0.0
 71
     0
 42
80.0
  3
swisse.ttf
  4

1001
ACAD
1000
Swis721 Ex BT
1071
       34
  0
ENDTAB
  0
TABLE
  2
VIEW
  5
6
330
0
100
AcDbSymbolTable
 70
     2
  0
ENDTAB
  0
TABLE
  2
UCS
  5
7
330
0
100
AcDbSymbolTable
 70
     0
  0
ENDTAB
  0
TABLE
  2
APPID
  5
9
330
0
100
AcDbSymbolTable
 70
    18
  0
APPID
  5
12
330
9
100
AcDbSymbolTableRecord
100
AcDbRegAppTableRecord
  2
ACAD
 70
     0
  0
APPID
  5
9E
330
9
100
AcDbSymbolTableRecord
100
AcDbRegAppTableRecord
  2
ACAD_PSEXT
 70
     0
  0
APPID
  5
133
330
9
100
AcDbSymbolTableRecord
100
AcDbRegAppTableRecord
  2
AcadAnnoPO
 70
     0
  0
APPID
  5
134
330
9
100
AcDbSymbolTableRecord
100
AcDbRegAppTableRecord
  2
AcadAnnotative
 70
     0
  0
APPID
  5
135
330
9
100
AcDbSymbolTableRecord
100
AcDbRegAppTableRecord
  2
ACAD_DSTYLE_DIMJAG
 70
     0
  0
APPID
  5
136
330
9
100
AcDbSymbolTableRecord
100
AcDbRegAppTableRecord
  2
ACAD_DSTYLE_DIMTALN
 70
     0
  0
APPID
  5
165
330
9
100
AcDbSymbolTableRecord
100
AcDbRegAppTableRecord
  2
ACAD_MLEADERVER
 70
     0
  0
APPID
  5
217
330
9
100
AcDbSymbolTableRecord
100
AcDbRegAppTableRecord
  2
ACAD_NAV_VCDISPLAY
 70
     0
  0
APPID
  5
664
330
9
100
AcDbSymbolTableRecord
100
AcDbRegAppTableRecord
  2
GradientColor1ACI
 70
     0
  0
APPID
  5
665
330
9
100
AcDbSymbolTableRecord
100
AcDbRegAppTableRecord
  2
GradientColor2ACI
 70
     0
  0
APPID
  5
666
330
9
100
AcDbSymbolTableRecord
100
AcDbRegAppTableRecord
  2
LayerCode
 70
     0
  0
APPID
  5
667
330
9
100
AcDbSymbolTableRecord
100
AcDbRegAppTableRecord
  2
AcAecLayerStandard
 70
     0
  0
APPID
  5
668
330
9
100
AcDbSymbolTableRecord
100
AcDbRegAppTableRecord
  2
HATCHBACKGROUNDCOLOR
 70
     0
  0
APPID
  5
669
330
9
100
AcDbSymbolTableRecord
100
AcDbRegAppTableRecord
  2
AcCmTransparency
 70
     0
  0
APPID
  5
66A
330
9
100
AcDbSymbolTableRecord
100
AcDbRegAppTableRecord
  2
ACAD_DSTYLE_DIMBREAK
 70
     0
  0
APPID
  5
66B
330
9
100
AcDbSymbolTableRecord
100
AcDbRegAppTableRecord
  2
REVIT
 70
     0
  0
APPID
  5
66C
330
9
100
AcDbSymbolTableRecord
100
AcDbRegAppTableRecord
  2
Acad_TC
 70
     0
  0
APPID
  5
1E35
330
9
100
AcDbSymbolTableRecord
100
AcDbRegAppTableRecord
  2
ACAD_EXEMPT_FROM_CAD_STANDARDS
 70
     0
  0
ENDTAB
  0
TABLE
  2
DIMSTYLE
  5
A
330
0
100
AcDbSymbolTable
 70
    13
100
AcDbDimStyleTable
 71
     2
340
27
340
137
  0
DIMSTYLE
105
1B0
330
A
100
AcDbSymbolTableRecord
100
AcDbDimStyleTableRecord
  2
Standard
 70
     0
340
11
  0
DIMSTYLE
105
137
330
A
100
AcDbSymbolTableRecord
100
AcDbDimStyleTableRecord
  2
Annotative
 70
     0
 40
0.0
 41
2.5
 42
0.625
 43
3.75
 44
1.25
 73
     0
 74
     0
 77
     1
 78
     8
140
2.5
141
2.5
143
0.03937007874016
147
0.625
171
     3
172
     1
271
     2
272
     2
274
     3
278
    44
283
     0
284
     8
340
11
1001
AcadAnnotative
1000
AnnotativeData
1002
{
1070
     1
1070
     1
1002
}
1001
ACAD_DSTYLE_DIMJAG
1070
   388
1040
1.5
1001
ACAD_DSTYLE_DIMTALN
1070
   392
1070
     0
  0
DIMSTYLE
105
27
330
A
100
AcDbSymbolTableRecord
100
AcDbDimStyleTableRecord
  2
ISO-25
 70
     0
 41
2.5
 42
0.625
 43
3.75
 44
1.25
 73
     0
 74
     0
 77
     1
 78
     8
140
2.5
141
2.5
143
0.03937007874016
147
0.625
171
     3
172
     1
271
     2
272
     2
274
     3
278
    44
283
     0
284
     8
340
11
  0
DIMSTYLE
105
65F
330
A
100
AcDbSymbolTableRecord
100
AcDbDimStyleTableRecord
  2
BEAM
 70
     0
 41
30.0
 42
103.5
 44
48.3
 47
1.0
 48
1.0
 70
     7
 73
     0
 77
     1
 78
     8
140
100.0
147
30.0
173
     1
176
     5
177
     5
178
     5
179
     1
271
     1
340
654
343
2A4
344
2A4
  0
DIMSTYLE
105
660
330
A
100
AcDbSymbolTableRecord
100
AcDbDimStyleTableRecord
  2
efe-zzi
 70
     0
 41
75.0
 42
75.0
 44
50.0
 46
50.0
 49
75.0
 73
     0
 74
     0
 77
     1
140
225.0
141
150.0
147
75.0
176
   256
177
   256
178
   256
271
     0
272
     0
279
     1
340
657
341
2AB
342
2AB
1001
ACAD_DSTYLE_DIMBREAK
1070
   391
1040
50.0
1001
ACAD_DSTYLE_DIMJAG
1070
   388
1040
1.5
1001
ACAD_DSTYLE_DIMTALN
1070
   392
1070
     0
  0
DIMSTYLE
105
661
330
A
100
AcDbSymbolTableRecord
100
AcDbDimStyleTableRecord
  2
50a
 70
     0
 41
60.0
 42
50.0
 43
3.75
 44
50.0
 46
50.0
 73
     0
 74
     0
 77
     1
 78
     8
140
125.0
141
2.5
143
0.03937007874016
147
20.0
171
     3
172
     1
176
   256
177
   256
178
     7
271
     0
272
     0
274
     3
278
    44
283
     0
284
     8
340
11
342
2AB
345
15
346
15
347
15
371
    -1
372
    -1
1001
ACAD_DSTYLE_DIMBREAK
1070
   391
1040
3.75
1001
ACAD_DSTYLE_DIMJAG
1070
   388
1040
1.5
1001
ACAD_DSTYLE_DIMTALN
1070
   392
1070
     0
  0
DIMSTYLE
105
662
330
A
100
AcDbSymbolTableRecord
100
AcDbDimStyleTableRecord
  2
D50
 70
     0
  4
'
 41
50.0
 42
50.0
 43
50.0
 44
75.0
 46
75.0
 49
30.0
 73
     0
 74
     0
 77
     1
 78
     8
140
87.5
141
100.0
143
3.280839999999998
147
30.0
172
     1
174
     1
176
   250
177
   250
178
     7
271
     0
272
     0
273
     8
340
656
342
2AB
345
16
346
16
347
16
371
     5
372
     5
1001
ACAD_DSTYLE_DIMBREAK
1070
   391
1040
0.125
1001
ACAD_DSTYLE_DIMJAG
1070
   388
1040
1.5
1001
ACAD_DSTYLE_DIMTALN
1070
   392
1070
     0
  0
DIMSTYLE
105
663
330
A
100
AcDbSymbolTableRecord
100
AcDbDimStyleTableRecord
  2
Linear_-_2_25mm_Trebuchet_MS
 70
     0
  3
<>
 40
304.8
 41
0.3280839895013123
 42
0.4921259842519685
 44
0.4921259842519685
 46
0.3280839895013123
 73
     0
 74
     0
 77
     1
 90
        2
140
231.9639539780046
145
1.0
147
0.0984251968503937
172
     1
173
     1
174
     1
179
     2
271
     0
340
65E
343
2A0
344
2A0
  0
DIMSTYLE
105
2F47
330
A
100
AcDbSymbolTableRecord
100
AcDbDimStyleTableRecord
  2
Linear_-_2_25mm_Trebuchet_MS_1
 70
     0
  3
<>
 40
304.8
 41
0.2460629921259842
 42
0.3690944881889763
 44
0.3690944881889763
 46
0.2460629921259842
 73
     0
 74
     0
 77
     1
 90
        2
140
234.9378606864433
145
1.0
147
0.0738188976377953
172
     1
173
     1
174
     1
179
     2
271
     0
279
     1
288
     1
340
2F44
343
2A0
344
2A0
  0
DIMSTYLE
105
2F48
330
A
100
AcDbSymbolTableRecord
100
AcDbDimStyleTableRecord
  2
D200
 70
     0
 41
100.0
 42
100.0
 43
100.0
 44
150.0
 46
150.0
 73
     0
 74
     0
 77
     1
 78
     8
140
275.0
141
100.0
143
0.03937007874016
147
30.0
171
     3
172
     1
176
   250
177
   250
178
     7
271
     0
272
     0
274
     3
278
    44
283
     0
284
     8
340
656
342
2AB
345
16
346
16
347
16
371
     5
372
     5
1001
ACAD_DSTYLE_DIMBREAK
1070
   391
1040
0.125
1001
ACAD_DSTYLE_DIMJAG
1070
   388
1040
1.5
1001
ACAD_DSTYLE_DIMTALN
1070
   392
1070
     0
  0
DIMSTYLE
105
2F49
330
A
100
AcDbSymbolTableRecord
100
AcDbDimStyleTableRecord
  2
Stylus-Section
 70
     0
 41
75.0
 42
5.0
 43
100.0
 44
50.0
 46
100.0
 73
     0
 74
     0
 77
     1
140
50.0
147
30.0
176
   250
177
   250
178
     7
271
     0
272
     0
340
2F45
341
2AB
371
    -1
372
    -1
1001
ACAD_DSTYLE_DIMBREAK
1070
   391
1040
3.75
1001
ACAD_DSTYLE_DIMJAG
1070
   388
1040
1.5
1001
ACAD_DSTYLE_DIMTALN
1070
   392
1070
     0
  0
DIMSTYLE
105
2F4A
330
A
100
AcDbSymbolTableRecord
100
AcDbDimStyleTableRecord
  2
1-40-2
 70
     0
 40
40.0
 41
1.199999999999999
 42
0.0
 43
0.3
 44
0.0
 73
     0
 74
     0
 77
     1
140
2.0
141
0.0
147
1.0
176
     7
177
     7
178
     7
179
     1
271
     1
272
     1
340
2F46
341
2AB
342
2AB
345
16
346
16
347
16
1001
ACAD_DSTYLE_DIMJAG
1070
   388
1040
1.5
1001
ACAD_DSTYLE_DIMTALN
1070
   392
1070
     0
  0
ENDTAB
  0
TABLE
  2
BLOCK_RECORD
  5
1
330
0
100
AcDbSymbolTable
 70
     8
  0
BLOCK_RECORD
  5
1F
102
{ACAD_XDICTIONARY
360
1CE
102
}
330
1
100
AcDbSymbolTableRecord
100
AcDbBlockTableRecord
  2
*Model_Space
340
22
 70
     0
280
     1
281
     0
  0
BLOCK_RECORD
  5
D2
330
1
100
AcDbSymbolTableRecord
100
AcDbBlockTableRecord
  2
*Paper_Space
340
D3
 70
     0
280
     1
281
     0
  0
BLOCK_RECORD
  5
D6
330
1
100
AcDbSymbolTableRecord
100
AcDbBlockTableRecord
  2
*Paper_Space0
340
D7
 70
     0
280
     1
281
     0
  0
BLOCK_RECORD
  5
2A0
330
1
100
AcDbSymbolTableRecord
100
AcDbBlockTableRecord
  2
_Oblique
340
0
 70
     0
280
     1
281
     0
  0
BLOCK_RECORD
  5
2A4
102
{ACAD_XDICTIONARY
360
2A5
102
}
330
1
100
AcDbSymbolTableRecord
100
AcDbBlockTableRecord
  2
PCDIM_TICK
340
0
 70
     0
280
     1
281
     0
  0
BLOCK_RECORD
  5
2AB
330
1
100
AcDbSymbolTableRecord
100
AcDbBlockTableRecord
  2
_ArchTick
340
0
310
2800000020000000200000000100080000000000000400000000000000000000000000000000000000000000000080000080000000808000800000008000800080800000C0C0C000C0DCC000F0CAA6000020400000206000002080000020A0000020C0000020E00000400000004020000040400000406000004080000040A0
310
000040C0000040E00000600000006020000060400000606000006080000060A0000060C0000060E00000800000008020000080400000806000008080000080A0000080C0000080E00000A0000000A0200000A0400000A0600000A0800000A0A00000A0C00000A0E00000C0000000C0200000C0400000C0600000C0800000C0
310
A00000C0C00000C0E00000E0000000E0200000E0400000E0600000E0800000E0A00000E0C00000E0E00040000000400020004000400040006000400080004000A0004000C0004000E00040200000402020004020400040206000402080004020A0004020C0004020E000404000004040200040404000404060004040800040
310
40A0004040C0004040E00040600000406020004060400040606000406080004060A0004060C0004060E00040800000408020004080400040806000408080004080A0004080C0004080E00040A0000040A0200040A0400040A0600040A0800040A0A00040A0C00040A0E00040C0000040C0200040C0400040C0600040C08000
310
40C0A00040C0C00040C0E00040E0000040E0200040E0400040E0600040E0800040E0A00040E0C00040E0E00080000000800020008000400080006000800080008000A0008000C0008000E00080200000802020008020400080206000802080008020A0008020C0008020E00080400000804020008040400080406000804080
310
008040A0008040C0008040E00080600000806020008060400080606000806080008060A0008060C0008060E00080800000808020008080400080806000808080008080A0008080C0008080E00080A0000080A0200080A0400080A0600080A0800080A0A00080A0C00080A0E00080C0000080C0200080C0400080C0600080C0
310
800080C0A00080C0C00080C0E00080E0000080E0200080E0400080E0600080E0800080E0A00080E0C00080E0E000C0000000C0002000C0004000C0006000C0008000C000A000C000C000C000E000C0200000C0202000C0204000C0206000C0208000C020A000C020C000C020E000C0400000C0402000C0404000C0406000C0
310
408000C040A000C040C000C040E000C0600000C0602000C0604000C0606000C0608000C060A000C060C000C060E000C0800000C0802000C0804000C0806000C0808000C080A000C080C000C080E000C0A00000C0A02000C0A04000C0A06000C0A08000C0A0A000C0A0C000C0A0E000C0C00000C0C02000C0C04000C0C06000
310
C0C08000C0C0A000F0FBFF00A4A0A000808080000000FF0000FF000000FFFF00FF000000FF00FF00FFFF0000FFFFFF00FFFFFFFFFFFFFFFFFFFFFFFFFFFFFFFFFFFFFFFFFFFFFFFFFFFFFFFFFFFFFFFFFFFFFFFFFFFFFFFFFFFFFFFFFFFFFFFFFFFFFFFFFFFFFFFFFFFFFFFFFFFFFFFFFFFFFFFFFFFFFFFFFFFFFFFFFFFFFF
310
FFFFFFFFFFFFFFFFFFFFFFFFFFFFFFFFFFFFFFFFFFFFFFFFFFFFFFFFFFFFFFFFFFFFFFFFFFFFFFFFFFFFFFFFFFFFFFFFFFFFFFFFFFFFFFFFFFFFFFFFFFFFFFFFFFFFFFFFFFFFFFFFFFFFFFFFFFFFFFFFFFFFFFFFFFFFFFFFFFFFFFFFFFFFFFFFFFFFFFFFFFFFFFFFFFFFFFFFFFFFFFFFFFFFFFFFFFFFFFFFFFFFFFFFFFFFFF
310
FFFFFFFFFFFFFFFFFFFFFFFFFFFFFFFFFFFFFFFFFFFFFFFFFFFFFFFFFFFFFFFFFFFFFFFFFFFFFFFFFFFFFFFFFFFFFFFFFFFFFFFFFFFFFFFFFFFFFFFFFFFFFFFFFFFFFFFFFFFFFFFFFFFFFFFFFFFFFFFFFFFFFFFFFFFFFFFFFFFFFFFFFFFFFFFFFFFFFFFFFFFFFFFFFFFFFFFFFFFFFFFFFFFFFFFFFFFFFFFFFFFFFFFFFFFFFF
310
FFFFFFFFFFFFFFFFFFFFFFFFFFFFFFFFFFFFFFFFFFFFFFFFFFFFFFFFFFFFFFFFFFFFFFFFFFFFFFFFFFFFFFFFFFFFFFFFFFFFFFFFFFFFFFFFFFFFFFFFFFFFFFFFFFFFFFFFFFFFFFFFFFFFFFFFFFFFFFFFFFFFFFFFFFFFFFFFFFFFFFFFFFFFFFFFFFFFFFFFFFFFFFFFFFFFFFFFFFFFFFFFFFFFFFFFFFFFFFFFFFFFFFFFFFFFFF
310
FFFFFFFFFFFFFFFFFFFFFFFFFFFFFFFFFFFFFFFFFFFFFFFFFFFFFFFFFFFFFFFFFFFFFFFFFFFFFFFFFFFFFFFFFFFFFFFFFFFFFFFFFFFFFFFFFFFFFFFFFFFFFFFFFFFFFFFFFFFFFFFFFFFFFFFFFFFFFFFFFFFFFFFFFFFFFFFFFFFFFFFFFFFFFFFFFFFFFFFFFFFFFFFFFFFFFFFFFFFFFFFFFFFFFFFFFFFFFFFFFFFFFFFFFFFFFF
310
FFFFFFFFFFFFFFFFFFFFFFFFFFFFFFFFFFFFFFFFFFFFFFFFFFFFFFFFFFFFFFFFFFFFFFFFFFFFFFFFFFFFFFFFFFFFFFFFFFFFFFFFFFFFFFFFFFFFFFFFFFFFFFFFFFFFFFFFFFFFFFFFFFFFFFFFFFFFFFFFFFFFFFFFFFFFFFFFFFFFFFFFFFFFFFFFFFFFFFFFFFFFFFFFFFFFFFFFFFFFFFFFFFFFFFFFFFFFFFFFFFFFFFFFFFFFFF
310
FFFFFFFFFFFFFFFFFFFFFFFFFFFFFFFFFFFFFFFFFFFFFFFFFFFFFFFFFFFFFFFFFFFFFFFFFFFFFFFFFFFFFFFFFFFFFFFFFFFFFFFFFFFFFFFFFFFFFFFFFFFFFFFFFFFFFFFFFFFFFFFFFFFFFFFFFFFFFFFFFFFFFFFFFFFFFFFFFFFFFFFFFFFFFFFFFFFF01FFFFFFFFFF01FFFFFFFFFFFFFFFFFFFFFFFFFFFFFFFFFFFFFFFFFFFF
310
FFFFFF010101010101010101FFFFFFFFFFFFFFFFFFFFFFFFFFFFFFFFFFFFFFFFFFFFFF0101010101010101FFFFFFFFFFFFFFFFFFFFFFFFFFFFFFFFFFFFFFFFFFFFFFFF01FFFF01FFFF0101FFFFFFFFFFFFFFFFFFFFFFFFFFFFFFFFFFFFFFFFFFFFFFFF01FFFF01FFFF0101FFFFFFFFFFFFFFFFFFFFFFFFFFFFFFFFFFFFFFFF
310
FFFFFFFF0101010101010101FFFFFFFFFFFFFFFFFFFFFFFFFFFFFFFFFFFFFFFFFFFFFFFF01FFFF01FFFF0101FFFFFFFFFFFFFFFFFFFFFFFF
 70
     0
280
     1
281
     0
  0
BLOCK_RECORD
  5
2AF
330
1
100
AcDbSymbolTableRecord
100
AcDbBlockTableRecord
  2
Railing - Railing-450105-FIRST FLOOR PLAN
340
0
 70
     0
280
     1
281
     0
  0
BLOCK_RECORD
  5
2B7
330
1
100
AcDbSymbolTableRecord
100
AcDbBlockTableRecord
  2
Top Rail Type - Top Rail_Internal_-481543-FIRST FLOOR PLAN
340
0
 70
     0
280
     1
281
     0
  0
BLOCK_RECORD
  5
2BD
330
1
100
AcDbSymbolTableRecord
100
AcDbBlockTableRecord
  2
Railing - Railing-516204-FIRST FLOOR PLAN
340
0
 70
     0
280
     1
281
     0
  0
ENDTAB
  0
ENDSEC
  0
SECTION
  2
BLOCKS
  0
BLOCK
  5
20
330
1F
100
AcDbEntity
  8
0
100
AcDbBlockBegin
  2
*Model_Space
 70
     0
 10
0.0
 20
0.0
 30
0.0
  3
*Model_Space
  1

  0
ENDBLK
  5
21
330
1F
100
AcDbEntity
  8
0
100
AcDbBlockEnd
  0
BLOCK
  5
D4
330
D2
100
AcDbEntity
 67
     1
  8
0
100
AcDbBlockBegin
  2
*Paper_Space
 70
     0
 10
0.0
 20
0.0
 30
0.0
  3
*Paper_Space
  1

  0
ENDBLK
  5
D5
330
D2
100
AcDbEntity
 67
     1
  8
0
100
AcDbBlockEnd
  0
BLOCK
  5
D8
330
D6
100
AcDbEntity
 67
     1
  8
0
100
AcDbBlockBegin
  2
*Paper_Space0
 70
     0
 10
0.0
 20
0.0
 30
0.0
  3
*Paper_Space0
  1

  0
VIEWPORT
  5
2F9A
102
{ACAD_XDICTIONARY
360
2F9B
102
}
330
D6
100
AcDbEntity
 67
     1
  8
0
100
AcDbViewport
 10
128.5
 20
97.5
 30
0.0
 40
597.0262574257426
 41
222.18
 68
     0
 69
     0
 12
128.5
 22
97.5
 13
0.0
 23
0.0
 14
0.5
 24
0.5
 15
0.5
 25
0.5
 16
0.0
 26
0.0
 36
1.0
 17
0.0
 27
0.0
 37
0.0
 42
50.0
 43
0.0
 44
0.0
 45
222.18
 50
0.0
 51
0.0
 72
  1000
 90
   819232
  1

281
     0
 71
     1
 74
     0
110
0.0
120
0.0
130
0.0
111
1.0
121
0.0
131
0.0
112
0.0
122
1.0
132
0.0
 79
     0
146
0.0
170
     0
 61
     5
348
F5
292
     1
282
     1
141
0.0
142
0.0
 63
   250
421
  3355443
  0
VIEWPORT
  5
2F9E
102
{ACAD_XDICTIONARY
360
2F9F
102
}
330
D6
100
AcDbEntity
 67
     1
  8
Column Hatch
100
AcDbViewport
 10
128.5
 20
97.5
 30
0.0
 40
205.6
 41
156.0
 68
     0
 69
     0
 12
51041.51166754262
 22
46226.36281154086
 13
0.0
 23
0.0
 14
10.0
 24
10.0
 15
10.0
 25
10.0
 16
0.0
 26
0.0
 36
1.0
 17
0.0
 27
0.0
 37
0.0
 42
50.0
 43
0.0
 44
0.0
 45
72167.66645871789
 50
0.0
 51
0.0
 72
  1000
331
1D10
331
1D11
331
1D12
331
1D13
331
1D15
331
1D16
331
1D17
331
2F17
331
2F18
331
2F43
 90
   819808
  1

281
     0
 71
     1
 74
     0
110
0.0
120
0.0
130
0.0
111
1.0
121
0.0
131
0.0
112
0.0
122
1.0
132
0.0
 79
     0
146
0.0
170
     0
 61
     5
348
F5
292
     1
282
     1
141
0.0
142
0.0
 63
   250
421
  3355443
  0
ENDBLK
  5
D9
330
D6
100
AcDbEntity
 67
     1
  8
0
100
AcDbBlockEnd
  0
BLOCK
  5
2A1
330
2A0
100
AcDbEntity
  8
0
100
AcDbBlockBegin
  2
_Oblique
 70
     0
 10
0.0
 20
0.0
 30
0.0
  3
_Oblique
  1

  0
LINE
  5
2A2
330
2A0
100
AcDbEntity
  8
0
  6
ByBlock
 62
     0
370
    -2
100
AcDbLine
 10
-0.5
 20
-0.5
 30
0.0
 11
0.5
 21
0.5
 31
0.0
  0
ENDBLK
  5
2A3
330
2A0
100
AcDbEntity
  8
0
100
AcDbBlockEnd
  0
BLOCK
  5
2A7
330
2A4
100
AcDbEntity
  8
0
100
AcDbBlockBegin
  2
PCDIM_TICK
 70
     0
 10
0.0
 20
0.0
 30
0.0
  3
PCDIM_TICK
  1

  0
LINE
  5
2A8
330
2A4
100
AcDbEntity
  8
Dimension Line
 62
     0
440
 33554687
100
AcDbLine
 10
0.5749999880790712
 20
0.5749999880790711
 30
0.0
 11
-0.5749999880790713
 21
-0.5749999880790711
 31
0.0
  0
LINE
  5
2A9
330
2A4
100
AcDbEntity
  8
Dimension Line
 62
     0
440
 33554687
100
AcDbLine
 10
0.8049999833106994
 20
0.0
 30
0.0
 11
0.0
 21
0.0
 31
0.0
  0
ENDBLK
  5
2AA
330
2A4
100
AcDbEntity
  8
0
100
AcDbBlockEnd
  0
BLOCK
  5
2AC
330
2AB
100
AcDbEntity
  8
0
100
AcDbBlockBegin
  2
_ArchTick
 70
     0
 10
0.0
 20
0.0
 30
0.0
  3
_ArchTick
  1

  0
LWPOLYLINE
  5
2AD
330
2AB
100
AcDbEntity
  8
0
  6
ByBlock
 62
     0
100
AcDbPolyline
 90
        2
 70
     0
 43
0.15
 10
-0.5
 20
-0.5
 10
0.5
 20
0.5
  0
ENDBLK
  5
2AE
330
2AB
100
AcDbEntity
  8
0
100
AcDbBlockEnd
  0
BLOCK
  5
2B0
330
2AF
100
AcDbEntity
  8
0
100
AcDbBlockBegin
  2
Railing - Railing-450105-FIRST FLOOR PLAN
 70
     0
 10
0.0
 20
0.0
 30
0.0
  3
Railing - Railing-450105-FIRST FLOOR PLAN
  1

  0
LINE
  5
2B1
330
2AF
100
AcDbEntity
  8
A-FLOR-HRAL
100
AcDbLine
 10
14001.78853449181
 20
2026.529269494429
 30
0.0
 11
14001.78853449181
 21
1376.529269493798
 31
0.0
1001
REVIT
1002
{
1070
     1
1000
450104
1002
}
1002
{
1070
     5
1000
46430
1002
}
1002
{
1070
     3
1000
-2000128
1002
}
  0
LINE
  5
2B2
330
2AF
100
AcDbEntity
  8
A-FLOR-HRAL
100
AcDbLine
 10
13920.9885344918
 20
-673.4707305055673
 30
0.0
 11
13920.98853449181
 21
2026.529269494433
 31
0.0
1001
REVIT
1002
{
1070
     1
1000
450104
1002
}
1002
{
1070
     5
1000
46430
1002
}
1002
{
1070
     3
1000
-2000128
1002
}
  0
LINE
  5
2B3
330
2AF
100
AcDbEntity
  8
A-FLOR-HRAL
100
AcDbLine
 10
13950.98853449181
 20
-673.4707305055673
 30
0.0
 11
13920.9885344918
 21
-673.4707305055673
 31
0.0
1001
REVIT
1002
{
1070
     1
1000
450104
1002
}
1002
{
1070
     5
1000
46430
1002
}
1002
{
1070
     3
1000
-2000128
1002
}
  0
LINE
  5
2B4
330
2AF
100
AcDbEntity
  8
A-FLOR-HRAL
100
AcDbLine
 10
13971.78853449181
 20
2026.529269494429
 30
0.0
 11
13971.78853449181
 21
1376.529269493798
 31
0.0
1001
REVIT
1002
{
1070
     1
1000
450104
1002
}
1002
{
1070
     5
1000
46430
1002
}
1002
{
1070
     3
1000
-2000128
1002
}
  0
LINE
  5
2B5
330
2AF
100
AcDbEntity
  8
A-FLOR-HRAL
100
AcDbLine
 10
13950.98853449181
 20
-673.4707305055673
 30
0.0
 11
13950.98853449181
 21
2026.529269494433
 31
0.0
1001
REVIT
1002
{
1070
     1
1000
450104
1002
}
1002
{
1070
     5
1000
46430
1002
}
1002
{
1070
     3
1000
-2000128
1002
}
  0
ENDBLK
  5
2B6
330
2AF
100
AcDbEntity
  8
0
100
AcDbBlockEnd
  0
BLOCK
  5
2B8
330
2B7
100
AcDbEntity
  8
0
100
AcDbBlockBegin
  2
Top Rail Type - Top Rail_Internal_-481543-FIRST FLOOR PLAN
 70
     0
 10
0.0
 20
0.0
 30
0.0
  3
Top Rail Type - Top Rail_Internal_-481543-FIRST FLOOR PLAN
  1

  0
LINE
  5
2B9
330
2B7
100
AcDbEntity
  8
A-FLOR-HRAL
100
AcDbLine
 10
12761.38853449182
 20
-1033.470730505566
 30
0.0
 11
13961.38853449182
 21
-1033.470730505568
 31
0.0
1001
REVIT
1002
{
1070
     1
1000
481542
1002
}
1002
{
1070
     5
1000
157386
1002
}
  0
LINE
  5
2BA
330
2B7
100
AcDbEntity
  8
A-FLOR-HRAL
100
AcDbLine
 10
13961.38853449182
 20
-993.4707305055685
 30
0.0
 11
12761.38853449182
 21
-993.470730505564
 31
0.0
1001
REVIT
1002
{
1070
     1
1000
481542
1002
}
1002
{
1070
     5
1000
157386
1002
}
  0
LINE
  5
2BB
330
2B7
100
AcDbEntity
  8
A-FLOR-HRAL
100
AcDbLine
 10
13961.38853449181
 20
-1015.807228409705
 30
0.0
 11
13961.38853449181
 21
-1011.134232601429
 31
0.0
1001
REVIT
1002
{
1070
     1
1000
481542
1002
}
1002
{
1070
     5
1000
157386
1002
}
  0
ENDBLK
  5
2BC
330
2B7
100
AcDbEntity
  8
0
100
AcDbBlockEnd
  0
BLOCK
  5
2BE
330
2BD
100
AcDbEntity
  8
0
100
AcDbBlockBegin
  2
Railing - Railing-516204-FIRST FLOOR PLAN
 70
     0
 10
0.0
 20
0.0
 30
0.0
  3
Railing - Railing-516204-FIRST FLOOR PLAN
  1

  0
LINE
  5
2BF
330
2BD
100
AcDbEntity
  8
A-FLOR-HRAL
100
AcDbLine
 10
-2699.011465508175
 20
2026.529269494455
 30
0.0
 11
-2699.011465508176
 21
1376.529269493823
 31
0.0
1001
REVIT
1002
{
1070
     1
1000
516203
1002
}
1002
{
1070
     5
1000
46430
1002
}
1002
{
1070
     3
1000
-2000128
1002
}
  0
LINE
  5
2C0
330
2BD
100
AcDbEntity
  8
A-FLOR-HRAL
100
AcDbLine
 10
-2678.211465508178
 20
-673.4707305055433
 30
0.0
 11
-2678.211465508174
 21
2026.529269494457
 31
0.0
1001
REVIT
1002
{
1070
     1
1000
516203
1002
}
1002
{
1070
     5
1000
46430
1002
}
1002
{
1070
     3
1000
-2000128
1002
}
  0
LINE
  5
2C1
330
2BD
100
AcDbEntity
  8
A-FLOR-HRAL
100
AcDbLine
 10
-2648.211465508178
 20
-673.4707305055433
 30
0.0
 11
-2678.211465508178
 21
-673.4707305055433
 31
0.0
1001
REVIT
1002
{
1070
     1
1000
516203
1002
}
1002
{
1070
     5
1000
46430
1002
}
1002
{
1070
     3
1000
-2000128
1002
}
  0
LINE
  5
2C2
330
2BD
100
AcDbEntity
  8
A-FLOR-HRAL
100
AcDbLine
 10
-2729.011465508174
 20
2026.529269494455
 30
0.0
 11
-2729.011465508175
 21
1376.529269493823
 31
0.0
1001
REVIT
1002
{
1070
     1
1000
516203
1002
}
1002
{
1070
     5
1000
46430
1002
}
1002
{
1070
     3
1000
-2000128
1002
}
  0
LINE
  5
2C3
330
2BD
100
AcDbEntity
  8
A-FLOR-HRAL
100
AcDbLine
 10
-2648.211465508178
 20
-673.4707305055433
 30
0.0
 11
-2648.211465508174
 21
2026.529269494457
 31
0.0
1001
REVIT
1002
{
1070
     1
1000
516203
1002
}
1002
{
1070
     5
1000
46430
1002
}
1002
{
1070
     3
1000
-2000128
1002
}
  0
ENDBLK
  5
2C4
330
2BD
100
AcDbEntity
  8
0
100
AcDbBlockEnd
  0
ENDSEC
  0
SECTION
  2
ENTITIES
  0
LWPOLYLINE
  5
1AA2
330
1F
100
AcDbEntity
  8
COLUMN G-1
 62
     3
440
 33554687
100
AcDbPolyline
 90
        4
 70
     1
 43
0.0
 10
9101.563908786584
 20
53169.96299308093
 10
9326.563908786583
 20
53169.96299308093
 10
9326.563908786583
 20
53394.96299308093
 10
9101.563908786584
 20
53394.96299308093
  0
LWPOLYLINE
  5
1AA3
330
1F
100
AcDbEntity
  8
COLUMN G-1
 62
     3
440
 33554687
100
AcDbPolyline
 90
        4
 70
     1
 43
0.0
 10
23126.56439706783
 20
53169.96299308093
 10
23351.56439706784
 20
53169.96299308093
 10
23351.56439706784
 20
53394.96299308093
 10
23126.56439706783
 20
53394.96299308093
  0
LWPOLYLINE
  5
1AA4
330
1F
100
AcDbEntity
  8
COLUMN G-1
 62
     3
440
 33554687
100
AcDbPolyline
 90
        4
 70
     1
 43
0.0
 10
23126.56439706783
 20
43044.96299308093
 10
23351.56439706784
 20
43044.96299308093
 10
23351.56439706784
 20
43269.96299308093
 10
23126.56439706783
 20
43269.96299308093
  0
LWPOLYLINE
  5
1AA5
330
1F
100
AcDbEntity
  8
COLUMN G-1
 62
     3
440
 33554687
100
AcDbPolyline
 90
        4
 70
     1
 43
0.0
 10
23126.56439706783
 20
47769.96299308093
 10
23351.56439706784
 20
47769.96299308093
 10
23351.56439706784
 20
47994.96299308093
 10
23126.56439706783
 20
47994.96299308093
  0
LWPOLYLINE
  5
1AA6
330
1F
100
AcDbEntity
  8
COLUMN G-1
 62
     3
440
 33554687
100
AcDbPolyline
 90
        4
 70
     1
 43
0.0
 10
27176.56439706784
 20
44919.96299308095
 10
27401.56439706784
 20
44919.96299308095
 10
27401.56439706784
 20
45144.96299308095
 10
27176.56439706784
 20
45144.96299308095
  0
LWPOLYLINE
  5
1AA7
330
1F
100
AcDbEntity
  8
COLUMN G-1
 62
     3
440
 33554687
100
AcDbPolyline
 90
        4
 70
     1
 43
0.0
 10
30776.56439706784
 20
44919.96299308095
 10
31001.56439706784
 20
44919.96299308095
 10
31001.56439706784
 20
45144.96299308095
 10
30776.56439706784
 20
45144.96299308095
  0
LWPOLYLINE
  5
1AA8
330
1F
100
AcDbEntity
  8
COLUMN G-1
 62
     3
440
 33554687
100
AcDbPolyline
 90
        4
 70
     1
 43
0.0
 10
30776.56439706784
 20
41244.96323722155
 10
31001.56439706784
 20
41244.96323722155
 10
31001.56439706784
 20
41469.96323722155
 10
30776.56439706784
 20
41469.96323722155
  0
LWPOLYLINE
  5
1AA9
330
1F
100
AcDbEntity
  8
COLUMN G-1
 62
     3
440
 33554687
100
AcDbPolyline
 90
        4
 70
     1
 43
0.0
 10
30776.56439706784
 20
52570.29404776845
 10
31001.56439706784
 20
52570.29404776845
 10
31001.56439706784
 20
52795.29404776845
 10
30776.56439706784
 20
52795.29404776845
  0
LWPOLYLINE
  5
1AAA
330
1F
100
AcDbEntity
  8
COLUMN G-1
 62
     3
440
 33554687
100
AcDbPolyline
 90
        4
 70
     1
 43
0.0
 10
25751.56439706784
 20
47769.96299308093
 10
25976.56439706784
 20
47769.96299308093
 10
25976.56439706784
 20
47994.96299308093
 10
25751.56439706784
 20
47994.96299308093
  0
LWPOLYLINE
  5
1AAB
330
1F
100
AcDbEntity
  8
COLUMN G-1
 62
     3
440
 33554687
100
AcDbPolyline
 90
        4
 70
     1
 43
0.0
 10
25751.56439706784
 20
43044.96299308093
 10
25976.56439706784
 20
43044.96299308093
 10
25976.56439706784
 20
43269.96299308093
 10
25751.56439706784
 20
43269.96299308093
  0
LWPOLYLINE
  5
1AAC
330
1F
100
AcDbEntity
  8
COLUMN G-1
 62
     3
440
 33554687
100
AcDbPolyline
 90
        4
 70
     1
 43
0.0
 10
25751.56439706784
 20
52570.29404776845
 10
25976.56439706784
 20
52570.29404776845
 10
25976.56439706784
 20
52795.29404776845
 10
25751.56439706784
 20
52795.29404776845
  0
LWPOLYLINE
  5
1AAD
330
1F
100
AcDbEntity
  8
COLUMN G-1
 62
     3
440
 33554687
100
AcDbPolyline
 90
        4
 70
     1
 43
0.0
 10
30776.56439706784
 20
48895.19932120596
 10
31001.56439706784
 20
48895.19932120596
 10
31001.56439706784
 20
49120.19932120596
 10
30776.56439706784
 20
49120.19932120596
  0
LWPOLYLINE
  5
1AAE
330
1F
100
AcDbEntity
  8
COLUMN G-1
 62
     3
440
 33554687
100
AcDbPolyline
 90
        4
 70
     1
 43
0.0
 10
27176.56439706784
 20
48895.19932120596
 10
27401.56439706784
 20
48895.19932120596
 10
27401.56439706784
 20
49120.19932120596
 10
27176.56439706784
 20
49120.19932120596
  0
LWPOLYLINE
  5
1AAF
330
1F
100
AcDbEntity
  8
COLUMN G-1
 62
     3
440
 33554687
100
AcDbPolyline
 90
        4
 70
     1
 43
0.0
 10
9101.563908786584
 20
43044.96299308093
 10
9326.563908786583
 20
43044.96299308093
 10
9326.563908786583
 20
43269.96299308093
 10
9101.563908786584
 20
43269.96299308093
  0
LWPOLYLINE
  5
1AB0
330
1F
100
AcDbEntity
  8
COLUMN G-1
 62
     3
440
 33554687
100
AcDbPolyline
 90
        4
 70
     1
 43
0.0
 10
6476.563908786584
 20
47769.96299308093
 10
6701.563908786583
 20
47769.96299308093
 10
6701.563908786583
 20
47994.96299308093
 10
6476.563908786584
 20
47994.96299308093
  0
LWPOLYLINE
  5
1AB1
330
1F
100
AcDbEntity
  8
COLUMN G-1
 62
     3
440
 33554687
100
AcDbPolyline
 90
        4
 70
     1
 43
0.0
 10
6476.563908786584
 20
43044.96299308093
 10
6701.563908786583
 20
43044.96299308093
 10
6701.563908786583
 20
43269.96299308093
 10
6476.563908786584
 20
43269.96299308093
  0
LWPOLYLINE
  5
1AB2
330
1F
100
AcDbEntity
  8
COLUMN G-1
 62
     3
440
 33554687
100
AcDbPolyline
 90
        4
 70
     1
 43
0.0
 10
9101.563969821739
 20
41244.96326773913
 10
9551.56396982174
 20
41244.96326773913
 10
9551.56396982174
 20
41469.96326773913
 10
9101.563969821739
 20
41469.96326773913
  0
LWPOLYLINE
  5
1AB3
330
1F
100
AcDbEntity
  8
COLUMN G-1
 62
     3
440
 33554687
100
AcDbPolyline
 90
        4
 70
     1
 43
0.0
 10
15026.56439706783
 20
41244.96323722155
 10
15251.56439706783
 20
41244.96323722155
 10
15251.56439706783
 20
41469.96323722155
 10
15026.56439706783
 20
41469.96323722155
  0
LWPOLYLINE
  5
1AB4
330
1F
100
AcDbEntity
  8
COLUMN G-1
 62
     3
440
 33554687
100
AcDbPolyline
 90
        4
 70
     1
 43
0.0
 10
20726.56439706784
 20
41244.96323722155
 10
20951.56439706784
 20
41244.96323722155
 10
20951.56439706784
 20
41469.96323722155
 10
20726.56439706784
 20
41469.96323722155
  0
LWPOLYLINE
  5
1AB5
330
1F
100
AcDbEntity
  8
COLUMN G-1
 62
     3
440
 33554687
100
AcDbPolyline
 90
        4
 70
     1
 43
0.0
 10
25751.56439706784
 20
41244.96323722155
 10
25976.56439706784
 20
41244.96323722155
 10
25976.56439706784
 20
41469.96323722155
 10
25751.56439706784
 20
41469.96323722155
  0
LWPOLYLINE
  5
1AB6
330
1F
100
AcDbEntity
  8
COLUMN G-1
 62
     3
440
 33554687
100
AcDbPolyline
 90
        4
 70
     1
 43
0.0
 10
14351.56439706737
 20
41244.96323722155
 10
14576.56439706737
 20
41244.96323722155
 10
14576.56439706737
 20
41469.96323722155
 10
14351.56439706737
 20
41469.96323722155
  0
LWPOLYLINE
  5
1AB7
330
1F
100
AcDbEntity
  8
COLUMN G-1
 62
     3
440
 33554687
100
AcDbPolyline
 90
        4
 70
     1
 43
0.0
 10
20051.56439706784
 20
41244.96323722155
 10
20276.56439706784
 20
41244.96323722155
 10
20276.56439706784
 20
41469.96323722155
 10
20051.56439706784
 20
41469.96323722155
  0
LWPOLYLINE
  5
1AB8
330
1F
100
AcDbEntity
  8
COLUMN G-1
 62
     3
440
 33554687
100
AcDbPolyline
 90
        4
 70
     1
 43
0.0
 10
6476.563969821739
 20
41244.96326773913
 10
6701.56396982174
 20
41244.96326773913
 10
6701.56396982174
 20
41469.96326773913
 10
6476.563969821739
 20
41469.96326773913
  0
LWPOLYLINE
  5
1B0E
330
1F
100
AcDbEntity
  8
COLUMN 2-R
 62
     3
440
 33554687
100
AcDbPolyline
 90
        4
 70
     1
 43
0.0
 10
73418.13172305764
 20
53169.96299308093
 10
73643.13172305764
 20
53169.96299308093
 10
73643.13172305764
 20
53394.96299308093
 10
73418.13172305764
 20
53394.96299308093
  0
LWPOLYLINE
  5
1B0F
330
1F
100
AcDbEntity
  8
COLUMN 2-R
 62
     3
440
 33554687
100
AcDbPolyline
 90
        4
 70
     1
 43
0.0
 10
87443.13221133889
 20
53169.96299308093
 10
87668.13221133888
 20
53169.96299308093
 10
87668.13221133888
 20
53394.96299308093
 10
87443.13221133889
 20
53394.96299308093
  0
LWPOLYLINE
  5
1B10
330
1F
100
AcDbEntity
  8
COLUMN 2-R
 62
     3
440
 33554687
100
AcDbPolyline
 90
        4
 70
     1
 43
0.0
 10
87443.13221133889
 20
47769.96299308093
 10
87668.13221133888
 20
47769.96299308093
 10
87668.13221133888
 20
47994.96299308093
 10
87443.13221133889
 20
47994.96299308093
  0
LWPOLYLINE
  5
1B11
330
1F
100
AcDbEntity
  8
COLUMN 2-R
 62
     3
440
 33554687
100
AcDbPolyline
 90
        4
 70
     1
 43
0.0
 10
95093.13221133888
 20
44919.96299308093
 10
95318.13221133889
 20
44919.96299308093
 10
95318.13221133889
 20
45144.96299308093
 10
95093.13221133888
 20
45144.96299308093
  0
LWPOLYLINE
  5
1B12
330
1F
100
AcDbEntity
  8
COLUMN 2-R
 62
     3
440
 33554687
100
AcDbPolyline
 90
        4
 70
     1
 43
0.0
 10
95093.13221133888
 20
41244.96323722155
 10
95318.13221133889
 20
41244.96323722155
 10
95318.13221133889
 20
41469.96323722155
 10
95093.13221133888
 20
41469.96323722155
  0
LWPOLYLINE
  5
1B13
330
1F
100
AcDbEntity
  8
COLUMN 2-R
 62
     3
440
 33554687
100
AcDbPolyline
 90
        4
 70
     1
 43
0.0
 10
95093.13221133888
 20
52570.29404776843
 10
95318.13221133889
 20
52570.29404776843
 10
95318.13221133889
 20
52795.29404776843
 10
95093.13221133888
 20
52795.29404776843
  0
LWPOLYLINE
  5
1B14
330
1F
100
AcDbEntity
  8
COLUMN 2-R
 62
     3
440
 33554687
100
AcDbPolyline
 90
        4
 70
     1
 43
0.0
 10
90068.13221133889
 20
47769.96299308093
 10
90293.1322113389
 20
47769.96299308093
 10
90293.1322113389
 20
47994.96299308093
 10
90068.13221133889
 20
47994.96299308093
  0
LWPOLYLINE
  5
1B15
330
1F
100
AcDbEntity
  8
COLUMN 2-R
 62
     3
440
 33554687
100
AcDbPolyline
 90
        4
 70
     1
 43
0.0
 10
90068.13221133889
 20
43044.96299308093
 10
90293.1322113389
 20
43044.96299308093
 10
90293.1322113389
 20
43269.96299308093
 10
90068.13221133889
 20
43269.96299308093
  0
LWPOLYLINE
  5
1B16
330
1F
100
AcDbEntity
  8
COLUMN 2-R
 62
     3
440
 33554687
100
AcDbPolyline
 90
        4
 70
     1
 43
0.0
 10
90068.13221133889
 20
52570.29404776843
 10
90293.1322113389
 20
52570.29404776843
 10
90293.1322113389
 20
52795.29404776843
 10
90068.13221133889
 20
52795.29404776843
  0
LWPOLYLINE
  5
1B17
330
1F
100
AcDbEntity
  8
COLUMN 2-R
 62
     3
440
 33554687
100
AcDbPolyline
 90
        4
 70
     1
 43
0.0
 10
95093.13221133888
 20
48895.19932120593
 10
95318.13221133889
 20
48895.19932120593
 10
95318.13221133889
 20
49120.19932120593
 10
95093.13221133888
 20
49120.19932120593
  0
LWPOLYLINE
  5
1B18
330
1F
100
AcDbEntity
  8
COLUMN 2-R
 62
     3
440
 33554687
100
AcDbPolyline
 90
        4
 70
     1
 43
0.0
 10
70793.13172305764
 20
47769.96299308093
 10
71018.13172305764
 20
47769.96299308093
 10
71018.13172305764
 20
47994.96299308093
 10
70793.13172305764
 20
47994.96299308093
  0
LWPOLYLINE
  5
1B19
330
1F
100
AcDbEntity
  8
COLUMN 2-R
 62
     3
440
 33554687
100
AcDbPolyline
 90
        4
 70
     1
 43
0.0
 10
70793.13172305764
 20
43044.96299308093
 10
71018.13172305764
 20
43044.96299308093
 10
71018.13172305764
 20
43269.96299308093
 10
70793.13172305764
 20
43269.96299308093
  0
LWPOLYLINE
  5
1B1A
330
1F
100
AcDbEntity
  8
COLUMN 2-R
 62
     3
440
 33554687
100
AcDbPolyline
 90
        4
 70
     1
 43
0.0
 10
79343.13221133889
 20
41244.96323722155
 10
79568.13221133889
 20
41244.96323722155
 10
79568.13221133889
 20
41469.96323722155
 10
79343.13221133889
 20
41469.96323722155
  0
LWPOLYLINE
  5
1B1B
330
1F
100
AcDbEntity
  8
COLUMN 2-R
 62
     3
440
 33554687
100
AcDbPolyline
 90
        4
 70
     1
 43
0.0
 10
85043.13221133889
 20
41244.96323722155
 10
85268.13221133888
 20
41244.96323722155
 10
85268.13221133888
 20
41469.96323722155
 10
85043.13221133889
 20
41469.96323722155
  0
LWPOLYLINE
  5
1B1C
330
1F
100
AcDbEntity
  8
COLUMN 2-R
 62
     3
440
 33554687
100
AcDbPolyline
 90
        4
 70
     1
 43
0.0
 10
90068.13221133889
 20
41244.96323722155
 10
90293.1322113389
 20
41244.96323722155
 10
90293.1322113389
 20
41469.96323722155
 10
90068.13221133889
 20
41469.96323722155
  0
LWPOLYLINE
  5
1B1D
330
1F
100
AcDbEntity
  8
COLUMN 2-R
 62
     3
440
 33554687
100
AcDbPolyline
 90
        4
 70
     1
 43
0.0
 10
78668.13221133842
 20
41244.96323722155
 10
78893.13221133842
 20
41244.96323722155
 10
78893.13221133842
 20
41469.96323722155
 10
78668.13221133842
 20
41469.96323722155
  0
LWPOLYLINE
  5
1B1E
330
1F
100
AcDbEntity
  8
COLUMN 2-R
 62
     3
440
 33554687
100
AcDbPolyline
 90
        4
 70
     1
 43
0.0
 10
84368.13221133888
 20
41244.96326773913
 10
84593.13221133889
 20
41244.96326773913
 10
84593.13221133889
 20
41469.96326773913
 10
84368.13221133888
 20
41469.96326773913
  0
LWPOLYLINE
  5
1B20
330
1F
100
AcDbEntity
  8
COLUMN 2-R
 62
     3
440
 33554687
100
AcDbPolyline
 90
        4
 70
     1
 43
0.0
 10
70793.1317840928
 20
41244.96326773913
 10
71018.1317840928
 20
41244.96326773913
 10
71018.1317840928
 20
41469.96326773913
 10
70793.1317840928
 20
41469.96326773913
  0
HATCH
  5
1B21
330
1F
100
AcDbEntity
  8
COLUMN G-1
 62
     3
440
 33554687
100
AcDbHatch
 10
0.0
 20
0.0
 30
0.0
210
0.0
220
0.0
230
1.0
  2
SOLID
 70
     1
 71
     0
 91
        1
 92
        1
 93
        4
 72
     1
 10
9101.563908786584
 20
53169.96299308093
 11
9326.563908786583
 21
53169.96299308093
 72
     1
 10
9326.563908786583
 20
53169.96299308093
 11
9326.563908786583
 21
53394.96299308093
 72
     1
 10
9326.563908786583
 20
53394.96299308093
 11
9101.563908786584
 21
53394.96299308093
 72
     1
 10
9101.563908786584
 20
53394.96299308093
 11
9101.563908786584
 21
53169.96299308093
 97
        0
 75
     0
 76
     1
 98
        1
 10
-23470.38421971832
 20
53319.68731286577
450
        0
451
        0
460
0.0
461
0.0
452
        1
462
0.0
453
        0
470

1001
ACAD
1010
32684.44812850487
1020
-37.22431978480745
1030
0.0
1001
HATCHBACKGROUNDCOLOR
1071
-939524096
1000

1000

  0
HATCH
  5
1B22
330
1F
100
AcDbEntity
  8
COLUMN G-1
 62
     3
440
 33554687
100
AcDbHatch
 10
0.0
 20
0.0
 30
0.0
210
0.0
220
0.0
230
1.0
  2
SOLID
 70
     1
 71
     0
 91
        1
 92
        1
 93
        4
 72
     1
 10
23126.56390878659
 20
53169.96299308093
 11
23351.56390878659
 21
53169.96299308093
 72
     1
 10
23351.56390878659
 20
53169.96299308093
 11
23351.56390878659
 21
53394.96299308093
 72
     1
 10
23351.56390878659
 20
53394.96299308093
 11
23126.56390878659
 21
53394.96299308093
 72
     1
 10
23126.56390878659
 20
53394.96299308093
 11
23126.56390878659
 21
53169.96299308093
 97
        0
 75
     0
 76
     1
 98
        1
 10
-23470.38421971832
 20
53319.68731286577
450
        0
451
        0
460
0.0
461
0.0
452
        1
462
0.0
453
        0
470

1001
ACAD
1010
46709.44812850486
1020
-37.22431978480745
1030
0.0
1001
HATCHBACKGROUNDCOLOR
1071
-939524096
1000

1000

  0
HATCH
  5
1B23
330
1F
100
AcDbEntity
  8
COLUMN G-1
 62
     3
440
 33554687
100
AcDbHatch
 10
0.0
 20
0.0
 30
0.0
210
0.0
220
0.0
230
1.0
  2
SOLID
 70
     1
 71
     0
 91
        1
 92
        1
 93
        4
 72
     1
 10
23126.56390878659
 20
47769.96299308093
 11
23351.56390878659
 21
47769.96299308093
 72
     1
 10
23351.56390878659
 20
47769.96299308093
 11
23351.56390878659
 21
47994.96299308093
 72
     1
 10
23351.56390878659
 20
47994.96299308093
 11
23126.56390878659
 21
47994.96299308093
 72
     1
 10
23126.56390878659
 20
47994.96299308093
 11
23126.56390878659
 21
47769.96299308093
 97
        0
 75
     0
 76
     1
 98
        1
 10
-23470.38421971832
 20
53319.68731286577
450
        0
451
        0
460
0.0
461
0.0
452
        1
462
0.0
453
        0
470

1001
ACAD
1010
46709.44812850486
1020
-5437.224319784808
1030
0.0
1001
HATCHBACKGROUNDCOLOR
1071
-939524096
1000

1000

  0
HATCH
  5
1B24
330
1F
100
AcDbEntity
  8
COLUMN G-1
 62
     3
440
 33554687
100
AcDbHatch
 10
0.0
 20
0.0
 30
0.0
210
0.0
220
0.0
230
1.0
  2
SOLID
 70
     1
 71
     0
 91
        1
 92
        1
 93
        4
 72
     1
 10
30776.56390878658
 20
44919.96299308093
 11
31001.56390878659
 21
44919.96299308093
 72
     1
 10
31001.56390878659
 20
44919.96299308093
 11
31001.56390878659
 21
45144.96299308093
 72
     1
 10
31001.56390878659
 20
45144.96299308093
 11
30776.56390878658
 21
45144.96299308093
 72
     1
 10
30776.56390878658
 20
45144.96299308093
 11
30776.56390878658
 21
44919.96299308093
 97
        0
 75
     0
 76
     1
 98
        1
 10
-23470.38421971832
 20
53319.68731286577
450
        0
451
        0
460
0.0
461
0.0
452
        1
462
0.0
453
        0
470

1001
ACAD
1010
54359.44812850487
1020
-8287.224319784808
1030
0.0
1001
HATCHBACKGROUNDCOLOR
1071
-939524096
1000

1000

  0
HATCH
  5
1B25
330
1F
100
AcDbEntity
  8
COLUMN G-1
 62
     3
440
 33554687
100
AcDbHatch
 10
0.0
 20
0.0
 30
0.0
210
0.0
220
0.0
230
1.0
  2
SOLID
 70
     1
 71
     0
 91
        1
 92
        1
 93
        4
 72
     1
 10
30776.56390878658
 20
41244.96299308093
 11
31001.56390878659
 21
41244.96299308093
 72
     1
 10
31001.56390878659
 20
41244.96299308093
 11
31001.56390878659
 21
41469.96299308093
 72
     1
 10
31001.56390878659
 20
41469.96299308093
 11
30776.56390878658
 21
41469.96299308093
 72
     1
 10
30776.56390878658
 20
41469.96299308093
 11
30776.56390878658
 21
41244.96299308093
 97
        0
 75
     0
 76
     1
 98
        1
 10
-23470.38421971832
 20
53319.68731286577
450
        0
451
        0
460
0.0
461
0.0
452
        1
462
0.0
453
        0
470

1001
ACAD
1010
54359.44812850487
1020
-11962.22431978481
1030
0.0
1001
HATCHBACKGROUNDCOLOR
1071
-939524096
1000

1000

  0
HATCH
  5
1B26
330
1F
100
AcDbEntity
  8
COLUMN G-1
 62
     3
440
 33554687
100
AcDbHatch
 10
0.0
 20
0.0
 30
0.0
210
0.0
220
0.0
230
1.0
  2
SOLID
 70
     1
 71
     0
 91
        1
 92
        1
 93
        4
 72
     1
 10
30776.56390878658
 20
52570.29307120593
 11
31001.56390878659
 21
52570.29307120593
 72
     1
 10
31001.56390878659
 20
52570.29307120593
 11
31001.56390878659
 21
52795.29307120593
 72
     1
 10
31001.56390878659
 20
52795.29307120593
 11
30776.56390878658
 21
52795.29307120593
 72
     1
 10
30776.56390878658
 20
52795.29307120593
 11
30776.56390878658
 21
52570.29307120593
 97
        0
 75
     0
 76
     1
 98
        1
 10
-23470.38421971832
 20
53319.68731286577
450
        0
451
        0
460
0.0
461
0.0
452
        1
462
0.0
453
        0
470

1001
ACAD
1010
54359.44812850487
1020
-636.8942416598092
1030
0.0
1001
HATCHBACKGROUNDCOLOR
1071
-939524096
1000

1000

  0
HATCH
  5
1B27
330
1F
100
AcDbEntity
  8
COLUMN G-1
 62
     3
440
 33554687
100
AcDbHatch
 10
0.0
 20
0.0
 30
0.0
210
0.0
220
0.0
230
1.0
  2
SOLID
 70
     1
 71
     0
 91
        1
 92
        1
 93
        4
 72
     1
 10
25751.56390878658
 20
47769.96299308093
 11
25976.56390878658
 21
47769.96299308093
 72
     1
 10
25976.56390878658
 20
47769.96299308093
 11
25976.56390878658
 21
47994.96299308093
 72
     1
 10
25976.56390878658
 20
47994.96299308093
 11
25751.56390878658
 21
47994.96299308093
 72
     1
 10
25751.56390878658
 20
47994.96299308093
 11
25751.56390878658
 21
47769.96299308093
 97
        0
 75
     0
 76
     1
 98
        1
 10
-23470.38421971832
 20
53319.68731286577
450
        0
451
        0
460
0.0
461
0.0
452
        1
462
0.0
453
        0
470

1001
ACAD
1010
49334.44812850487
1020
-5437.224319784808
1030
0.0
1001
HATCHBACKGROUNDCOLOR
1071
-939524096
1000

1000

  0
HATCH
  5
1B28
330
1F
100
AcDbEntity
  8
COLUMN G-1
 62
     3
440
 33554687
100
AcDbHatch
 10
0.0
 20
0.0
 30
0.0
210
0.0
220
0.0
230
1.0
  2
SOLID
 70
     1
 71
     0
 91
        1
 92
        1
 93
        4
 72
     1
 10
25751.56390878658
 20
43044.96299308093
 11
25976.56390878658
 21
43044.96299308093
 72
     1
 10
25976.56390878658
 20
43044.96299308093
 11
25976.56390878658
 21
43269.96299308093
 72
     1
 10
25976.56390878658
 20
43269.96299308093
 11
25751.56390878658
 21
43269.96299308093
 72
     1
 10
25751.56390878658
 20
43269.96299308093
 11
25751.56390878658
 21
43044.96299308093
 97
        0
 75
     0
 76
     1
 98
        1
 10
-23470.38421971832
 20
53319.68731286577
450
        0
451
        0
460
0.0
461
0.0
452
        1
462
0.0
453
        0
470

1001
ACAD
1010
49334.44812850487
1020
-10162.2243197848
1030
0.0
1001
HATCHBACKGROUNDCOLOR
1071
-939524096
1000

1000

  0
HATCH
  5
1B29
330
1F
100
AcDbEntity
  8
COLUMN G-1
 62
     3
440
 33554687
100
AcDbHatch
 10
0.0
 20
0.0
 30
0.0
210
0.0
220
0.0
230
1.0
  2
SOLID
 70
     1
 71
     0
 91
        1
 92
        1
 93
        4
 72
     1
 10
25751.56390878658
 20
52570.29307120593
 11
25976.56390878658
 21
52570.29307120593
 72
     1
 10
25976.56390878658
 20
52570.29307120593
 11
25976.56390878658
 21
52795.29307120593
 72
     1
 10
25976.56390878658
 20
52795.29307120593
 11
25751.56390878658
 21
52795.29307120593
 72
     1
 10
25751.56390878658
 20
52795.29307120593
 11
25751.56390878658
 21
52570.29307120593
 97
        0
 75
     0
 76
     1
 98
        1
 10
-23470.38421971832
 20
53319.68731286577
450
        0
451
        0
460
0.0
461
0.0
452
        1
462
0.0
453
        0
470

1001
ACAD
1010
49334.44812850487
1020
-636.8942416598092
1030
0.0
1001
HATCHBACKGROUNDCOLOR
1071
-939524096
1000

1000

  0
HATCH
  5
1B2A
330
1F
100
AcDbEntity
  8
COLUMN G-1
 62
     3
440
 33554687
100
AcDbHatch
 10
0.0
 20
0.0
 30
0.0
210
0.0
220
0.0
230
1.0
  2
SOLID
 70
     1
 71
     0
 91
        1
 92
        1
 93
        4
 72
     1
 10
30776.56390878658
 20
48895.19932120593
 11
31001.56390878659
 21
48895.19932120593
 72
     1
 10
31001.56390878659
 20
48895.19932120593
 11
31001.56390878659
 21
49120.19932120593
 72
     1
 10
31001.56390878659
 20
49120.19932120593
 11
30776.56390878658
 21
49120.19932120593
 72
     1
 10
30776.56390878658
 20
49120.19932120593
 11
30776.56390878658
 21
48895.19932120593
 97
        0
 75
     0
 76
     1
 98
        1
 10
-23470.38421971832
 20
53319.68731286577
450
        0
451
        0
460
0.0
461
0.0
452
        1
462
0.0
453
        0
470

1001
ACAD
1010
54359.44812850487
1020
-4315.987991659809
1030
0.0
1001
HATCHBACKGROUNDCOLOR
1071
-939524096
1000

1000

  0
HATCH
  5
1B2B
330
1F
100
AcDbEntity
  8
COLUMN G-1
 62
     3
440
 33554687
100
AcDbHatch
 10
0.0
 20
0.0
 30
0.0
210
0.0
220
0.0
230
1.0
  2
SOLID
 70
     1
 71
     0
 91
        1
 92
        1
 93
        4
 72
     1
 10
6476.563908786584
 20
47769.96299308093
 11
6701.563908786583
 21
47769.96299308093
 72
     1
 10
6701.563908786583
 20
47769.96299308093
 11
6701.563908786583
 21
47994.96299308093
 72
     1
 10
6701.563908786583
 20
47994.96299308093
 11
6476.563908786584
 21
47994.96299308093
 72
     1
 10
6476.563908786584
 20
47994.96299308093
 11
6476.563908786584
 21
47769.96299308093
 97
        0
 75
     0
 76
     1
 98
        1
 10
-23470.38421971832
 20
53319.68731286577
450
        0
451
        0
460
0.0
461
0.0
452
        1
462
0.0
453
        0
470

1001
ACAD
1010
30059.44812850487
1020
-5437.224319784808
1030
0.0
1001
HATCHBACKGROUNDCOLOR
1071
-939524096
1000

1000

  0
HATCH
  5
1B2C
330
1F
100
AcDbEntity
  8
COLUMN G-1
 62
     3
440
 33554687
100
AcDbHatch
 10
0.0
 20
0.0
 30
0.0
210
0.0
220
0.0
230
1.0
  2
SOLID
 70
     1
 71
     0
 91
        1
 92
        1
 93
        4
 72
     1
 10
6476.563908786584
 20
43044.96299308093
 11
6701.563908786583
 21
43044.96299308093
 72
     1
 10
6701.563908786583
 20
43044.96299308093
 11
6701.563908786583
 21
43269.96299308093
 72
     1
 10
6701.563908786583
 20
43269.96299308093
 11
6476.563908786584
 21
43269.96299308093
 72
     1
 10
6476.563908786584
 20
43269.96299308093
 11
6476.563908786584
 21
43044.96299308093
 97
        0
 75
     0
 76
     1
 98
        1
 10
-23470.38421971832
 20
53319.68731286577
450
        0
451
        0
460
0.0
461
0.0
452
        1
462
0.0
453
        0
470

1001
ACAD
1010
30059.44812850487
1020
-10162.2243197848
1030
0.0
1001
HATCHBACKGROUNDCOLOR
1071
-939524096
1000

1000

  0
HATCH
  5
1B2D
330
1F
100
AcDbEntity
  8
COLUMN G-1
 62
     3
440
 33554687
100
AcDbHatch
 10
0.0
 20
0.0
 30
0.0
210
0.0
220
0.0
230
1.0
  2
SOLID
 70
     1
 71
     0
 91
        1
 92
        1
 93
        4
 72
     1
 10
15026.56390878658
 20
41244.96299308093
 11
15251.56390878658
 21
41244.96299308093
 72
     1
 10
15251.56390878658
 20
41244.96299308093
 11
15251.56390878658
 21
41469.96299308093
 72
     1
 10
15251.56390878658
 20
41469.96299308093
 11
15026.56390878658
 21
41469.96299308093
 72
     1
 10
15026.56390878658
 20
41469.96299308093
 11
15026.56390878658
 21
41244.96299308093
 97
        0
 75
     0
 76
     1
 98
        1
 10
-23470.38421971832
 20
53319.68731286577
450
        0
451
        0
460
0.0
461
0.0
452
        1
462
0.0
453
        0
470

1001
ACAD
1010
38609.44812850489
1020
-11962.22431978481
1030
0.0
1001
HATCHBACKGROUNDCOLOR
1071
-939524096
1000

1000

  0
HATCH
  5
1B2E
330
1F
100
AcDbEntity
  8
COLUMN G-1
 62
     3
440
 33554687
100
AcDbHatch
 10
0.0
 20
0.0
 30
0.0
210
0.0
220
0.0
230
1.0
  2
SOLID
 70
     1
 71
     0
 91
        1
 92
        1
 93
        4
 72
     1
 10
20726.56390878659
 20
41244.96299308093
 11
20951.56390878659
 21
41244.96299308093
 72
     1
 10
20951.56390878659
 20
41244.96299308093
 11
20951.56390878659
 21
41469.96299308093
 72
     1
 10
20951.56390878659
 20
41469.96299308093
 11
20726.56390878659
 21
41469.96299308093
 72
     1
 10
20726.56390878659
 20
41469.96299308093
 11
20726.56390878659
 21
41244.96299308093
 97
        0
 75
     0
 76
     1
 98
        1
 10
-23470.38421971832
 20
53319.68731286577
450
        0
451
        0
460
0.0
461
0.0
452
        1
462
0.0
453
        0
470

1001
ACAD
1010
44309.44812850486
1020
-11962.22431978481
1030
0.0
1001
HATCHBACKGROUNDCOLOR
1071
-939524096
1000

1000

  0
HATCH
  5
1B2F
330
1F
100
AcDbEntity
  8
COLUMN G-1
 62
     3
440
 33554687
100
AcDbHatch
 10
0.0
 20
0.0
 30
0.0
210
0.0
220
0.0
230
1.0
  2
SOLID
 70
     1
 71
     0
 91
        1
 92
        1
 93
        4
 72
     1
 10
14351.56390878821
 20
41244.96299308093
 11
14576.56390878821
 21
41244.96299308093
 72
     1
 10
14576.56390878821
 20
41244.96299308093
 11
14576.56390878821
 21
41469.96299308093
 72
     1
 10
14576.56390878821
 20
41469.96299308093
 11
14351.56390878821
 21
41469.96299308093
 72
     1
 10
14351.56390878821
 20
41469.96299308093
 11
14351.56390878821
 21
41244.96299308093
 97
        0
 75
     0
 76
     1
 98
        1
 10
-23470.38421971832
 20
53319.68731286577
450
        0
451
        0
460
0.0
461
0.0
452
        1
462
0.0
453
        0
470

1001
ACAD
1010
37934.44812850643
1020
-11962.22431978481
1030
0.0
1001
HATCHBACKGROUNDCOLOR
1071
-939524096
1000

1000

  0
HATCH
  5
1B30
330
1F
100
AcDbEntity
  8
COLUMN G-1
 62
     3
440
 33554687
100
AcDbHatch
 10
0.0
 20
0.0
 30
0.0
210
0.0
220
0.0
230
1.0
  2
SOLID
 70
     1
 71
     0
 91
        1
 92
        1
 93
        4
 72
     1
 10
20051.56390878659
 20
41244.96299308093
 11
20276.56390878659
 21
41244.96299308093
 72
     1
 10
20276.56390878659
 20
41244.96299308093
 11
20276.56390878659
 21
41469.96299308093
 72
     1
 10
20276.56390878659
 20
41469.96299308093
 11
20051.56390878659
 21
41469.96299308093
 72
     1
 10
20051.56390878659
 20
41469.96299308093
 11
20051.56390878659
 21
41244.96299308093
 97
        0
 75
     0
 76
     1
 98
        1
 10
-23470.38421971832
 20
53319.68731286577
450
        0
451
        0
460
0.0
461
0.0
452
        1
462
0.0
453
        0
470

1001
ACAD
1010
43634.44812850491
1020
-11962.22431978481
1030
0.0
1001
HATCHBACKGROUNDCOLOR
1071
-939524096
1000

1000

  0
HATCH
  5
1B31
330
1F
100
AcDbEntity
  8
COLUMN G-1
 62
     3
440
 33554687
100
AcDbHatch
 10
0.0
 20
0.0
 30
0.0
210
0.0
220
0.0
230
1.0
  2
SOLID
 70
     1
 71
     0
 91
        1
 92
        1
 93
        4
 72
     1
 10
25751.56439706784
 20
41244.96348136218
 11
25976.56439706784
 21
41244.96348136218
 72
     1
 10
25976.56439706784
 20
41244.96348136218
 11
25976.56439706784
 21
41469.96348136218
 72
     1
 10
25976.56439706784
 20
41469.96348136218
 11
25751.56439706784
 21
41469.96348136218
 72
     1
 10
25751.56439706784
 20
41469.96348136218
 11
25751.56439706784
 21
41244.96348136218
 97
        0
 75
     0
 76
     1
 98
        1
 10
-23470.38421971832
 20
53319.68731286577
450
        0
451
        0
460
0.0
461
0.0
452
        1
462
0.0
453
        0
470

1001
ACAD
1010
49334.44861678616
1020
-11962.22383150356
1030
0.0
1001
HATCHBACKGROUNDCOLOR
1071
-939524096
1000

1000

  0
HATCH
  5
1B32
330
1F
100
AcDbEntity
  8
COLUMN G-1
 62
     3
440
 33554687
100
AcDbHatch
 10
0.0
 20
0.0
 30
0.0
210
0.0
220
0.0
230
1.0
  2
SOLID
 70
     1
 71
     0
 91
        1
 92
        1
 93
        4
 72
     1
 10
9101.563786716271
 20
41244.96348136218
 11
9551.56378671627
 21
41244.96348136218
 72
     1
 10
9551.56378671627
 20
41244.96348136218
 11
9551.56378671627
 21
41469.96348136218
 72
     1
 10
9551.56378671627
 20
41469.96348136218
 11
9101.563786716271
 21
41469.96348136218
 72
     1
 10
9101.563786716271
 20
41469.96348136218
 11
9101.563786716271
 21
41244.96348136218
 97
        0
 75
     0
 76
     1
 98
        1
 10
-23470.38421971832
 20
53319.68731286577
450
        0
451
        0
460
0.0
461
0.0
452
        1
462
0.0
453
        0
470

1001
ACAD
1010
32796.9480064346
1020
-11962.22383150356
1030
0.0
1001
HATCHBACKGROUNDCOLOR
1071
-939524096
1000

1000

  0
HATCH
  5
1B33
330
1F
100
AcDbEntity
  8
COLUMN G-1
 62
     3
440
 33554687
100
AcDbHatch
 10
0.0
 20
0.0
 30
0.0
210
0.0
220
0.0
230
1.0
  2
SOLID
 70
     1
 71
     0
 91
        1
 92
        1
 93
        4
 72
     1
 10
6476.563908786584
 20
41244.96326773913
 11
6701.563908786583
 21
41244.96326773913
 72
     1
 10
6701.563908786583
 20
41244.96326773913
 11
6701.563908786583
 21
41469.96326773913
 72
     1
 10
6701.563908786583
 20
41469.96326773913
 11
6476.563908786584
 21
41469.96326773913
 72
     1
 10
6476.563908786584
 20
41469.96326773913
 11
6476.563908786584
 21
41244.96326773913
 97
        0
 75
     0
 76
     1
 98
        1
 10
-23470.38421971832
 20
51519.68758752397
450
        0
451
        0
460
0.0
461
0.0
452
        1
462
0.0
453
        0
470

1001
ACAD
1010
30059.44812850487
1020
-10162.2243197848
1030
0.0
1001
HATCHBACKGROUNDCOLOR
1071
-939524096
1000

1000

  0
TEXT
  5
1B34
330
1F
100
AcDbEntity
  8
GRID NAME
100
AcDbText
 10
76716.9725933307
 20
39651.94746729007
 30
0.0
 40
250.0
  1
1'
  7
Axis Label(Dir 2)
 72
     1
 11
76830.63221133889
 21
39776.94746729007
 31
0.0
100
AcDbText
 73
     2
  0
MTEXT
  5
1B35
330
1F
100
AcDbEntity
  8
G-ANNO-TEXT
 62
     1
100
AcDbMText
 10
19162.46723964946
 20
37589.58352991668
 30
0.0
 40
729.3462765031035
 41
21788.99656705554
 46
0.0
 71
     2
 72
     1
  1
FIRST FLOOR GENERAL ARRANGEMENT
  7
Arial_B
 73
     2
 44
1.0
 90
        3
 63
     9
421
 13158600
 45
1.25
441
        0
1001
REVIT
1002
{
1070
     1
1000
2714887
1002
}
1002
{
1070
     5
1000
6914
1002
}
1002
{
1070
     2
1000
-2000300
1002
}
  0
MTEXT
  5
1B36
330
1F
100
AcDbEntity
  8
G-ANNO-TEXT
 62
     1
100
AcDbMText
 10
84426.46239496353
 20
37698.80326046524
 30
0.0
 40
729.3462765031035
 41
21788.99656705554
 46
0.0
 71
     2
 72
     1
  1
ROOF GENERAL ARRANGEMENT
  7
Arial_B
 73
     2
 44
1.0
 90
        3
 63
     9
421
 13158600
 45
1.25
441
        0
1001
REVIT
1002
{
1070
     1
1000
2714887
1002
}
1002
{
1070
     5
1000
6914
1002
}
1002
{
1070
     2
1000
-2000300
1002
}
  0
LWPOLYLINE
  5
1B43
330
1F
100
AcDbEntity
  8
COLUMN G-1
 62
     3
440
 33554687
100
AcDbPolyline
 90
        4
 70
     1
 43
0.0
 10
13739.06427499752
 20
42932.46295528207
 10
14039.06427499752
 20
42932.46295528207
 10
14039.06427499752
 20
43382.46295528207
 10
13739.06427499752
 20
43382.46295528207
  0
HATCH
  5
1B44
330
1F
100
AcDbEntity
  8
COLUMN G-1
 62
     3
440
 33554687
100
AcDbHatch
 10
0.0
 20
0.0
 30
0.0
210
0.0
220
0.0
230
1.0
  2
SOLID
 70
     1
 71
     0
 91
        1
 92
        1
 93
        4
 72
     1
 10
13739.06427499752
 20
42932.46295528207
 11
14039.06427499752
 21
42932.46295528207
 72
     1
 10
14039.06427499752
 20
42932.46295528207
 11
14039.06427499752
 21
43382.46295528207
 72
     1
 10
14039.06427499752
 20
43382.46295528207
 11
13739.06427499752
 21
43382.46295528207
 72
     1
 10
13739.06427499752
 20
43382.46295528207
 11
13739.06427499752
 21
42932.46295528207
 97
        0
 75
     0
 76
     1
 98
        1
 10
-604472.4706054872
 20
-1026442.628254221
450
        0
451
        0
460
0.0
461
0.0
452
        1
462
0.0
453
        0
470

1001
ACAD
1010
618361.5348804848
1020
1069600.091209503
1030
0.0
1001
HATCHBACKGROUNDCOLOR
1071
-939524096
1000

1000

  0
LWPOLYLINE
  5
1B45
330
1F
100
AcDbEntity
  8
COLUMN G-1
 62
     3
440
 33554687
100
AcDbPolyline
 90
        4
 70
     1
 43
0.0
 10
9101.563969821739
 20
47769.96296256335
 10
9326.563969821739
 20
47769.96296256335
 10
9326.563969821739
 20
47994.96296256335
 10
9101.563969821739
 20
47994.96296256335
  0
HATCH
  5
1B46
330
1F
100
AcDbEntity
  8
COLUMN G-1
 62
     3
440
 33554687
100
AcDbHatch
 10
0.0
 20
0.0
 30
0.0
210
0.0
220
0.0
230
1.0
  2
SOLID
 70
     1
 71
     0
 91
        1
 92
        1
 93
        4
 72
     1
 10
9101.563969821739
 20
47769.96296256335
 11
9326.563969821739
 21
47769.96296256335
 72
     1
 10
9326.563969821739
 20
47769.96296256335
 11
9326.563969821739
 21
47994.96296256335
 72
     1
 10
9326.563969821739
 20
47994.96296256335
 11
9101.563969821739
 21
47994.96296256335
 72
     1
 10
9101.563969821739
 20
47994.96296256335
 11
9101.563969821739
 21
47769.96296256335
 97
        0
 75
     0
 76
     1
 98
        1
 10
-20845.38415868317
 20
53319.68728234819
450
        0
451
        0
460
0.0
461
0.0
452
        1
462
0.0
453
        0
470

1001
ACAD
1010
30059.44812850487
1020
-5437.224319784808
1030
0.0
1001
HATCHBACKGROUNDCOLOR
1071
-939524096
1000

1000

  0
LWPOLYLINE
  5
1B47
330
1F
100
AcDbEntity
  8
COLUMN 2-R
 62
     3
440
 33554687
100
AcDbPolyline
 90
        4
 70
     1
 43
0.0
 10
73418.13172305764
 20
47769.96299308093
 10
73643.13172305764
 20
47769.96299308093
 10
73643.13172305764
 20
47994.96299308093
 10
73418.13172305764
 20
47994.96299308093
  0
LWPOLYLINE
  5
1B49
330
1F
100
AcDbEntity
  8
COLUMN 2-R
 62
     3
440
 33554687
100
AcDbPolyline
 90
        4
 70
     1
 43
0.0
 10
79343.13221133889
 20
41244.96323722155
 10
79568.13221133889
 20
41244.96323722155
 10
79568.13221133889
 20
41469.96323722155
 10
79343.13221133889
 20
41469.96323722155
  0
LWPOLYLINE
  5
1B4A
330
1F
100
AcDbEntity
  8
COLUMN 2-R
 62
     3
440
 33554687
100
AcDbPolyline
 90
        4
 70
     1
 43
0.0
 10
85043.13221133889
 20
41244.96323722155
 10
85268.13221133888
 20
41244.96323722155
 10
85268.13221133888
 20
41469.96323722155
 10
85043.13221133889
 20
41469.96323722155
  0
LWPOLYLINE
  5
1B4B
330
1F
100
AcDbEntity
  8
COLUMN 2-R
 62
     3
440
 33554687
100
AcDbPolyline
 90
        4
 70
     1
 43
0.0
 10
78668.13221133842
 20
41244.96323722155
 10
78893.13221133842
 20
41244.96323722155
 10
78893.13221133842
 20
41469.96323722155
 10
78668.13221133842
 20
41469.96323722155
  0
LWPOLYLINE
  5
1B4C
330
1F
100
AcDbEntity
  8
COLUMN 2-R
 62
     3
440
 33554687
100
AcDbPolyline
 90
        4
 70
     1
 43
0.0
 10
84368.13221133888
 20
41244.96323722155
 10
84593.13221133889
 20
41244.96323722155
 10
84593.13221133889
 20
41469.96323722155
 10
84368.13221133888
 20
41469.96323722155
  0
LWPOLYLINE
  5
1B50
330
1F
100
AcDbEntity
  8
COLUMN G-1
 62
     3
440
 33554687
100
AcDbPolyline
 90
        4
 70
     1
 43
0.0
 10
18414.06488534908
 20
42932.46295528207
 10
18714.06488534908
 20
42932.46295528207
 10
18714.06488534908
 20
43382.46295528207
 10
18414.06488534908
 20
43382.46295528207
  0
HATCH
  5
1B51
330
1F
100
AcDbEntity
  8
COLUMN G-1
 62
     3
440
 33554687
100
AcDbHatch
 10
0.0
 20
0.0
 30
0.0
210
0.0
220
0.0
230
1.0
  2
SOLID
 70
     1
 71
     0
 91
        1
 92
        1
 93
        4
 72
     1
 10
18414.06488534908
 20
42932.46295528207
 11
18714.06488534908
 21
42932.46295528207
 72
     1
 10
18714.06488534908
 20
42932.46295528207
 11
18714.06488534908
 21
43382.46295528207
 72
     1
 10
18714.06488534908
 20
43382.46295528207
 11
18414.06488534908
 21
43382.46295528207
 72
     1
 10
18414.06488534908
 20
43382.46295528207
 11
18414.06488534908
 21
42932.46295528207
 97
        0
 75
     0
 76
     1
 98
        1
 10
-599797.4699951357
 20
-1026442.628254221
450
        0
451
        0
460
0.0
461
0.0
452
        1
462
0.0
453
        0
470

1001
ACAD
1010
618361.5348804848
1020
1069600.091209503
1030
0.0
1001
HATCHBACKGROUNDCOLOR
1071
-939524096
1000

1000

  0
LWPOLYLINE
  5
1B52
330
1F
100
AcDbEntity
  8
COLUMN G-1
 62
     3
440
 33554687
100
AcDbPolyline
 90
        4
 70
     1
 43
0.0
 10
13739.06427499752
 20
53057.46295528207
 10
14039.06427499752
 20
53057.46295528207
 10
14039.06427499752
 20
53507.46295528207
 10
13739.06427499752
 20
53507.46295528207
  0
HATCH
  5
1B53
330
1F
100
AcDbEntity
  8
COLUMN G-1
 62
     3
440
 33554687
100
AcDbHatch
 10
0.0
 20
0.0
 30
0.0
210
0.0
220
0.0
230
1.0
  2
SOLID
 70
     1
 71
     0
 91
        1
 92
        1
 93
        4
 72
     1
 10
13739.06427499752
 20
53057.46295528207
 11
14039.06427499752
 21
53057.46295528207
 72
     1
 10
14039.06427499752
 20
53057.46295528207
 11
14039.06427499752
 21
53507.46295528207
 72
     1
 10
14039.06427499752
 20
53507.46295528207
 11
13739.06427499752
 21
53507.46295528207
 72
     1
 10
13739.06427499752
 20
53507.46295528207
 11
13739.06427499752
 21
53057.46295528207
 97
        0
 75
     0
 76
     1
 98
        1
 10
-604472.4706054872
 20
-1016317.628254221
450
        0
451
        0
460
0.0
461
0.0
452
        1
462
0.0
453
        0
470

1001
ACAD
1010
618361.5348804848
1020
1069600.091209503
1030
0.0
1001
HATCHBACKGROUNDCOLOR
1071
-939524096
1000

1000

  0
LWPOLYLINE
  5
1B54
330
1F
100
AcDbEntity
  8
COLUMN G-1
 62
     3
440
 33554687
100
AcDbPolyline
 90
        4
 70
     1
 43
0.0
 10
18414.06488534908
 20
53057.46295528207
 10
18714.06488534908
 20
53057.46295528207
 10
18714.06488534908
 20
53507.46295528207
 10
18414.06488534908
 20
53507.46295528207
  0
HATCH
  5
1B55
330
1F
100
AcDbEntity
  8
COLUMN G-1
 62
     3
440
 33554687
100
AcDbHatch
 10
0.0
 20
0.0
 30
0.0
210
0.0
220
0.0
230
1.0
  2
SOLID
 70
     1
 71
     0
 91
        1
 92
        1
 93
        4
 72
     1
 10
18414.06488534908
 20
53057.46295528207
 11
18714.06488534908
 21
53057.46295528207
 72
     1
 10
18714.06488534908
 20
53057.46295528207
 11
18714.06488534908
 21
53507.46295528207
 72
     1
 10
18714.06488534908
 20
53507.46295528207
 11
18414.06488534908
 21
53507.46295528207
 72
     1
 10
18414.06488534908
 20
53507.46295528207
 11
18414.06488534908
 21
53057.46295528207
 97
        0
 75
     0
 76
     1
 98
        1
 10
-599797.4699951357
 20
-1016317.628254221
450
        0
451
        0
460
0.0
461
0.0
452
        1
462
0.0
453
        0
470

1001
ACAD
1010
618361.5348804848
1020
1069600.091209503
1030
0.0
1001
HATCHBACKGROUNDCOLOR
1071
-939524096
1000

1000

  0
LWPOLYLINE
  5
1B56
330
1F
100
AcDbEntity
  8
COLUMN 2-R
 62
     3
440
 33554687
100
AcDbPolyline
 90
        4
 70
     1
 43
0.0
 10
78055.63208926858
 20
42932.46295528207
 10
78355.63208926857
 20
42932.46295528207
 10
78355.63208926857
 20
43382.46295528207
 10
78055.63208926858
 20
43382.46295528207
  0
LWPOLYLINE
  5
1B57
330
1F
100
AcDbEntity
  8
COLUMN 2-R
 62
     3
440
 33554687
100
AcDbPolyline
 90
        4
 70
     1
 43
0.0
 10
82730.63269962014
 20
42932.46295528207
 10
83030.63269962013
 20
42932.46295528207
 10
83030.63269962013
 20
43382.46295528207
 10
82730.63269962014
 20
43382.46295528207
  0
LWPOLYLINE
  5
1B58
330
1F
100
AcDbEntity
  8
COLUMN 2-R
 62
     3
440
 33554687
100
AcDbPolyline
 90
        4
 70
     1
 43
0.0
 10
78055.63208926858
 20
53057.46295528207
 10
78355.63208926857
 20
53057.46295528207
 10
78355.63208926857
 20
53507.46295528207
 10
78055.63208926858
 20
53507.46295528207
  0
LWPOLYLINE
  5
1B59
330
1F
100
AcDbEntity
  8
COLUMN 2-R
 62
     3
440
 33554687
100
AcDbPolyline
 90
        4
 70
     1
 43
0.0
 10
82730.63269962014
 20
53057.46295528207
 10
83030.63269962013
 20
53057.46295528207
 10
83030.63269962013
 20
53507.46295528207
 10
82730.63269962014
 20
53507.46295528207
  0
HATCH
  5
1B5A
330
1F
100
AcDbEntity
  8
COLUMN G-1
 62
     3
440
 33554687
100
AcDbHatch
 10
0.0
 20
0.0
 30
0.0
210
0.0
220
0.0
230
1.0
  2
SOLID
 70
     1
 71
     0
 91
        1
 92
        1
 93
        4
 72
     1
 10
9101.563908786584
 20
43044.96299308093
 11
9326.563908786583
 21
43044.96299308093
 72
     1
 10
9326.563908786583
 20
43044.96299308093
 11
9326.563908786583
 21
43269.96299308093
 72
     1
 10
9326.563908786583
 20
43269.96299308093
 11
9101.563908786584
 21
43269.96299308093
 72
     1
 10
9101.563908786584
 20
43269.96299308093
 11
9101.563908786584
 21
43044.96299308093
 97
        0
 75
     0
 76
     1
 98
        1
 10
-20845.38421971833
 20
53319.68731286577
450
        0
451
        0
460
0.0
461
0.0
452
        1
462
0.0
453
        0
470

1001
ACAD
1010
30059.44812850487
1020
-10162.2243197848
1030
0.0
1001
HATCHBACKGROUNDCOLOR
1071
-939524096
1000

1000

  0
HATCH
  5
1B5B
330
1F
100
AcDbEntity
  8
COLUMN G-1
 62
     3
440
 33554687
100
AcDbHatch
 10
0.0
 20
0.0
 30
0.0
210
0.0
220
0.0
230
1.0
  2
SOLID
 70
     1
 71
     0
 91
        1
 92
        1
 93
        4
 72
     1
 10
23126.56488534909
 20
43044.96296256335
 11
23351.56488534908
 21
43044.96296256335
 72
     1
 10
23351.56488534908
 20
43044.96296256335
 11
23351.56488534908
 21
43269.96296256335
 72
     1
 10
23351.56488534908
 20
43269.96296256335
 11
23126.56488534909
 21
43269.96296256335
 72
     1
 10
23126.56488534909
 20
43269.96296256335
 11
23126.56488534909
 21
43044.96296256335
 97
        0
 75
     0
 76
     1
 98
        1
 10
-6820.383243155828
 20
53319.68728234819
450
        0
451
        0
460
0.0
461
0.0
452
        1
462
0.0
453
        0
470

1001
ACAD
1010
30059.44812850487
1020
-10162.2243197848
1030
0.0
1001
HATCHBACKGROUNDCOLOR
1071
-939524096
1000

1000

  0
LWPOLYLINE
  5
1B5C
330
1F
100
AcDbEntity
  8
GRIDLINES
 62
   251
420
  6513766
440
 33554687
 48
500.0
100
AcDbPolyline
 90
        2
 70
     0
 43
0.0
 10
4542.68121573336
 20
53282.46299308093
 10
32934.48115115399
 20
53282.46299308093
  0
LWPOLYLINE
  5
1B5D
330
1F
100
AcDbEntity
  8
GRIDLINES
 62
   251
420
  6513766
440
 33554687
 48
500.0
100
AcDbPolyline
 90
        2
 70
     0
 43
0.0
 10
4542.68121573336
 20
51707.46299308093
 10
32934.48115115399
 20
51707.46299308093
  0
LWPOLYLINE
  5
1B5E
330
1F
100
AcDbEntity
  8
GRIDLINES
 62
   251
420
  6513766
440
 33554687
 48
500.0
100
AcDbPolyline
 90
        2
 70
     0
 43
0.0
 10
4542.68121573336
 20
47882.46299308092
 10
32934.48115115399
 20
47882.46299308092
  0
LWPOLYLINE
  5
1B5F
330
1F
100
AcDbEntity
  8
GRIDLINES
 62
   251
420
  6513766
440
 33554687
 48
500.0
100
AcDbPolyline
 90
        2
 70
     0
 43
0.0
 10
4542.68121573336
 20
45032.46299308093
 10
32934.48115115399
 20
45032.46299308093
  0
LWPOLYLINE
  5
1B60
330
1F
100
AcDbEntity
  8
GRIDLINES
 62
   251
420
  6513766
440
 33554687
 48
500.0
100
AcDbPolyline
 90
        2
 70
     0
 43
0.0
 10
4542.68121573336
 20
43157.46299308093
 10
32934.48115115399
 20
43157.46299308093
  0
LWPOLYLINE
  5
1B61
330
1F
100
AcDbEntity
  8
GRIDLINES
 62
   251
420
  6513766
440
 33554687
 48
500.0
100
AcDbPolyline
 90
        2
 70
     0
 43
0.0
 10
4542.68121573336
 20
41357.46329825671
 10
32934.48115115399
 20
41357.46329825671
  0
LWPOLYLINE
  5
1B62
330
1F
100
AcDbEntity
  8
GRIDLINES
 62
   251
420
  6513766
440
 33554687
 48
500.0
100
AcDbPolyline
 90
        2
 70
     0
 43
0.0
 10
20839.06433603268
 20
39376.45634306196
 10
20839.06433603268
 20
55568.17460501912
  0
LWPOLYLINE
  5
1B63
330
1F
100
AcDbEntity
  8
GRIDLINES
 62
   251
420
  6513766
440
 33554687
 48
500.0
100
AcDbPolyline
 90
        2
 70
     0
 43
0.0
 10
23239.06482431393
 20
39376.45634306196
 10
23239.06482431393
 20
55568.17481864217
  0
LWPOLYLINE
  5
1B64
330
1F
100
AcDbEntity
  8
GRIDLINES
 62
   251
420
  6513766
440
 33554687
 48
500.0
100
AcDbPolyline
 90
        2
 70
     0
 43
0.0
 10
25864.06360361081
 20
39376.45634306196
 10
25864.06360361081
 20
55568.17481864217
  0
LWPOLYLINE
  5
1B65
330
1F
100
AcDbEntity
  8
GRIDLINES
 62
   251
420
  6513766
440
 33554687
 48
500.0
100
AcDbPolyline
 90
        2
 70
     0
 43
0.0
 10
27289.0636036108
 20
39376.45634306196
 10
27289.0636036108
 20
55568.17481864217
  0
LWPOLYLINE
  5
1B66
330
1F
100
AcDbEntity
  8
GRIDLINES
 62
   251
420
  6513766
440
 33554687
 48
500.0
100
AcDbPolyline
 90
        2
 70
     0
 43
0.0
 10
30889.06360361081
 20
39376.45634306196
 10
30889.06360361081
 20
55568.17481864217
  0
LWPOLYLINE
  5
1B67
330
1F
100
AcDbEntity
  8
GRIDLINES
 62
   251
420
  6513766
440
 33554687
 48
500.0
100
AcDbPolyline
 90
        2
 70
     0
 43
0.0
 10
6589.063908786584
 20
39376.45634306196
 10
6589.063908786584
 20
55568.17481864217
  0
LWPOLYLINE
  5
1B68
330
1F
100
AcDbEntity
  8
GRIDLINES
 62
   251
420
  6513766
440
 33554687
 48
500.0
100
AcDbPolyline
 90
        2
 70
     0
 43
0.0
 10
4542.68121573336
 20
52682.7938036278
 10
32934.48115115399
 20
52682.7938036278
  0
LWPOLYLINE
  5
1B69
330
1F
100
AcDbEntity
  8
GRIDLINES
 62
   251
420
  6513766
440
 33554687
 48
500.0
100
AcDbPolyline
 90
        2
 70
     0
 43
0.0
 10
9214.063908786583
 20
39376.45634306196
 10
9214.063908786583
 20
55568.17481864217
  0
LWPOLYLINE
  5
1B6A
330
1F
100
AcDbEntity
  8
GRIDLINES
 62
   251
420
  6513766
440
 33554687
 48
500.0
100
AcDbPolyline
 90
        2
 70
     0
 43
0.0
 10
18564.06482431393
 20
39376.45634306196
 10
18564.06482431393
 20
55568.17481864217
  0
LWPOLYLINE
  5
1B6B
330
1F
100
AcDbEntity
  8
GRIDLINES
 62
   251
420
  6513766
440
 33554687
 48
500.0
100
AcDbPolyline
 90
        4
 70
     0
 43
0.0
 10
13891.08747552447
 20
39381.27358887831
 10
13895.85675053981
 20
55567.78338991327
 10
13895.85675053981
 20
55567.78338991327
 10
13895.85675053981
 20
55567.78338991327
  0
LWPOLYLINE
  5
1B6C
330
1F
100
AcDbEntity
  8
GRIDLINES
 62
   251
420
  6513766
440
 33554687
 48
500.0
100
AcDbPolyline
 90
        2
 70
     0
 43
0.0
 10
4542.68121573336
 20
49003.69956534655
 10
32934.48115115399
 20
49003.69956534655
  0
LWPOLYLINE
  5
1B6D
330
1F
100
AcDbEntity
  8
GRIDLINES
 62
   251
420
  6513766
440
 33554687
 48
500.0
100
AcDbPolyline
 90
        4
 70
     0
 43
0.0
 10
15138.46253655963
 20
39362.03113591785
 10
15139.06433603279
 20
54419.25260917065
 10
15139.06435080462
 20
55568.17481864223
 10
15139.06435080462
 20
55568.17481864223
  0
LWPOLYLINE
  5
1B6E
330
1F
100
AcDbEntity
  8
GRIDLINES
 62
   251
420
  6513766
440
 33554687
 48
500.0
100
AcDbPolyline
 90
        4
 70
     0
 43
0.0
 10
14466.08759759408
 20
39381.27358887831
 10
14464.06433603221
 20
55568.17481864221
 10
14464.06433603221
 20
55568.17481864221
 10
14464.06433603221
 20
55568.17481864221
  0
LWPOLYLINE
  5
1B6F
330
1F
100
AcDbEntity
  8
GRIDLINES
 62
   251
420
  6513766
440
 33554687
 48
500.0
100
AcDbPolyline
 90
        2
 70
     0
 43
0.0
 10
20164.06433603326
 20
39376.45634306196
 10
20164.06433603303
 20
55568.17460501912
  0
CIRCLE
  5
1B70
330
1F
100
AcDbEntity
  8
GRID NAME
100
AcDbCircle
 10
4317.681215733361
 20
53282.46299308093
 30
0.0
 40
225.0
  0
TEXT
  5
1B71
330
1F
100
AcDbEntity
  8
GRID NAME
100
AcDbText
 10
4205.726986538272
 20
53162.31299308093
 30
0.0
 40
240.2999999999997
  1
A
  7
Arial_1
 72
     1
 11
4317.681215733361
 21
53282.46299308093
 31
0.0
100
AcDbText
 73
     2
  0
CIRCLE
  5
1B72
330
1F
100
AcDbEntity
  8
GRID NAME
100
AcDbCircle
 10
33159.48115115399
 20
53282.46299308093
 30
0.0
 40
225.0
  0
TEXT
  5
1B73
330
1F
100
AcDbEntity
  8
GRID NAME
100
AcDbText
 10
33047.5269219589
 20
53162.31299308093
 30
0.0
 40
240.2999999999997
  1
A
  7
Arial_1
 72
     1
 11
33159.48115115399
 21
53282.46299308093
 31
0.0
100
AcDbText
 73
     2
  0
CIRCLE
  5
1B74
330
1F
100
AcDbEntity
  8
GRID NAME
100
AcDbCircle
 10
4317.681215733361
 20
51707.46299308093
 30
0.0
 40
225.0
  0
TEXT
  5
1B75
330
1F
100
AcDbEntity
  8
GRID NAME
100
AcDbText
 10
4205.726986538272
 20
51587.31299308093
 30
0.0
 40
240.2999999999997
  1
B
  7
Arial_1
 72
     1
 11
4317.681215733361
 21
51707.46299308093
 31
0.0
100
AcDbText
 73
     2
  0
CIRCLE
  5
1B76
330
1F
100
AcDbEntity
  8
GRID NAME
100
AcDbCircle
 10
33159.48115115399
 20
51707.46299308093
 30
0.0
 40
225.0
  0
TEXT
  5
1B77
330
1F
100
AcDbEntity
  8
GRID NAME
100
AcDbText
 10
33047.5269219589
 20
51587.31299308093
 30
0.0
 40
240.2999999999997
  1
B
  7
Arial_1
 72
     1
 11
33159.48115115399
 21
51707.46299308093
 31
0.0
100
AcDbText
 73
     2
  0
CIRCLE
  5
1B78
330
1F
100
AcDbEntity
  8
GRID NAME
100
AcDbCircle
 10
4317.681215733361
 20
47882.46299308092
 30
0.0
 40
225.0
  0
TEXT
  5
1B79
330
1F
100
AcDbEntity
  8
GRID NAME
100
AcDbText
 10
4196.465765528722
 20
47762.31299308093
 30
0.0
 40
240.2999999999997
  1
C
  7
Arial_1
 72
     1
 11
4317.681215733361
 21
47882.46299308092
 31
0.0
100
AcDbText
 73
     2
  0
CIRCLE
  5
1B7A
330
1F
100
AcDbEntity
  8
GRID NAME
100
AcDbCircle
 10
33159.48115115399
 20
47882.46299308092
 30
0.0
 40
225.0
  0
TEXT
  5
1B7B
330
1F
100
AcDbEntity
  8
GRID NAME
100
AcDbText
 10
33038.26570094935
 20
47762.31299308093
 30
0.0
 40
240.2999999999997
  1
C
  7
Arial_1
 72
     1
 11
33159.48115115399
 21
47882.46299308092
 31
0.0
100
AcDbText
 73
     2
  0
CIRCLE
  5
1B7C
330
1F
100
AcDbEntity
  8
GRID NAME
100
AcDbCircle
 10
4317.681215733361
 20
45032.46299308093
 30
0.0
 40
225.0
  0
TEXT
  5
1B7D
330
1F
100
AcDbEntity
  8
GRID NAME
100
AcDbText
 10
4196.465765528722
 20
44912.31299308092
 30
0.0
 40
240.2999999999997
  1
D
  7
Arial_1
 72
     1
 11
4317.681215733361
 21
45032.46299308093
 31
0.0
100
AcDbText
 73
     2
  0
CIRCLE
  5
1B7E
330
1F
100
AcDbEntity
  8
GRID NAME
100
AcDbCircle
 10
33159.48115115399
 20
45032.46299308093
 30
0.0
 40
225.0
  0
TEXT
  5
1B7F
330
1F
100
AcDbEntity
  8
GRID NAME
100
AcDbText
 10
33038.26570094935
 20
44912.31299308092
 30
0.0
 40
240.2999999999997
  1
D
  7
Arial_1
 72
     1
 11
33159.48115115399
 21
45032.46299308093
 31
0.0
100
AcDbText
 73
     2
  0
CIRCLE
  5
1B80
330
1F
100
AcDbEntity
  8
GRID NAME
100
AcDbCircle
 10
4317.681215733361
 20
43157.46299308093
 30
0.0
 40
225.0
  0
TEXT
  5
1B81
330
1F
100
AcDbEntity
  8
GRID NAME
100
AcDbText
 10
4205.726986538272
 20
43037.31299308092
 30
0.0
 40
240.2999999999997
  1
E
  7
Arial_1
 72
     1
 11
4317.681215733361
 21
43157.46299308093
 31
0.0
100
AcDbText
 73
     2
  0
CIRCLE
  5
1B82
330
1F
100
AcDbEntity
  8
GRID NAME
100
AcDbCircle
 10
33159.48115115399
 20
43157.46299308093
 30
0.0
 40
225.0
  0
TEXT
  5
1B83
330
1F
100
AcDbEntity
  8
GRID NAME
100
AcDbText
 10
33047.5269219589
 20
43037.31299308092
 30
0.0
 40
240.2999999999997
  1
E
  7
Arial_1
 72
     1
 11
33159.48115115399
 21
43157.46299308093
 31
0.0
100
AcDbText
 73
     2
  0
CIRCLE
  5
1B84
330
1F
100
AcDbEntity
  8
GRID NAME
100
AcDbCircle
 10
4317.681215733361
 20
41357.46329825671
 30
0.0
 40
225.0
  0
TEXT
  5
1B85
330
1F
100
AcDbEntity
  8
GRID NAME
100
AcDbText
 10
4215.15212296392
 20
41237.31329825671
 30
0.0
 40
240.2999999999997
  1
F
  7
Arial_1
 72
     1
 11
4317.681215733361
 21
41357.46329825671
 31
0.0
100
AcDbText
 73
     2
  0
CIRCLE
  5
1B86
330
1F
100
AcDbEntity
  8
GRID NAME
100
AcDbCircle
 10
33159.48115115399
 20
41357.46329825671
 30
0.0
 40
225.0
  0
TEXT
  5
1B87
330
1F
100
AcDbEntity
  8
GRID NAME
100
AcDbText
 10
33056.95205838455
 20
41237.31329825671
 30
0.0
 40
240.2999999999997
  1
F
  7
Arial_1
 72
     1
 11
33159.48115115399
 21
41357.46329825671
 31
0.0
100
AcDbText
 73
     2
  0
CIRCLE
  5
1B88
330
1F
100
AcDbEntity
  8
GRID NAME
100
AcDbCircle
 10
20839.06433603268
 20
55793.17460501913
 30
0.0
 40
225.0
  0
TEXT
  5
1B89
330
1F
100
AcDbEntity
  8
GRID NAME
100
AcDbText
 10
20681.62357887033
 20
55673.02460501912
 30
0.0
 40
240.2999999999997
  1
3''
  7
Arial_1
 72
     1
 11
20839.06433603268
 21
55793.17460501913
 31
0.0
100
AcDbText
 73
     2
  0
CIRCLE
  5
1B8A
330
1F
100
AcDbEntity
  8
GRID NAME
100
AcDbCircle
 10
23239.06482431393
 20
55793.17481864217
 30
0.0
 40
225.0
  0
TEXT
  5
1B8B
330
1F
100
AcDbEntity
  8
GRID NAME
100
AcDbText
 10
23145.71499484599
 20
55673.02481864217
 30
0.0
 40
240.2999999999997
  1
4
  7
Arial_1
 72
     1
 11
23239.06482431393
 21
55793.17481864217
 31
0.0
100
AcDbText
 73
     2
  0
CIRCLE
  5
1B8C
330
1F
100
AcDbEntity
  8
GRID NAME
100
AcDbCircle
 10
25864.06360361081
 20
39151.45634306196
 30
0.0
 40
225.0
  0
TEXT
  5
1B8D
330
1F
100
AcDbEntity
  8
GRID NAME
100
AcDbText
 10
25770.71377414287
 20
39031.30634306196
 30
0.0
 40
240.2999999999997
  1
5
  7
Arial_1
 72
     1
 11
25864.06360361081
 21
39151.45634306196
 31
0.0
100
AcDbText
 73
     2
  0
CIRCLE
  5
1B8E
330
1F
100
AcDbEntity
  8
GRID NAME
100
AcDbCircle
 10
25864.06360361081
 20
55793.17481864217
 30
0.0
 40
225.0
  0
TEXT
  5
1B8F
330
1F
100
AcDbEntity
  8
GRID NAME
100
AcDbText
 10
25770.71377414287
 20
55673.02481864217
 30
0.0
 40
240.2999999999997
  1
5
  7
Arial_1
 72
     1
 11
25864.06360361081
 21
55793.17481864217
 31
0.0
100
AcDbText
 73
     2
  0
CIRCLE
  5
1B90
330
1F
100
AcDbEntity
  8
GRID NAME
100
AcDbCircle
 10
27289.0636036108
 20
39151.45634306196
 30
0.0
 40
225.0
  0
TEXT
  5
1B91
330
1F
100
AcDbEntity
  8
GRID NAME
100
AcDbText
 10
27195.71377414287
 20
39031.30634306196
 30
0.0
 40
240.2999999999997
  1
6
  7
Arial_1
 72
     1
 11
27289.0636036108
 21
39151.45634306196
 31
0.0
100
AcDbText
 73
     2
  0
CIRCLE
  5
1B92
330
1F
100
AcDbEntity
  8
GRID NAME
100
AcDbCircle
 10
27289.0636036108
 20
55793.17481864217
 30
0.0
 40
225.0
  0
TEXT
  5
1B93
330
1F
100
AcDbEntity
  8
GRID NAME
100
AcDbText
 10
27195.71377414287
 20
55673.02481864217
 30
0.0
 40
240.2999999999997
  1
6
  7
Arial_1
 72
     1
 11
27289.0636036108
 21
55793.17481864217
 31
0.0
100
AcDbText
 73
     2
  0
CIRCLE
  5
1B94
330
1F
100
AcDbEntity
  8
GRID NAME
100
AcDbCircle
 10
30889.06360361081
 20
39151.45634306196
 30
0.0
 40
225.0
  0
TEXT
  5
1B95
330
1F
100
AcDbEntity
  8
GRID NAME
100
AcDbText
 10
30795.71377414286
 20
39031.30634306196
 30
0.0
 40
240.2999999999997
  1
7
  7
Arial_1
 72
     1
 11
30889.06360361081
 21
39151.45634306196
 31
0.0
100
AcDbText
 73
     2
  0
CIRCLE
  5
1B96
330
1F
100
AcDbEntity
  8
GRID NAME
100
AcDbCircle
 10
30889.06360361081
 20
55793.17481864217
 30
0.0
 40
225.0
  0
TEXT
  5
1B97
330
1F
100
AcDbEntity
  8
GRID NAME
100
AcDbText
 10
30795.71377414286
 20
55673.02481864217
 30
0.0
 40
240.2999999999997
  1
7
  7
Arial_1
 72
     1
 11
30889.06360361081
 21
55793.17481864217
 31
0.0
100
AcDbText
 73
     2
  0
CIRCLE
  5
1B98
330
1F
100
AcDbEntity
  8
GRID NAME
100
AcDbCircle
 10
6589.063908786584
 20
39151.45634306196
 30
0.0
 40
225.0
  0
TEXT
  5
1B99
330
1F
100
AcDbEntity
  8
GRID NAME
100
AcDbText
 10
6495.714079318644
 20
39031.30634306196
 30
0.0
 40
240.2999999999997
  1
8
  7
Arial_1
 72
     1
 11
6589.063908786584
 21
39151.45634306196
 31
0.0
100
AcDbText
 73
     2
  0
CIRCLE
  5
1B9A
330
1F
100
AcDbEntity
  8
GRID NAME
100
AcDbCircle
 10
6589.063908786584
 20
55793.17481864217
 30
0.0
 40
225.0
  0
TEXT
  5
1B9B
330
1F
100
AcDbEntity
  8
GRID NAME
100
AcDbText
 10
6495.714079318644
 20
55673.02481864217
 30
0.0
 40
240.2999999999997
  1
8
  7
Arial_1
 72
     1
 11
6589.063908786584
 21
55793.17481864217
 31
0.0
100
AcDbText
 73
     2
  0
CIRCLE
  5
1B9C
330
1F
100
AcDbEntity
  8
GRID NAME
100
AcDbCircle
 10
4317.681215733361
 20
52682.7938036278
 30
0.0
 40
225.0
  0
TEXT
  5
1B9D
330
1F
100
AcDbEntity
  8
GRID NAME
100
AcDbText
 10
4173.927395815216
 20
52562.64380362781
 30
0.0
 40
240.2999999999997
  1
A'
  7
Arial_1
 72
     1
 11
4317.681215733361
 21
52682.7938036278
 31
0.0
100
AcDbText
 73
     2
  0
CIRCLE
  5
1B9E
330
1F
100
AcDbEntity
  8
GRID NAME
100
AcDbCircle
 10
33159.48115115399
 20
52682.7938036278
 30
0.0
 40
225.0
  0
TEXT
  5
1B9F
330
1F
100
AcDbEntity
  8
GRID NAME
100
AcDbText
 10
33022.11757680201
 20
52557.7938036278
 30
0.0
 40
250.0
  1
A'
  7
Axis Label(Dir 1)
 72
     1
 11
33159.48115115399
 21
52682.7938036278
 31
0.0
100
AcDbText
 73
     2
  0
CIRCLE
  5
1BA0
330
1F
100
AcDbEntity
  8
GRID NAME
100
AcDbCircle
 10
9214.063908786583
 20
39151.45634306196
 30
0.0
 40
225.0
  0
TEXT
  5
1BA1
330
1F
100
AcDbEntity
  8
GRID NAME
100
AcDbText
 10
9120.714079318643
 20
39031.30634306196
 30
0.0
 40
240.2999999999997
  1
1
  7
Arial_1
 72
     1
 11
9214.063908786583
 21
39151.45634306196
 31
0.0
100
AcDbText
 73
     2
  0
CIRCLE
  5
1BA2
330
1F
100
AcDbEntity
  8
GRID NAME
100
AcDbCircle
 10
9214.063908786583
 20
55793.17481864217
 30
0.0
 40
225.0
  0
TEXT
  5
1BA3
330
1F
100
AcDbEntity
  8
GRID NAME
100
AcDbText
 10
9120.714079318643
 20
55673.02481864217
 30
0.0
 40
240.2999999999997
  1
1
  7
Arial_1
 72
     1
 11
9214.063908786583
 21
55793.17481864217
 31
0.0
100
AcDbText
 73
     2
  0
CIRCLE
  5
1BA4
330
1F
100
AcDbEntity
  8
GRID NAME
100
AcDbCircle
 10
14464.06433603221
 20
55793.17481864217
 30
0.0
 40
225.0
  0
TEXT
  5
1BA5
330
1F
100
AcDbEntity
  8
GRID NAME
100
AcDbText
 10
14338.66904271707
 20
55673.02481864217
 30
0.0
 40
240.2999999999997
  1
2'
  7
Arial_1
 72
     1
 11
14464.06433603221
 21
55793.17481864217
 31
0.0
100
AcDbText
 73
     2
  0
CIRCLE
  5
1BA6
330
1F
100
AcDbEntity
  8
GRID NAME
100
AcDbCircle
 10
18564.06482431393
 20
39151.45634306196
 30
0.0
 40
225.0
  0
TEXT
  5
1BA7
330
1F
100
AcDbEntity
  8
GRID NAME
100
AcDbText
 10
18470.71499484599
 20
39031.30634306196
 30
0.0
 40
240.2999999999997
  1
3
  7
Arial_1
 72
     1
 11
18564.06482431393
 21
39151.45634306196
 31
0.0
100
AcDbText
 73
     2
  0
CIRCLE
  5
1BA8
330
1F
100
AcDbEntity
  8
GRID NAME
100
AcDbCircle
 10
18564.06482431393
 20
55793.17481864217
 30
0.0
 40
225.0
  0
TEXT
  5
1BA9
330
1F
100
AcDbEntity
  8
GRID NAME
100
AcDbText
 10
18470.71499484599
 20
55673.02481864217
 30
0.0
 40
240.2999999999997
  1
3
  7
Arial_1
 72
     1
 11
18564.06482431393
 21
55793.17481864217
 31
0.0
100
AcDbText
 73
     2
  0
CIRCLE
  5
1BAA
330
1F
100
AcDbEntity
  8
GRID NAME
100
AcDbCircle
 10
4317.681215733361
 20
49003.69956534655
 30
0.0
 40
225.0
  0
TEXT
  5
1BAB
330
1F
100
AcDbEntity
  8
GRID NAME
100
AcDbText
 10
4173.681522691068
 20
48883.54956534655
 30
0.0
 40
240.2999999999997
  1
B'
  7
Arial_1
 72
     1
 11
4317.681215733361
 21
49003.69956534655
 31
0.0
100
AcDbText
 73
     2
  0
CIRCLE
  5
1BAC
330
1F
100
AcDbEntity
  8
GRID NAME
100
AcDbCircle
 10
33159.48115115399
 20
49003.69956534655
 30
0.0
 40
225.0
  0
TEXT
  5
1BAD
330
1F
100
AcDbEntity
  8
GRID NAME
100
AcDbText
 10
33015.4814581117
 20
48883.54956534655
 30
0.0
 40
240.2999999999997
  1
B'
  7
Arial_1
 72
     1
 11
33159.48115115399
 21
49003.69956534655
 31
0.0
100
AcDbText
 73
     2
  0
CIRCLE
  5
1BAE
330
1F
100
AcDbEntity
  8
GRID NAME
100
AcDbCircle
 10
15139.06435051102
 20
55778.35898761509
 30
0.0
 40
225.0
  0
TEXT
  5
1BAF
330
1F
100
AcDbEntity
  8
GRID NAME
100
AcDbText
 10
14981.62359334867
 20
55658.20898761509
 30
0.0
 40
240.2999999999997
  1
2''
  7
Arial_1
 72
     1
 11
15139.06435051102
 21
55778.35898761509
 31
0.0
100
AcDbText
 73
     2
  0
CIRCLE
  5
1BB0
330
1F
100
AcDbEntity
  8
GRID NAME
100
AcDbCircle
 10
13895.85675053981
 20
55792.78338991326
 30
0.0
 40
225.0
  0
TEXT
  5
1BB1
330
1F
100
AcDbEntity
  8
GRID NAME
100
AcDbText
 10
13802.50692107187
 20
55672.63338991327
 30
0.0
 40
240.2999999999997
  1
2
  7
Arial_1
 72
     1
 11
13895.85675053981
 21
55792.78338991326
 31
0.0
100
AcDbText
 73
     2
  0
CIRCLE
  5
1BB2
330
1F
100
AcDbEntity
  8
GRID NAME
100
AcDbCircle
 10
20164.06433603303
 20
55793.17460501913
 30
0.0
 40
225.0
  0
TEXT
  5
1BB3
330
1F
100
AcDbEntity
  8
GRID NAME
100
AcDbText
 10
20038.66904271789
 20
55673.02460501912
 30
0.0
 40
240.2999999999997
  1
3'
  7
Arial_1
 72
     1
 11
20164.06433603303
 21
55793.17460501913
 31
0.0
100
AcDbText
 73
     2
  0
CIRCLE
  5
1BB4
330
1F
100
AcDbEntity
  8
GRID NAME
100
AcDbCircle
 10
20839.0643360328
 20
39151.84755816783
 30
0.0
 40
225.0
  0
TEXT
  5
1BB5
330
1F
100
AcDbEntity
  8
GRID NAME
100
AcDbText
 10
20681.62357887045
 20
39031.69755816782
 30
0.0
 40
240.2999999999997
  1
3''
  7
Arial_1
 72
     1
 11
20839.0643360328
 21
39151.84755816783
 31
0.0
100
AcDbText
 73
     2
  0
CIRCLE
  5
1BB6
330
1F
100
AcDbEntity
  8
GRID NAME
100
AcDbCircle
 10
14464.06433603244
 20
39151.84777179087
 30
0.0
 40
225.0
  0
TEXT
  5
1BB7
330
1F
100
AcDbEntity
  8
GRID NAME
100
AcDbText
 10
14338.6690427173
 20
39031.69777179087
 30
0.0
 40
240.2999999999997
  1
2'
  7
Arial_1
 72
     1
 11
14464.06433603244
 21
39151.84777179087
 31
0.0
100
AcDbText
 73
     2
  0
CIRCLE
  5
1BB8
330
1F
100
AcDbEntity
  8
GRID NAME
100
AcDbCircle
 10
15139.06435051102
 20
39137.03194076379
 30
0.0
 40
225.0
  0
TEXT
  5
1BB9
330
1F
100
AcDbEntity
  8
GRID NAME
100
AcDbText
 10
14981.62359334867
 20
39016.88194076379
 30
0.0
 40
240.2999999999997
  1
2''
  7
Arial_1
 72
     1
 11
15139.06435051102
 21
39137.03194076379
 31
0.0
100
AcDbText
 73
     2
  0
CIRCLE
  5
1BBA
330
1F
100
AcDbEntity
  8
GRID NAME
100
AcDbCircle
 10
13895.85675053992
 20
39151.45634306196
 30
0.0
 40
225.0
  0
TEXT
  5
1BBB
330
1F
100
AcDbEntity
  8
GRID NAME
100
AcDbText
 10
13802.50692107198
 20
39031.30634306196
 30
0.0
 40
240.2999999999997
  1
2
  7
Arial_1
 72
     1
 11
13895.85675053992
 21
39151.45634306196
 31
0.0
100
AcDbText
 73
     2
  0
CIRCLE
  5
1BBC
330
1F
100
AcDbEntity
  8
GRID NAME
100
AcDbCircle
 10
20164.06433603314
 20
39151.84755816783
 30
0.0
 40
225.0
  0
TEXT
  5
1BBD
330
1F
100
AcDbEntity
  8
GRID NAME
100
AcDbText
 10
20038.669042718
 20
39031.69755816782
 30
0.0
 40
240.2999999999997
  1
3'
  7
Arial_1
 72
     1
 11
20164.06433603314
 21
39151.84755816783
 31
0.0
100
AcDbText
 73
     2
  0
CIRCLE
  5
1BBE
330
1F
100
AcDbEntity
  8
GRID NAME
100
AcDbCircle
 10
23239.06482431393
 20
39151.84755816783
 30
0.0
 40
225.0
  0
TEXT
  5
1BBF
330
1F
100
AcDbEntity
  8
GRID NAME
100
AcDbText
 10
23145.71499484599
 20
39031.69755816782
 30
0.0
 40
240.2999999999997
  1
4
  7
Arial_1
 72
     1
 11
23239.06482431393
 21
39151.84755816783
 31
0.0
100
AcDbText
 73
     2
  0
LWPOLYLINE
  5
1BC0
330
1F
100
AcDbEntity
  8
GRIDLINES
 62
   251
420
  6513766
440
 33554687
 48
500.0
100
AcDbPolyline
 90
        2
 70
     0
 43
0.0
 10
68859.24903000441
 20
53282.46299308093
 10
97536.77895161583
 20
53282.46299308093
  0
LWPOLYLINE
  5
1BC1
330
1F
100
AcDbEntity
  8
GRIDLINES
 62
   251
420
  6513766
440
 33554687
 48
500.0
100
AcDbPolyline
 90
        2
 70
     0
 43
0.0
 10
68859.24903000441
 20
51707.46299308093
 10
97536.77895161583
 20
51707.46299308093
  0
LWPOLYLINE
  5
1BC2
330
1F
100
AcDbEntity
  8
GRIDLINES
 62
   251
420
  6513766
440
 33554687
 48
500.0
100
AcDbPolyline
 90
        2
 70
     0
 43
0.0
 10
68859.24903000441
 20
47882.46299308092
 10
97536.77895161583
 20
47882.46299308092
  0
LWPOLYLINE
  5
1BC3
330
1F
100
AcDbEntity
  8
GRIDLINES
 62
   251
420
  6513766
440
 33554687
 48
500.0
100
AcDbPolyline
 90
        2
 70
     0
 43
0.0
 10
68859.24903000441
 20
45032.46299308093
 10
97536.77895161583
 20
45032.46299308093
  0
LWPOLYLINE
  5
1BC4
330
1F
100
AcDbEntity
  8
GRIDLINES
 62
   251
420
  6513766
440
 33554687
 48
500.0
100
AcDbPolyline
 90
        2
 70
     0
 43
0.0
 10
68859.24903000441
 20
43157.46299308093
 10
97536.77895161583
 20
43157.46299308093
  0
LWPOLYLINE
  5
1BC5
330
1F
100
AcDbEntity
  8
GRIDLINES
 62
   251
420
  6513766
440
 33554687
 48
500.0
100
AcDbPolyline
 90
        2
 70
     0
 43
0.0
 10
68859.24903000441
 20
41357.46329825671
 10
97536.77895161583
 20
41357.46329825671
  0
LWPOLYLINE
  5
1BC6
330
1F
100
AcDbEntity
  8
GRIDLINES
 62
   251
420
  6513766
440
 33554687
 48
500.0
100
AcDbPolyline
 90
        2
 70
     0
 43
0.0
 10
85155.63215030374
 20
39376.45634306196
 10
85155.63215030374
 20
55568.17460501912
  0
LWPOLYLINE
  5
1BC7
330
1F
100
AcDbEntity
  8
GRIDLINES
 62
   251
420
  6513766
440
 33554687
 48
500.0
100
AcDbPolyline
 90
        2
 70
     0
 43
0.0
 10
87555.63263858498
 20
39376.45634306196
 10
87555.63263858498
 20
55568.17481864217
  0
LWPOLYLINE
  5
1BC8
330
1F
100
AcDbEntity
  8
GRIDLINES
 62
   251
420
  6513766
440
 33554687
 48
500.0
100
AcDbPolyline
 90
        2
 70
     0
 43
0.0
 10
90180.63141788186
 20
39376.45634306196
 10
90180.63141788186
 20
55568.17481864217
  0
LWPOLYLINE
  5
1BC9
330
1F
100
AcDbEntity
  8
GRIDLINES
 62
   251
420
  6513766
440
 33554687
 48
500.0
100
AcDbPolyline
 90
        2
 70
     0
 43
0.0
 10
91605.63141788186
 20
39376.45634306196
 10
91605.63141788186
 20
55568.17481864217
  0
LWPOLYLINE
  5
1BCA
330
1F
100
AcDbEntity
  8
GRIDLINES
 62
   251
420
  6513766
440
 33554687
 48
500.0
100
AcDbPolyline
 90
        2
 70
     0
 43
0.0
 10
95205.63141788185
 20
39376.45634306196
 10
95205.63141788185
 20
55568.17481864217
  0
LWPOLYLINE
  5
1BCB
330
1F
100
AcDbEntity
  8
GRIDLINES
 62
   251
420
  6513766
440
 33554687
 48
500.0
100
AcDbPolyline
 90
        2
 70
     0
 43
0.0
 10
70905.63172305763
 20
39376.45634306196
 10
70905.63172305763
 20
55568.17481864217
  0
LWPOLYLINE
  5
1BCC
330
1F
100
AcDbEntity
  8
GRIDLINES
 62
   251
420
  6513766
440
 33554687
 48
500.0
100
AcDbPolyline
 90
        2
 70
     0
 43
0.0
 10
68859.24903000441
 20
52682.7938036278
 10
97536.77895161583
 20
52682.7938036278
  0
LWPOLYLINE
  5
1BCD
330
1F
100
AcDbEntity
  8
GRIDLINES
 62
   251
420
  6513766
440
 33554687
 48
500.0
100
AcDbPolyline
 90
        2
 70
     0
 43
0.0
 10
73530.63172305764
 20
39376.45634306196
 10
73530.63172305764
 20
55568.17481864217
  0
LWPOLYLINE
  5
1BCE
330
1F
100
AcDbEntity
  8
GRIDLINES
 62
   251
420
  6513766
440
 33554687
 48
500.0
100
AcDbPolyline
 90
        2
 70
     0
 43
0.0
 10
82880.63263858498
 20
39376.45634306196
 10
82880.63263858498
 20
55568.17481864217
  0
LWPOLYLINE
  5
1BCF
330
1F
100
AcDbEntity
  8
GRIDLINES
 62
   251
420
  6513766
440
 33554687
 48
500.0
100
AcDbPolyline
 90
        4
 70
     0
 43
0.0
 10
78207.65528979553
 20
39381.27358887831
 10
78212.42456481086
 20
55567.78338991327
 10
78212.42456481086
 20
55567.78338991327
 10
78212.42456481086
 20
55567.78338991327
  0
LWPOLYLINE
  5
1BD0
330
1F
100
AcDbEntity
  8
GRIDLINES
 62
   251
420
  6513766
440
 33554687
 48
500.0
100
AcDbPolyline
 90
        2
 70
     0
 43
0.0
 10
68859.24903000441
 20
49003.69956534655
 10
97536.77895161583
 20
49003.69956534655
  0
LWPOLYLINE
  5
1BD1
330
1F
100
AcDbEntity
  8
GRIDLINES
 62
   251
420
  6513766
440
 33554687
 48
500.0
100
AcDbPolyline
 90
        4
 70
     0
 43
0.0
 10
79455.03035083068
 20
39362.03113591785
 10
79455.63215030385
 20
54419.25260917065
 10
79455.63216507578
 20
55568.17481864223
 10
79455.63216507578
 20
55568.17481864223
  0
LWPOLYLINE
  5
1BD2
330
1F
100
AcDbEntity
  8
GRIDLINES
 62
   251
420
  6513766
440
 33554687
 48
500.0
100
AcDbPolyline
 90
        4
 70
     0
 43
0.0
 10
78782.65541186514
 20
39381.27358887831
 10
78780.63215030338
 20
55568.17481864221
 10
78780.63215030338
 20
55568.17481864221
 10
78780.63215030338
 20
55568.17481864221
  0
LWPOLYLINE
  5
1BD3
330
1F
100
AcDbEntity
  8
GRIDLINES
 62
   251
420
  6513766
440
 33554687
 48
500.0
100
AcDbPolyline
 90
        2
 70
     0
 43
0.0
 10
84480.63215030432
 20
39376.45634306196
 10
84480.63215030408
 20
55568.17460501912
  0
CIRCLE
  5
1BD4
330
1F
100
AcDbEntity
  8
GRID NAME
100
AcDbCircle
 10
68634.24903000441
 20
53282.46299308093
 30
0.0
 40
225.0
  0
TEXT
  5
1BD5
330
1F
100
AcDbEntity
  8
GRID NAME
100
AcDbText
 10
68522.29480080932
 20
53162.31299308093
 30
0.0
 40
240.2999999999997
  1
A
  7
Arial_1
 72
     1
 11
68634.24903000441
 21
53282.46299308093
 31
0.0
100
AcDbText
 73
     2
  0
CIRCLE
  5
1BD6
330
1F
100
AcDbEntity
  8
GRID NAME
100
AcDbCircle
 10
97761.77895161584
 20
53282.46299308093
 30
0.0
 40
225.0
  0
TEXT
  5
1BD7
330
1F
100
AcDbEntity
  8
GRID NAME
100
AcDbText
 10
97649.82472242074
 20
53162.31299308093
 30
0.0
 40
240.2999999999997
  1
A
  7
Arial_1
 72
     1
 11
97761.77895161584
 21
53282.46299308093
 31
0.0
100
AcDbText
 73
     2
  0
CIRCLE
  5
1BD8
330
1F
100
AcDbEntity
  8
GRID NAME
100
AcDbCircle
 10
68634.24903000441
 20
51707.46299308093
 30
0.0
 40
225.0
  0
TEXT
  5
1BD9
330
1F
100
AcDbEntity
  8
GRID NAME
100
AcDbText
 10
68522.29480080932
 20
51587.31299308093
 30
0.0
 40
240.2999999999997
  1
B
  7
Arial_1
 72
     1
 11
68634.24903000441
 21
51707.46299308093
 31
0.0
100
AcDbText
 73
     2
  0
CIRCLE
  5
1BDA
330
1F
100
AcDbEntity
  8
GRID NAME
100
AcDbCircle
 10
97761.77895161584
 20
51707.46299308093
 30
0.0
 40
225.0
  0
TEXT
  5
1BDB
330
1F
100
AcDbEntity
  8
GRID NAME
100
AcDbText
 10
97649.82472242074
 20
51587.31299308093
 30
0.0
 40
240.2999999999997
  1
B
  7
Arial_1
 72
     1
 11
97761.77895161584
 21
51707.46299308093
 31
0.0
100
AcDbText
 73
     2
  0
CIRCLE
  5
1BDC
330
1F
100
AcDbEntity
  8
GRID NAME
100
AcDbCircle
 10
68634.24903000441
 20
47882.46299308092
 30
0.0
 40
225.0
  0
TEXT
  5
1BDD
330
1F
100
AcDbEntity
  8
GRID NAME
100
AcDbText
 10
68513.03357979978
 20
47762.31299308093
 30
0.0
 40
240.2999999999997
  1
C
  7
Arial_1
 72
     1
 11
68634.24903000441
 21
47882.46299308092
 31
0.0
100
AcDbText
 73
     2
  0
CIRCLE
  5
1BDE
330
1F
100
AcDbEntity
  8
GRID NAME
100
AcDbCircle
 10
97761.77895161584
 20
47882.46299308092
 30
0.0
 40
225.0
  0
TEXT
  5
1BDF
330
1F
100
AcDbEntity
  8
GRID NAME
100
AcDbText
 10
97640.56350141121
 20
47762.31299308093
 30
0.0
 40
240.2999999999997
  1
C
  7
Arial_1
 72
     1
 11
97761.77895161584
 21
47882.46299308092
 31
0.0
100
AcDbText
 73
     2
  0
CIRCLE
  5
1BE0
330
1F
100
AcDbEntity
  8
GRID NAME
100
AcDbCircle
 10
68634.24903000441
 20
45032.46299308093
 30
0.0
 40
225.0
  0
TEXT
  5
1BE1
330
1F
100
AcDbEntity
  8
GRID NAME
100
AcDbText
 10
68513.03357979978
 20
44912.31299308092
 30
0.0
 40
240.2999999999997
  1
D
  7
Arial_1
 72
     1
 11
68634.24903000441
 21
45032.46299308093
 31
0.0
100
AcDbText
 73
     2
  0
CIRCLE
  5
1BE2
330
1F
100
AcDbEntity
  8
GRID NAME
100
AcDbCircle
 10
97761.77895161584
 20
45032.46299308093
 30
0.0
 40
225.0
  0
TEXT
  5
1BE3
330
1F
100
AcDbEntity
  8
GRID NAME
100
AcDbText
 10
97640.56350141121
 20
44912.31299308092
 30
0.0
 40
240.2999999999997
  1
D
  7
Arial_1
 72
     1
 11
97761.77895161584
 21
45032.46299308093
 31
0.0
100
AcDbText
 73
     2
  0
CIRCLE
  5
1BE4
330
1F
100
AcDbEntity
  8
GRID NAME
100
AcDbCircle
 10
68634.24903000441
 20
43157.46299308093
 30
0.0
 40
225.0
  0
TEXT
  5
1BE5
330
1F
100
AcDbEntity
  8
GRID NAME
100
AcDbText
 10
68522.29480080932
 20
43037.31299308092
 30
0.0
 40
240.2999999999997
  1
E
  7
Arial_1
 72
     1
 11
68634.24903000441
 21
43157.46299308093
 31
0.0
100
AcDbText
 73
     2
  0
CIRCLE
  5
1BE6
330
1F
100
AcDbEntity
  8
GRID NAME
100
AcDbCircle
 10
97761.77895161584
 20
43157.46299308093
 30
0.0
 40
225.0
  0
TEXT
  5
1BE7
330
1F
100
AcDbEntity
  8
GRID NAME
100
AcDbText
 10
97649.82472242074
 20
43037.31299308092
 30
0.0
 40
240.2999999999997
  1
E
  7
Arial_1
 72
     1
 11
97761.77895161584
 21
43157.46299308093
 31
0.0
100
AcDbText
 73
     2
  0
CIRCLE
  5
1BE8
330
1F
100
AcDbEntity
  8
GRID NAME
100
AcDbCircle
 10
68634.24903000441
 20
41357.46329825671
 30
0.0
 40
225.0
  0
TEXT
  5
1BE9
330
1F
100
AcDbEntity
  8
GRID NAME
100
AcDbText
 10
68531.71993723497
 20
41237.31329825671
 30
0.0
 40
240.2999999999997
  1
F
  7
Arial_1
 72
     1
 11
68634.24903000441
 21
41357.46329825671
 31
0.0
100
AcDbText
 73
     2
  0
CIRCLE
  5
1BEA
330
1F
100
AcDbEntity
  8
GRID NAME
100
AcDbCircle
 10
97761.77895161584
 20
41357.46329825671
 30
0.0
 40
225.0
  0
TEXT
  5
1BEB
330
1F
100
AcDbEntity
  8
GRID NAME
100
AcDbText
 10
97659.24985884639
 20
41237.31329825671
 30
0.0
 40
240.2999999999997
  1
F
  7
Arial_1
 72
     1
 11
97761.77895161584
 21
41357.46329825671
 31
0.0
100
AcDbText
 73
     2
  0
CIRCLE
  5
1BEC
330
1F
100
AcDbEntity
  8
GRID NAME
100
AcDbCircle
 10
85155.63215030374
 20
55793.17460501913
 30
0.0
 40
225.0
  0
TEXT
  5
1BED
330
1F
100
AcDbEntity
  8
GRID NAME
100
AcDbText
 10
84998.19139314139
 20
55673.02460501912
 30
0.0
 40
240.2999999999997
  1
3''
  7
Arial_1
 72
     1
 11
85155.63215030374
 21
55793.17460501913
 31
0.0
100
AcDbText
 73
     2
  0
CIRCLE
  5
1BEE
330
1F
100
AcDbEntity
  8
GRID NAME
100
AcDbCircle
 10
87555.63263858498
 20
55793.17481864217
 30
0.0
 40
225.0
  0
TEXT
  5
1BEF
330
1F
100
AcDbEntity
  8
GRID NAME
100
AcDbText
 10
87462.28280911704
 20
55673.02481864217
 30
0.0
 40
240.2999999999997
  1
4
  7
Arial_1
 72
     1
 11
87555.63263858498
 21
55793.17481864217
 31
0.0
100
AcDbText
 73
     2
  0
CIRCLE
  5
1BF0
330
1F
100
AcDbEntity
  8
GRID NAME
100
AcDbCircle
 10
90180.63141788186
 20
39151.45634306196
 30
0.0
 40
225.0
  0
TEXT
  5
1BF1
330
1F
100
AcDbEntity
  8
GRID NAME
100
AcDbText
 10
90087.28158841391
 20
39031.30634306196
 30
0.0
 40
240.2999999999997
  1
5
  7
Arial_1
 72
     1
 11
90180.63141788186
 21
39151.45634306196
 31
0.0
100
AcDbText
 73
     2
  0
CIRCLE
  5
1BF2
330
1F
100
AcDbEntity
  8
GRID NAME
100
AcDbCircle
 10
90180.63141788186
 20
55793.17481864217
 30
0.0
 40
225.0
  0
TEXT
  5
1BF3
330
1F
100
AcDbEntity
  8
GRID NAME
100
AcDbText
 10
90087.28158841391
 20
55673.02481864217
 30
0.0
 40
240.2999999999997
  1
5
  7
Arial_1
 72
     1
 11
90180.63141788186
 21
55793.17481864217
 31
0.0
100
AcDbText
 73
     2
  0
CIRCLE
  5
1BF4
330
1F
100
AcDbEntity
  8
GRID NAME
100
AcDbCircle
 10
91605.63141788186
 20
39151.45634306196
 30
0.0
 40
225.0
  0
TEXT
  5
1BF5
330
1F
100
AcDbEntity
  8
GRID NAME
100
AcDbText
 10
91512.28158841391
 20
39031.30634306196
 30
0.0
 40
240.2999999999997
  1
6
  7
Arial_1
 72
     1
 11
91605.63141788186
 21
39151.45634306196
 31
0.0
100
AcDbText
 73
     2
  0
CIRCLE
  5
1BF6
330
1F
100
AcDbEntity
  8
GRID NAME
100
AcDbCircle
 10
91605.63141788186
 20
55793.17481864217
 30
0.0
 40
225.0
  0
TEXT
  5
1BF7
330
1F
100
AcDbEntity
  8
GRID NAME
100
AcDbText
 10
91512.28158841391
 20
55673.02481864217
 30
0.0
 40
240.2999999999997
  1
6
  7
Arial_1
 72
     1
 11
91605.63141788186
 21
55793.17481864217
 31
0.0
100
AcDbText
 73
     2
  0
CIRCLE
  5
1BF8
330
1F
100
AcDbEntity
  8
GRID NAME
100
AcDbCircle
 10
95205.63141788185
 20
39151.45634306196
 30
0.0
 40
225.0
  0
TEXT
  5
1BF9
330
1F
100
AcDbEntity
  8
GRID NAME
100
AcDbText
 10
95112.28158841392
 20
39031.30634306196
 30
0.0
 40
240.2999999999997
  1
7
  7
Arial_1
 72
     1
 11
95205.63141788185
 21
39151.45634306196
 31
0.0
100
AcDbText
 73
     2
  0
CIRCLE
  5
1BFA
330
1F
100
AcDbEntity
  8
GRID NAME
100
AcDbCircle
 10
95205.63141788185
 20
55793.17481864217
 30
0.0
 40
225.0
  0
TEXT
  5
1BFB
330
1F
100
AcDbEntity
  8
GRID NAME
100
AcDbText
 10
95112.28158841392
 20
55673.02481864217
 30
0.0
 40
240.2999999999997
  1
7
  7
Arial_1
 72
     1
 11
95205.63141788185
 21
55793.17481864217
 31
0.0
100
AcDbText
 73
     2
  0
CIRCLE
  5
1BFC
330
1F
100
AcDbEntity
  8
GRID NAME
100
AcDbCircle
 10
70905.63172305763
 20
39151.45634306196
 30
0.0
 40
225.0
  0
TEXT
  5
1BFD
330
1F
100
AcDbEntity
  8
GRID NAME
100
AcDbText
 10
70812.28189358969
 20
39031.30634306196
 30
0.0
 40
240.2999999999997
  1
8
  7
Arial_1
 72
     1
 11
70905.63172305763
 21
39151.45634306196
 31
0.0
100
AcDbText
 73
     2
  0
CIRCLE
  5
1BFE
330
1F
100
AcDbEntity
  8
GRID NAME
100
AcDbCircle
 10
70905.63172305763
 20
55793.17481864217
 30
0.0
 40
225.0
  0
TEXT
  5
1BFF
330
1F
100
AcDbEntity
  8
GRID NAME
100
AcDbText
 10
70812.28189358969
 20
55673.02481864217
 30
0.0
 40
240.2999999999997
  1
8
  7
Arial_1
 72
     1
 11
70905.63172305763
 21
55793.17481864217
 31
0.0
100
AcDbText
 73
     2
  0
CIRCLE
  5
1C00
330
1F
100
AcDbEntity
  8
GRID NAME
100
AcDbCircle
 10
68634.24903000441
 20
52682.7938036278
 30
0.0
 40
225.0
  0
TEXT
  5
1C01
330
1F
100
AcDbEntity
  8
GRID NAME
100
AcDbText
 10
68490.49521008627
 20
52562.64380362781
 30
0.0
 40
240.2999999999997
  1
A'
  7
Arial_1
 72
     1
 11
68634.24903000441
 21
52682.7938036278
 31
0.0
100
AcDbText
 73
     2
  0
CIRCLE
  5
1C02
330
1F
100
AcDbEntity
  8
GRID NAME
100
AcDbCircle
 10
97761.77895161584
 20
52682.7938036278
 30
0.0
 40
225.0
  0
TEXT
  5
1C03
330
1F
100
AcDbEntity
  8
GRID NAME
100
AcDbText
 10
97624.41537726385
 20
52557.7938036278
 30
0.0
 40
250.0
  1
A'
  7
Axis Label(Dir 1)
 72
     1
 11
97761.77895161584
 21
52682.7938036278
 31
0.0
100
AcDbText
 73
     2
  0
CIRCLE
  5
1C04
330
1F
100
AcDbEntity
  8
GRID NAME
100
AcDbCircle
 10
73530.63172305764
 20
39151.45634306196
 30
0.0
 40
225.0
  0
TEXT
  5
1C05
330
1F
100
AcDbEntity
  8
GRID NAME
100
AcDbText
 10
73437.28189358969
 20
39031.30634306196
 30
0.0
 40
240.2999999999997
  1
1
  7
Arial_1
 72
     1
 11
73530.63172305764
 21
39151.45634306196
 31
0.0
100
AcDbText
 73
     2
  0
CIRCLE
  5
1C06
330
1F
100
AcDbEntity
  8
GRID NAME
100
AcDbCircle
 10
73530.63172305764
 20
55793.17481864217
 30
0.0
 40
225.0
  0
TEXT
  5
1C07
330
1F
100
AcDbEntity
  8
GRID NAME
100
AcDbText
 10
73437.28189358969
 20
55673.02481864217
 30
0.0
 40
240.2999999999997
  1
1
  7
Arial_1
 72
     1
 11
73530.63172305764
 21
55793.17481864217
 31
0.0
100
AcDbText
 73
     2
  0
CIRCLE
  5
1C08
330
1F
100
AcDbEntity
  8
GRID NAME
100
AcDbCircle
 10
78780.63215030338
 20
55793.17481864217
 30
0.0
 40
225.0
  0
TEXT
  5
1C09
330
1F
100
AcDbEntity
  8
GRID NAME
100
AcDbText
 10
78655.23685698824
 20
55673.02481864217
 30
0.0
 40
240.2999999999997
  1
2'
  7
Arial_1
 72
     1
 11
78780.63215030338
 21
55793.17481864217
 31
0.0
100
AcDbText
 73
     2
  0
CIRCLE
  5
1C0A
330
1F
100
AcDbEntity
  8
GRID NAME
100
AcDbCircle
 10
82880.63263858498
 20
39151.45634306196
 30
0.0
 40
225.0
  0
TEXT
  5
1C0B
330
1F
100
AcDbEntity
  8
GRID NAME
100
AcDbText
 10
82787.28280911703
 20
39031.30634306196
 30
0.0
 40
240.2999999999997
  1
3
  7
Arial_1
 72
     1
 11
82880.63263858498
 21
39151.45634306196
 31
0.0
100
AcDbText
 73
     2
  0
CIRCLE
  5
1C0C
330
1F
100
AcDbEntity
  8
GRID NAME
100
AcDbCircle
 10
82880.63263858498
 20
55793.17481864217
 30
0.0
 40
225.0
  0
TEXT
  5
1C0D
330
1F
100
AcDbEntity
  8
GRID NAME
100
AcDbText
 10
82787.28280911703
 20
55673.02481864217
 30
0.0
 40
240.2999999999997
  1
3
  7
Arial_1
 72
     1
 11
82880.63263858498
 21
55793.17481864217
 31
0.0
100
AcDbText
 73
     2
  0
CIRCLE
  5
1C0E
330
1F
100
AcDbEntity
  8
GRID NAME
100
AcDbCircle
 10
68634.24903000441
 20
49003.69956534655
 30
0.0
 40
225.0
  0
TEXT
  5
1C0F
330
1F
100
AcDbEntity
  8
GRID NAME
100
AcDbText
 10
68490.24933696212
 20
48883.54956534655
 30
0.0
 40
240.2999999999997
  1
B'
  7
Arial_1
 72
     1
 11
68634.24903000441
 21
49003.69956534655
 31
0.0
100
AcDbText
 73
     2
  0
CIRCLE
  5
1C10
330
1F
100
AcDbEntity
  8
GRID NAME
100
AcDbCircle
 10
97761.77895161584
 20
49003.69956534655
 30
0.0
 40
225.0
  0
TEXT
  5
1C11
330
1F
100
AcDbEntity
  8
GRID NAME
100
AcDbText
 10
97617.77925857355
 20
48883.54956534655
 30
0.0
 40
240.2999999999997
  1
B'
  7
Arial_1
 72
     1
 11
97761.77895161584
 21
49003.69956534655
 31
0.0
100
AcDbText
 73
     2
  0
CIRCLE
  5
1C12
330
1F
100
AcDbEntity
  8
GRID NAME
100
AcDbCircle
 10
79455.63216478196
 20
55778.35898761509
 30
0.0
 40
225.0
  0
TEXT
  5
1C13
330
1F
100
AcDbEntity
  8
GRID NAME
100
AcDbText
 10
79298.19140761961
 20
55658.20898761509
 30
0.0
 40
240.2999999999997
  1
2''
  7
Arial_1
 72
     1
 11
79455.63216478196
 21
55778.35898761509
 31
0.0
100
AcDbText
 73
     2
  0
CIRCLE
  5
1C14
330
1F
100
AcDbEntity
  8
GRID NAME
100
AcDbCircle
 10
78212.42456481086
 20
55792.78338991326
 30
0.0
 40
225.0
  0
TEXT
  5
1C15
330
1F
100
AcDbEntity
  8
GRID NAME
100
AcDbText
 10
78119.07473534292
 20
55672.63338991327
 30
0.0
 40
240.2999999999997
  1
2
  7
Arial_1
 72
     1
 11
78212.42456481086
 21
55792.78338991326
 31
0.0
100
AcDbText
 73
     2
  0
CIRCLE
  5
1C16
330
1F
100
AcDbEntity
  8
GRID NAME
100
AcDbCircle
 10
84480.63215030408
 20
55793.17460501913
 30
0.0
 40
225.0
  0
TEXT
  5
1C17
330
1F
100
AcDbEntity
  8
GRID NAME
100
AcDbText
 10
84355.23685698894
 20
55673.02460501912
 30
0.0
 40
240.2999999999997
  1
3'
  7
Arial_1
 72
     1
 11
84480.63215030408
 21
55793.17460501913
 31
0.0
100
AcDbText
 73
     2
  0
CIRCLE
  5
1C18
330
1F
100
AcDbEntity
  8
GRID NAME
100
AcDbCircle
 10
85155.63215030384
 20
39151.84755816783
 30
0.0
 40
225.0
  0
TEXT
  5
1C19
330
1F
100
AcDbEntity
  8
GRID NAME
100
AcDbText
 10
84998.1913931415
 20
39031.69755816782
 30
0.0
 40
240.2999999999997
  1
3''
  7
Arial_1
 72
     1
 11
85155.63215030384
 21
39151.84755816783
 31
0.0
100
AcDbText
 73
     2
  0
CIRCLE
  5
1C1A
330
1F
100
AcDbEntity
  8
GRID NAME
100
AcDbCircle
 10
78780.63215030338
 20
39151.84777179087
 30
0.0
 40
225.0
  0
TEXT
  5
1C1B
330
1F
100
AcDbEntity
  8
GRID NAME
100
AcDbText
 10
78655.23685698824
 20
39031.69777179087
 30
0.0
 40
240.2999999999997
  1
2'
  7
Arial_1
 72
     1
 11
78780.63215030338
 21
39151.84777179087
 31
0.0
100
AcDbText
 73
     2
  0
CIRCLE
  5
1C1C
330
1F
100
AcDbEntity
  8
GRID NAME
100
AcDbCircle
 10
79455.63216478219
 20
39137.03194076379
 30
0.0
 40
225.0
  0
TEXT
  5
1C1D
330
1F
100
AcDbEntity
  8
GRID NAME
100
AcDbText
 10
79298.19140761984
 20
39016.88194076379
 30
0.0
 40
240.2999999999997
  1
2''
  7
Arial_1
 72
     1
 11
79455.63216478219
 21
39137.03194076379
 31
0.0
100
AcDbText
 73
     2
  0
CIRCLE
  5
1C1E
330
1F
100
AcDbEntity
  8
GRID NAME
100
AcDbCircle
 10
78212.42456481098
 20
39151.45634306196
 30
0.0
 40
225.0
  0
TEXT
  5
1C1F
330
1F
100
AcDbEntity
  8
GRID NAME
100
AcDbText
 10
78119.07473534303
 20
39031.30634306196
 30
0.0
 40
240.2999999999997
  1
2
  7
Arial_1
 72
     1
 11
78212.42456481098
 21
39151.45634306196
 31
0.0
100
AcDbText
 73
     2
  0
CIRCLE
  5
1C20
330
1F
100
AcDbEntity
  8
GRID NAME
100
AcDbCircle
 10
84480.63215030419
 20
39151.84755816783
 30
0.0
 40
225.0
  0
TEXT
  5
1C21
330
1F
100
AcDbEntity
  8
GRID NAME
100
AcDbText
 10
84355.23685698905
 20
39031.69755816782
 30
0.0
 40
240.2999999999997
  1
3'
  7
Arial_1
 72
     1
 11
84480.63215030419
 21
39151.84755816783
 31
0.0
100
AcDbText
 73
     2
  0
CIRCLE
  5
1C22
330
1F
100
AcDbEntity
  8
GRID NAME
100
AcDbCircle
 10
87555.63263858487
 20
39151.84755816783
 30
0.0
 40
225.0
  0
TEXT
  5
1C23
330
1F
100
AcDbEntity
  8
GRID NAME
100
AcDbText
 10
87462.28280911692
 20
39031.69755816782
 30
0.0
 40
240.2999999999997
  1
4
  7
Arial_1
 72
     1
 11
87555.63263858487
 21
39151.84755816783
 31
0.0
100
AcDbText
 73
     2
  0
LWPOLYLINE
  5
1C74
330
1F
100
AcDbEntity
  8
COLUMN 1-2
 62
     3
440
 33554687
100
AcDbPolyline
 90
        4
 70
     1
 43
0.0
 10
41503.13617232903
 20
53169.96299308093
 10
41728.13617232903
 20
53169.96299308093
 10
41728.13617232903
 20
53394.96299308093
 10
41503.13617232903
 20
53394.96299308093
  0
LWPOLYLINE
  5
1C75
330
1F
100
AcDbEntity
  8
COLUMN 1-2
 62
     3
440
 33554687
100
AcDbPolyline
 90
        4
 70
     1
 43
0.0
 10
55528.13666061028
 20
53169.96299308093
 10
55753.13666061028
 20
53169.96299308093
 10
55753.13666061028
 20
53394.96299308093
 10
55528.13666061028
 20
53394.96299308093
  0
LWPOLYLINE
  5
1C76
330
1F
100
AcDbEntity
  8
COLUMN 1-2
 62
     3
440
 33554687
100
AcDbPolyline
 90
        4
 70
     1
 43
0.0
 10
55528.13666061028
 20
43044.96299308093
 10
55753.13666061028
 20
43044.96299308093
 10
55753.13666061028
 20
43269.96299308093
 10
55528.13666061028
 20
43269.96299308093
  0
LWPOLYLINE
  5
1C77
330
1F
100
AcDbEntity
  8
COLUMN 1-2
 62
     3
440
 33554687
100
AcDbPolyline
 90
        4
 70
     1
 43
0.0
 10
55528.13586715325
 20
48891.19956534655
 10
55753.13586715325
 20
48891.19956534655
 10
55753.13586715325
 20
49116.19956534655
 10
55528.13586715325
 20
49116.19956534655
  0
LWPOLYLINE
  5
1C78
330
1F
100
AcDbEntity
  8
COLUMN 1-2
 62
     3
440
 33554687
100
AcDbPolyline
 90
        4
 70
     1
 43
0.0
 10
59578.13666061028
 20
44919.96299308095
 10
59803.13666061028
 20
44919.96299308095
 10
59803.13666061028
 20
45144.96299308095
 10
59578.13666061028
 20
45144.96299308095
  0
LWPOLYLINE
  5
1C79
330
1F
100
AcDbEntity
  8
COLUMN 1-2
 62
     3
440
 33554687
100
AcDbPolyline
 90
        4
 70
     1
 43
0.0
 10
63178.13666061028
 20
44919.96299308095
 10
63403.13666061028
 20
44919.96299308095
 10
63403.13666061028
 20
45144.96299308095
 10
63178.13666061028
 20
45144.96299308095
  0
LWPOLYLINE
  5
1C7A
330
1F
100
AcDbEntity
  8
COLUMN 1-2
 62
     3
440
 33554687
100
AcDbPolyline
 90
        4
 70
     1
 43
0.0
 10
63178.13666061028
 20
41244.96323722155
 10
63403.13666061028
 20
41244.96323722155
 10
63403.13666061028
 20
41469.96323722155
 10
63178.13666061028
 20
41469.96323722155
  0
LWPOLYLINE
  5
1C7B
330
1F
100
AcDbEntity
  8
COLUMN 1-2
 62
     3
440
 33554687
100
AcDbPolyline
 90
        4
 70
     1
 43
0.0
 10
63178.13666061028
 20
52570.29404776845
 10
63403.13666061028
 20
52570.29404776845
 10
63403.13666061028
 20
52795.29404776845
 10
63178.13666061028
 20
52795.29404776845
  0
LWPOLYLINE
  5
1C7C
330
1F
100
AcDbEntity
  8
COLUMN 1-2
 62
     3
440
 33554687
100
AcDbPolyline
 90
        4
 70
     1
 43
0.0
 10
58153.13586715324
 20
48891.19956534655
 10
58378.13586715324
 20
48891.19956534655
 10
58378.13586715324
 20
49116.19956534655
 10
58153.13586715324
 20
49116.19956534655
  0
LWPOLYLINE
  5
1C7D
330
1F
100
AcDbEntity
  8
COLUMN 1-2
 62
     3
440
 33554687
100
AcDbPolyline
 90
        4
 70
     1
 43
0.0
 10
58153.13666061028
 20
43044.96299308093
 10
58378.13666061028
 20
43044.96299308093
 10
58378.13666061028
 20
43269.96299308093
 10
58153.13666061028
 20
43269.96299308093
  0
LWPOLYLINE
  5
1C7E
330
1F
100
AcDbEntity
  8
COLUMN 1-2
 62
     3
440
 33554687
100
AcDbPolyline
 90
        4
 70
     1
 43
0.0
 10
58153.13666061028
 20
52570.29404776845
 10
58378.13666061028
 20
52570.29404776845
 10
58378.13666061028
 20
52795.29404776845
 10
58153.13666061028
 20
52795.29404776845
  0
LWPOLYLINE
  5
1C7F
330
1F
100
AcDbEntity
  8
COLUMN 1-2
 62
     3
440
 33554687
100
AcDbPolyline
 90
        4
 70
     1
 43
0.0
 10
63178.13666061028
 20
48895.19932120596
 10
63403.13666061028
 20
48895.19932120596
 10
63403.13666061028
 20
49120.19932120596
 10
63178.13666061028
 20
49120.19932120596
  0
LWPOLYLINE
  5
1C80
330
1F
100
AcDbEntity
  8
COLUMN 1-2
 62
     3
440
 33554687
100
AcDbPolyline
 90
        4
 70
     1
 43
0.0
 10
59578.13666061028
 20
48895.19932120596
 10
59803.13666061028
 20
48895.19932120596
 10
59803.13666061028
 20
49120.19932120596
 10
59578.13666061028
 20
49120.19932120596
  0
LWPOLYLINE
  5
1C81
330
1F
100
AcDbEntity
  8
COLUMN 1-2
 62
     3
440
 33554687
100
AcDbPolyline
 90
        4
 70
     1
 43
0.0
 10
41503.13617232903
 20
43044.96299308093
 10
41728.13617232903
 20
43044.96299308093
 10
41728.13617232903
 20
43269.96299308093
 10
41503.13617232903
 20
43269.96299308093
  0
LWPOLYLINE
  5
1C82
330
1F
100
AcDbEntity
  8
COLUMN 1-2
 62
     3
440
 33554687
100
AcDbPolyline
 90
        4
 70
     1
 43
0.0
 10
38878.13617232903
 20
47769.96299308093
 10
39103.13617232903
 20
47769.96299308093
 10
39103.13617232903
 20
47994.96299308093
 10
38878.13617232903
 20
47994.96299308093
  0
LWPOLYLINE
  5
1C83
330
1F
100
AcDbEntity
  8
COLUMN 1-2
 62
     3
440
 33554687
100
AcDbPolyline
 90
        4
 70
     1
 43
0.0
 10
38878.13617232903
 20
43044.96299308093
 10
39103.13617232903
 20
43044.96299308093
 10
39103.13617232903
 20
43269.96299308093
 10
38878.13617232903
 20
43269.96299308093
  0
LWPOLYLINE
  5
1C85
330
1F
100
AcDbEntity
  8
COLUMN 1-2
 62
     3
440
 33554687
100
AcDbPolyline
 90
        4
 70
     1
 43
0.0
 10
47428.13666061028
 20
41244.96323722155
 10
47653.13666061028
 20
41244.96323722155
 10
47653.13666061028
 20
41469.96323722155
 10
47428.13666061028
 20
41469.96323722155
  0
LWPOLYLINE
  5
1C86
330
1F
100
AcDbEntity
  8
COLUMN 1-2
 62
     3
440
 33554687
100
AcDbPolyline
 90
        4
 70
     1
 43
0.0
 10
53128.13666061028
 20
41244.96323722155
 10
53353.13666061028
 20
41244.96323722155
 10
53353.13666061028
 20
41469.96323722155
 10
53128.13666061028
 20
41469.96323722155
  0
LWPOLYLINE
  5
1C87
330
1F
100
AcDbEntity
  8
COLUMN 1-2
 62
     3
440
 33554687
100
AcDbPolyline
 90
        4
 70
     1
 43
0.0
 10
58153.13666061028
 20
41244.96323722155
 10
58378.13666061028
 20
41244.96323722155
 10
58378.13666061028
 20
41469.96323722155
 10
58153.13666061028
 20
41469.96323722155
  0
LWPOLYLINE
  5
1C88
330
1F
100
AcDbEntity
  8
COLUMN 1-2
 62
     3
440
 33554687
100
AcDbPolyline
 90
        4
 70
     1
 43
0.0
 10
46753.13666060981
 20
41244.96323722155
 10
46978.13666060981
 20
41244.96323722155
 10
46978.13666060981
 20
41469.96323722155
 10
46753.13666060981
 20
41469.96323722155
  0
LWPOLYLINE
  5
1C89
330
1F
100
AcDbEntity
  8
COLUMN 1-2
 62
     3
440
 33554687
100
AcDbPolyline
 90
        4
 70
     1
 43
0.0
 10
52453.13666061028
 20
41244.96323722155
 10
52678.13666061028
 20
41244.96323722155
 10
52678.13666061028
 20
41469.96323722155
 10
52453.13666061028
 20
41469.96323722155
  0
LWPOLYLINE
  5
1C8A
330
1F
100
AcDbEntity
  8
COLUMN 1-2
 62
     3
440
 33554687
100
AcDbPolyline
 90
        4
 70
     1
 43
0.0
 10
38878.13623336419
 20
41244.96326773913
 10
39103.13623336419
 20
41244.96326773913
 10
39103.13623336419
 20
41469.96326773913
 10
38878.13623336419
 20
41469.96326773913
  0
HATCH
  5
1C8B
330
1F
100
AcDbEntity
  8
COLUMN 1-2
 62
     3
440
 33554687
100
AcDbHatch
 10
0.0
 20
0.0
 30
0.0
210
0.0
220
0.0
230
1.0
  2
SOLID
 70
     1
 71
     0
 91
        1
 92
        1
 93
        4
 72
     1
 10
41503.13617232903
 20
53169.96299308093
 11
41728.13617232903
 21
53169.96299308093
 72
     1
 10
41728.13617232903
 20
53169.96299308093
 11
41728.13617232903
 21
53394.96299308093
 72
     1
 10
41728.13617232903
 20
53394.96299308093
 11
41503.13617232903
 21
53394.96299308093
 72
     1
 10
41503.13617232903
 20
53394.96299308093
 11
41503.13617232903
 21
53169.96299308093
 97
        0
 75
     0
 76
     1
 98
        1
 10
8931.18804382412
 20
53319.68731286577
450
        0
451
        0
460
0.0
461
0.0
452
        1
462
0.0
453
        0
470

1001
ACAD
1010
32684.44812850487
1020
-37.22431978480745
1030
0.0
1001
HATCHBACKGROUNDCOLOR
1071
-939524096
1000

1000

  0
HATCH
  5
1C8C
330
1F
100
AcDbEntity
  8
COLUMN 1-2
 62
     3
440
 33554687
100
AcDbHatch
 10
0.0
 20
0.0
 30
0.0
210
0.0
220
0.0
230
1.0
  2
SOLID
 70
     1
 71
     0
 91
        1
 92
        1
 93
        4
 72
     1
 10
55528.13617232903
 20
53169.96299308093
 11
55753.13617232903
 21
53169.96299308093
 72
     1
 10
55753.13617232903
 20
53169.96299308093
 11
55753.13617232903
 21
53394.96299308093
 72
     1
 10
55753.13617232903
 20
53394.96299308093
 11
55528.13617232903
 21
53394.96299308093
 72
     1
 10
55528.13617232903
 20
53394.96299308093
 11
55528.13617232903
 21
53169.96299308093
 97
        0
 75
     0
 76
     1
 98
        1
 10
8931.18804382412
 20
53319.68731286577
450
        0
451
        0
460
0.0
461
0.0
452
        1
462
0.0
453
        0
470

1001
ACAD
1010
46709.44812850486
1020
-37.22431978480745
1030
0.0
1001
HATCHBACKGROUNDCOLOR
1071
-939524096
1000

1000

  0
HATCH
  5
1C8D
330
1F
100
AcDbEntity
  8
COLUMN 1-2
 62
     3
440
 33554687
100
AcDbHatch
 10
0.0
 20
0.0
 30
0.0
210
0.0
220
0.0
230
1.0
  2
SOLID
 70
     1
 71
     0
 91
        1
 92
        1
 93
        4
 72
     1
 10
55528.135378872
 20
48891.19956534655
 11
55753.135378872
 21
48891.19956534655
 72
     1
 10
55753.135378872
 20
48891.19956534655
 11
55753.135378872
 21
49116.19956534655
 72
     1
 10
55753.135378872
 20
49116.19956534655
 11
55528.135378872
 21
49116.19956534655
 72
     1
 10
55528.135378872
 20
49116.19956534655
 11
55528.135378872
 21
48891.19956534655
 97
        0
 75
     0
 76
     1
 98
        1
 10
8931.18725036709
 20
54440.9238851314
450
        0
451
        0
460
0.0
461
0.0
452
        1
462
0.0
453
        0
470

1001
ACAD
1010
46709.44812850486
1020
-5437.224319784808
1030
0.0
1001
HATCHBACKGROUNDCOLOR
1071
-939524096
1000

1000

  0
HATCH
  5
1C8E
330
1F
100
AcDbEntity
  8
COLUMN 1-2
 62
     3
440
 33554687
100
AcDbHatch
 10
0.0
 20
0.0
 30
0.0
210
0.0
220
0.0
230
1.0
  2
SOLID
 70
     1
 71
     0
 91
        1
 92
        1
 93
        4
 72
     1
 10
63178.13617232903
 20
44919.96299308093
 11
63403.13617232903
 21
44919.96299308093
 72
     1
 10
63403.13617232903
 20
44919.96299308093
 11
63403.13617232903
 21
45144.96299308093
 72
     1
 10
63403.13617232903
 20
45144.96299308093
 11
63178.13617232903
 21
45144.96299308093
 72
     1
 10
63178.13617232903
 20
45144.96299308093
 11
63178.13617232903
 21
44919.96299308093
 97
        0
 75
     0
 76
     1
 98
        1
 10
8931.18804382412
 20
53319.68731286577
450
        0
451
        0
460
0.0
461
0.0
452
        1
462
0.0
453
        0
470

1001
ACAD
1010
54359.44812850487
1020
-8287.224319784808
1030
0.0
1001
HATCHBACKGROUNDCOLOR
1071
-939524096
1000

1000

  0
HATCH
  5
1C8F
330
1F
100
AcDbEntity
  8
COLUMN 1-2
 62
     3
440
 33554687
100
AcDbHatch
 10
0.0
 20
0.0
 30
0.0
210
0.0
220
0.0
230
1.0
  2
SOLID
 70
     1
 71
     0
 91
        1
 92
        1
 93
        4
 72
     1
 10
63178.13617232903
 20
41244.96299308093
 11
63403.13617232903
 21
41244.96299308093
 72
     1
 10
63403.13617232903
 20
41244.96299308093
 11
63403.13617232903
 21
41469.96299308093
 72
     1
 10
63403.13617232903
 20
41469.96299308093
 11
63178.13617232903
 21
41469.96299308093
 72
     1
 10
63178.13617232903
 20
41469.96299308093
 11
63178.13617232903
 21
41244.96299308093
 97
        0
 75
     0
 76
     1
 98
        1
 10
8931.18804382412
 20
53319.68731286577
450
        0
451
        0
460
0.0
461
0.0
452
        1
462
0.0
453
        0
470

1001
ACAD
1010
54359.44812850487
1020
-11962.22431978481
1030
0.0
1001
HATCHBACKGROUNDCOLOR
1071
-939524096
1000

1000

  0
HATCH
  5
1C90
330
1F
100
AcDbEntity
  8
COLUMN 1-2
 62
     3
440
 33554687
100
AcDbHatch
 10
0.0
 20
0.0
 30
0.0
210
0.0
220
0.0
230
1.0
  2
SOLID
 70
     1
 71
     0
 91
        1
 92
        1
 93
        4
 72
     1
 10
63178.13617232903
 20
52570.29307120593
 11
63403.13617232903
 21
52570.29307120593
 72
     1
 10
63403.13617232903
 20
52570.29307120593
 11
63403.13617232903
 21
52795.29307120593
 72
     1
 10
63403.13617232903
 20
52795.29307120593
 11
63178.13617232903
 21
52795.29307120593
 72
     1
 10
63178.13617232903
 20
52795.29307120593
 11
63178.13617232903
 21
52570.29307120593
 97
        0
 75
     0
 76
     1
 98
        1
 10
8931.18804382412
 20
53319.68731286577
450
        0
451
        0
460
0.0
461
0.0
452
        1
462
0.0
453
        0
470

1001
ACAD
1010
54359.44812850487
1020
-636.8942416598092
1030
0.0
1001
HATCHBACKGROUNDCOLOR
1071
-939524096
1000

1000

  0
HATCH
  5
1C91
330
1F
100
AcDbEntity
  8
COLUMN 1-2
 62
     3
440
 33554687
100
AcDbHatch
 10
0.0
 20
0.0
 30
0.0
210
0.0
220
0.0
230
1.0
  2
SOLID
 70
     1
 71
     0
 91
        1
 92
        1
 93
        4
 72
     1
 10
58153.135378872
 20
48891.19956534655
 11
58378.135378872
 21
48891.19956534655
 72
     1
 10
58378.135378872
 20
48891.19956534655
 11
58378.135378872
 21
49116.19956534655
 72
     1
 10
58378.135378872
 20
49116.19956534655
 11
58153.135378872
 21
49116.19956534655
 72
     1
 10
58153.135378872
 20
49116.19956534655
 11
58153.135378872
 21
48891.19956534655
 97
        0
 75
     0
 76
     1
 98
        1
 10
8931.18725036709
 20
54440.9238851314
450
        0
451
        0
460
0.0
461
0.0
452
        1
462
0.0
453
        0
470

1001
ACAD
1010
49334.44812850487
1020
-5437.224319784808
1030
0.0
1001
HATCHBACKGROUNDCOLOR
1071
-939524096
1000

1000

  0
HATCH
  5
1C92
330
1F
100
AcDbEntity
  8
COLUMN 1-2
 62
     3
440
 33554687
100
AcDbHatch
 10
0.0
 20
0.0
 30
0.0
210
0.0
220
0.0
230
1.0
  2
SOLID
 70
     1
 71
     0
 91
        1
 92
        1
 93
        4
 72
     1
 10
58153.13617232903
 20
43044.96299308093
 11
58378.13617232903
 21
43044.96299308093
 72
     1
 10
58378.13617232903
 20
43044.96299308093
 11
58378.13617232903
 21
43269.96299308093
 72
     1
 10
58378.13617232903
 20
43269.96299308093
 11
58153.13617232903
 21
43269.96299308093
 72
     1
 10
58153.13617232903
 20
43269.96299308093
 11
58153.13617232903
 21
43044.96299308093
 97
        0
 75
     0
 76
     1
 98
        1
 10
8931.18804382412
 20
53319.68731286577
450
        0
451
        0
460
0.0
461
0.0
452
        1
462
0.0
453
        0
470

1001
ACAD
1010
49334.44812850487
1020
-10162.2243197848
1030
0.0
1001
HATCHBACKGROUNDCOLOR
1071
-939524096
1000

1000

  0
HATCH
  5
1C93
330
1F
100
AcDbEntity
  8
COLUMN 1-2
 62
     3
440
 33554687
100
AcDbHatch
 10
0.0
 20
0.0
 30
0.0
210
0.0
220
0.0
230
1.0
  2
SOLID
 70
     1
 71
     0
 91
        1
 92
        1
 93
        4
 72
     1
 10
58153.13617232903
 20
52570.29307120593
 11
58378.13617232903
 21
52570.29307120593
 72
     1
 10
58378.13617232903
 20
52570.29307120593
 11
58378.13617232903
 21
52795.29307120593
 72
     1
 10
58378.13617232903
 20
52795.29307120593
 11
58153.13617232903
 21
52795.29307120593
 72
     1
 10
58153.13617232903
 20
52795.29307120593
 11
58153.13617232903
 21
52570.29307120593
 97
        0
 75
     0
 76
     1
 98
        1
 10
8931.18804382412
 20
53319.68731286577
450
        0
451
        0
460
0.0
461
0.0
452
        1
462
0.0
453
        0
470

1001
ACAD
1010
49334.44812850487
1020
-636.8942416598092
1030
0.0
1001
HATCHBACKGROUNDCOLOR
1071
-939524096
1000

1000

  0
HATCH
  5
1C94
330
1F
100
AcDbEntity
  8
COLUMN 1-2
 62
     3
440
 33554687
100
AcDbHatch
 10
0.0
 20
0.0
 30
0.0
210
0.0
220
0.0
230
1.0
  2
SOLID
 70
     1
 71
     0
 91
        1
 92
        1
 93
        4
 72
     1
 10
63178.13617232903
 20
48895.19932120593
 11
63403.13617232903
 21
48895.19932120593
 72
     1
 10
63403.13617232903
 20
48895.19932120593
 11
63403.13617232903
 21
49120.19932120593
 72
     1
 10
63403.13617232903
 20
49120.19932120593
 11
63178.13617232903
 21
49120.19932120593
 72
     1
 10
63178.13617232903
 20
49120.19932120593
 11
63178.13617232903
 21
48895.19932120593
 97
        0
 75
     0
 76
     1
 98
        1
 10
8931.18804382412
 20
53319.68731286577
450
        0
451
        0
460
0.0
461
0.0
452
        1
462
0.0
453
        0
470

1001
ACAD
1010
54359.44812850487
1020
-4315.987991659809
1030
0.0
1001
HATCHBACKGROUNDCOLOR
1071
-939524096
1000

1000

  0
HATCH
  5
1C95
330
1F
100
AcDbEntity
  8
COLUMN 1-2
 62
     3
440
 33554687
100
AcDbHatch
 10
0.0
 20
0.0
 30
0.0
210
0.0
220
0.0
230
1.0
  2
SOLID
 70
     1
 71
     0
 91
        1
 92
        1
 93
        4
 72
     1
 10
38878.13617232903
 20
47769.96299308093
 11
39103.13617232903
 21
47769.96299308093
 72
     1
 10
39103.13617232903
 20
47769.96299308093
 11
39103.13617232903
 21
47994.96299308093
 72
     1
 10
39103.13617232903
 20
47994.96299308093
 11
38878.13617232903
 21
47994.96299308093
 72
     1
 10
38878.13617232903
 20
47994.96299308093
 11
38878.13617232903
 21
47769.96299308093
 97
        0
 75
     0
 76
     1
 98
        1
 10
8931.18804382412
 20
53319.68731286577
450
        0
451
        0
460
0.0
461
0.0
452
        1
462
0.0
453
        0
470

1001
ACAD
1010
30059.44812850487
1020
-5437.224319784808
1030
0.0
1001
HATCHBACKGROUNDCOLOR
1071
-939524096
1000

1000

  0
HATCH
  5
1C96
330
1F
100
AcDbEntity
  8
COLUMN 1-2
 62
     3
440
 33554687
100
AcDbHatch
 10
0.0
 20
0.0
 30
0.0
210
0.0
220
0.0
230
1.0
  2
SOLID
 70
     1
 71
     0
 91
        1
 92
        1
 93
        4
 72
     1
 10
38878.13617232903
 20
43044.96299308093
 11
39103.13617232903
 21
43044.96299308093
 72
     1
 10
39103.13617232903
 20
43044.96299308093
 11
39103.13617232903
 21
43269.96299308093
 72
     1
 10
39103.13617232903
 20
43269.96299308093
 11
38878.13617232903
 21
43269.96299308093
 72
     1
 10
38878.13617232903
 20
43269.96299308093
 11
38878.13617232903
 21
43044.96299308093
 97
        0
 75
     0
 76
     1
 98
        1
 10
8931.18804382412
 20
53319.68731286577
450
        0
451
        0
460
0.0
461
0.0
452
        1
462
0.0
453
        0
470

1001
ACAD
1010
30059.44812850487
1020
-10162.2243197848
1030
0.0
1001
HATCHBACKGROUNDCOLOR
1071
-939524096
1000

1000

  0
HATCH
  5
1C97
330
1F
100
AcDbEntity
  8
COLUMN 1-2
 62
     3
440
 33554687
100
AcDbHatch
 10
0.0
 20
0.0
 30
0.0
210
0.0
220
0.0
230
1.0
  2
SOLID
 70
     1
 71
     0
 91
        1
 92
        1
 93
        4
 72
     1
 10
47428.13617232903
 20
41244.96299308093
 11
47653.13617232903
 21
41244.96299308093
 72
     1
 10
47653.13617232903
 20
41244.96299308093
 11
47653.13617232903
 21
41469.96299308093
 72
     1
 10
47653.13617232903
 20
41469.96299308093
 11
47428.13617232903
 21
41469.96299308093
 72
     1
 10
47428.13617232903
 20
41469.96299308093
 11
47428.13617232903
 21
41244.96299308093
 97
        0
 75
     0
 76
     1
 98
        1
 10
8931.18804382412
 20
53319.68731286577
450
        0
451
        0
460
0.0
461
0.0
452
        1
462
0.0
453
        0
470

1001
ACAD
1010
38609.44812850489
1020
-11962.22431978481
1030
0.0
1001
HATCHBACKGROUNDCOLOR
1071
-939524096
1000

1000

  0
HATCH
  5
1C98
330
1F
100
AcDbEntity
  8
COLUMN 1-2
 62
     3
440
 33554687
100
AcDbHatch
 10
0.0
 20
0.0
 30
0.0
210
0.0
220
0.0
230
1.0
  2
SOLID
 70
     1
 71
     0
 91
        1
 92
        1
 93
        4
 72
     1
 10
53128.13617232903
 20
41244.96299308093
 11
53353.13617232903
 21
41244.96299308093
 72
     1
 10
53353.13617232903
 20
41244.96299308093
 11
53353.13617232903
 21
41469.96299308093
 72
     1
 10
53353.13617232903
 20
41469.96299308093
 11
53128.13617232903
 21
41469.96299308093
 72
     1
 10
53128.13617232903
 20
41469.96299308093
 11
53128.13617232903
 21
41244.96299308093
 97
        0
 75
     0
 76
     1
 98
        1
 10
8931.18804382412
 20
53319.68731286577
450
        0
451
        0
460
0.0
461
0.0
452
        1
462
0.0
453
        0
470

1001
ACAD
1010
44309.44812850486
1020
-11962.22431978481
1030
0.0
1001
HATCHBACKGROUNDCOLOR
1071
-939524096
1000

1000

  0
HATCH
  5
1C99
330
1F
100
AcDbEntity
  8
COLUMN 1-2
 62
     3
440
 33554687
100
AcDbHatch
 10
0.0
 20
0.0
 30
0.0
210
0.0
220
0.0
230
1.0
  2
SOLID
 70
     1
 71
     0
 91
        1
 92
        1
 93
        4
 72
     1
 10
46753.13617233066
 20
41244.96299308093
 11
46978.13617233066
 21
41244.96299308093
 72
     1
 10
46978.13617233066
 20
41244.96299308093
 11
46978.13617233066
 21
41469.96299308093
 72
     1
 10
46978.13617233066
 20
41469.96299308093
 11
46753.13617233066
 21
41469.96299308093
 72
     1
 10
46753.13617233066
 20
41469.96299308093
 11
46753.13617233066
 21
41244.96299308093
 97
        0
 75
     0
 76
     1
 98
        1
 10
8931.18804382412
 20
53319.68731286577
450
        0
451
        0
460
0.0
461
0.0
452
        1
462
0.0
453
        0
470

1001
ACAD
1010
37934.44812850643
1020
-11962.22431978481
1030
0.0
1001
HATCHBACKGROUNDCOLOR
1071
-939524096
1000

1000

  0
HATCH
  5
1C9A
330
1F
100
AcDbEntity
  8
COLUMN 1-2
 62
     3
440
 33554687
100
AcDbHatch
 10
0.0
 20
0.0
 30
0.0
210
0.0
220
0.0
230
1.0
  2
SOLID
 70
     1
 71
     0
 91
        1
 92
        1
 93
        4
 72
     1
 10
52453.13617232903
 20
41244.96299308093
 11
52678.13617232903
 21
41244.96299308093
 72
     1
 10
52678.13617232903
 20
41244.96299308093
 11
52678.13617232903
 21
41469.96299308093
 72
     1
 10
52678.13617232903
 20
41469.96299308093
 11
52453.13617232903
 21
41469.96299308093
 72
     1
 10
52453.13617232903
 20
41469.96299308093
 11
52453.13617232903
 21
41244.96299308093
 97
        0
 75
     0
 76
     1
 98
        1
 10
8931.18804382412
 20
53319.68731286577
450
        0
451
        0
460
0.0
461
0.0
452
        1
462
0.0
453
        0
470

1001
ACAD
1010
43634.44812850491
1020
-11962.22431978481
1030
0.0
1001
HATCHBACKGROUNDCOLOR
1071
-939524096
1000

1000

  0
HATCH
  5
1C9B
330
1F
100
AcDbEntity
  8
COLUMN 1-2
 62
     3
440
 33554687
100
AcDbHatch
 10
0.0
 20
0.0
 30
0.0
210
0.0
220
0.0
230
1.0
  2
SOLID
 70
     1
 71
     0
 91
        1
 92
        1
 93
        4
 72
     1
 10
58153.13666061028
 20
41244.96348136218
 11
58378.13666061028
 21
41244.96348136218
 72
     1
 10
58378.13666061028
 20
41244.96348136218
 11
58378.13666061028
 21
41469.96348136218
 72
     1
 10
58378.13666061028
 20
41469.96348136218
 11
58153.13666061028
 21
41469.96348136218
 72
     1
 10
58153.13666061028
 20
41469.96348136218
 11
58153.13666061028
 21
41244.96348136218
 97
        0
 75
     0
 76
     1
 98
        1
 10
8931.18804382412
 20
53319.68731286577
450
        0
451
        0
460
0.0
461
0.0
452
        1
462
0.0
453
        0
470

1001
ACAD
1010
49334.44861678616
1020
-11962.22383150356
1030
0.0
1001
HATCHBACKGROUNDCOLOR
1071
-939524096
1000

1000

  0
HATCH
  5
1C9D
330
1F
100
AcDbEntity
  8
COLUMN 1-2
 62
     3
440
 33554687
100
AcDbHatch
 10
0.0
 20
0.0
 30
0.0
210
0.0
220
0.0
230
1.0
  2
SOLID
 70
     1
 71
     0
 91
        1
 92
        1
 93
        4
 72
     1
 10
38878.13617232903
 20
41244.96326773913
 11
39103.13617232903
 21
41244.96326773913
 72
     1
 10
39103.13617232903
 20
41244.96326773913
 11
39103.13617232903
 21
41469.96326773913
 72
     1
 10
39103.13617232903
 20
41469.96326773913
 11
38878.13617232903
 21
41469.96326773913
 72
     1
 10
38878.13617232903
 20
41469.96326773913
 11
38878.13617232903
 21
41244.96326773913
 97
        0
 75
     0
 76
     1
 98
        1
 10
8931.18804382412
 20
51519.68758752397
450
        0
451
        0
460
0.0
461
0.0
452
        1
462
0.0
453
        0
470

1001
ACAD
1010
30059.44812850487
1020
-10162.2243197848
1030
0.0
1001
HATCHBACKGROUNDCOLOR
1071
-939524096
1000

1000

  0
MTEXT
  5
1C9E
330
1F
100
AcDbEntity
  8
G-ANNO-TEXT
 62
     1
100
AcDbMText
 10
51564.0395031919
 20
37589.58352991668
 30
0.0
 40
729.3462765031035
 41
21788.99656705554
 46
0.0
 71
     2
 72
     1
  1
SECOND FLOOR GENERAL ARRANGEMENT
  7
Arial_B
 73
     2
 44
1.0
 90
        3
 63
     9
421
 13158600
 45
1.25
441
        0
1001
REVIT
1002
{
1070
     1
1000
2714887
1002
}
1002
{
1070
     5
1000
6914
1002
}
1002
{
1070
     2
1000
-2000300
1002
}
  0
LWPOLYLINE
  5
1C9F
330
1F
100
AcDbEntity
  8
COLUMN 1-2
 62
     3
440
 33554687
100
AcDbPolyline
 90
        4
 70
     1
 43
0.0
 10
46140.63653853997
 20
42932.46295528207
 10
46440.63653853996
 20
42932.46295528207
 10
46440.63653853996
 20
43382.46295528207
 10
46140.63653853997
 20
43382.46295528207
  0
HATCH
  5
1CA0
330
1F
100
AcDbEntity
  8
COLUMN 1-2
 62
     3
440
 33554687
100
AcDbHatch
 10
0.0
 20
0.0
 30
0.0
210
0.0
220
0.0
230
1.0
  2
SOLID
 70
     1
 71
     0
 91
        1
 92
        1
 93
        4
 72
     1
 10
46140.63653853997
 20
42932.46295528207
 11
46440.63653853996
 21
42932.46295528207
 72
     1
 10
46440.63653853996
 20
42932.46295528207
 11
46440.63653853996
 21
43382.46295528207
 72
     1
 10
46440.63653853996
 20
43382.46295528207
 11
46140.63653853997
 21
43382.46295528207
 72
     1
 10
46140.63653853997
 20
43382.46295528207
 11
46140.63653853997
 21
42932.46295528207
 97
        0
 75
     0
 76
     1
 98
        1
 10
-572070.8983419449
 20
-1026442.628254221
450
        0
451
        0
460
0.0
461
0.0
452
        1
462
0.0
453
        0
470

1001
ACAD
1010
618361.5348804848
1020
1069600.091209503
1030
0.0
1001
HATCHBACKGROUNDCOLOR
1071
-939524096
1000

1000

  0
LWPOLYLINE
  5
1CA3
330
1F
100
AcDbEntity
  8
COLUMN 1-2
 62
     3
440
 33554687
100
AcDbPolyline
 90
        4
 70
     1
 43
0.0
 10
50815.63714889153
 20
42932.46295528207
 10
51115.63714889153
 20
42932.46295528207
 10
51115.63714889153
 20
43382.46295528207
 10
50815.63714889153
 20
43382.46295528207
  0
HATCH
  5
1CA4
330
1F
100
AcDbEntity
  8
COLUMN 1-2
 62
     3
440
 33554687
100
AcDbHatch
 10
0.0
 20
0.0
 30
0.0
210
0.0
220
0.0
230
1.0
  2
SOLID
 70
     1
 71
     0
 91
        1
 92
        1
 93
        4
 72
     1
 10
50815.63714889153
 20
42932.46295528207
 11
51115.63714889153
 21
42932.46295528207
 72
     1
 10
51115.63714889153
 20
42932.46295528207
 11
51115.63714889153
 21
43382.46295528207
 72
     1
 10
51115.63714889153
 20
43382.46295528207
 11
50815.63714889153
 21
43382.46295528207
 72
     1
 10
50815.63714889153
 20
43382.46295528207
 11
50815.63714889153
 21
42932.46295528207
 97
        0
 75
     0
 76
     1
 98
        1
 10
-567395.8977315932
 20
-1026442.628254221
450
        0
451
        0
460
0.0
461
0.0
452
        1
462
0.0
453
        0
470

1001
ACAD
1010
618361.5348804848
1020
1069600.091209503
1030
0.0
1001
HATCHBACKGROUNDCOLOR
1071
-939524096
1000

1000

  0
LWPOLYLINE
  5
1CA5
330
1F
100
AcDbEntity
  8
COLUMN 1-2
 62
     3
440
 33554687
100
AcDbPolyline
 90
        4
 70
     1
 43
0.0
 10
46140.63653853997
 20
53057.46295528207
 10
46440.63653853996
 20
53057.46295528207
 10
46440.63653853996
 20
53507.46295528207
 10
46140.63653853997
 20
53507.46295528207
  0
HATCH
  5
1CA6
330
1F
100
AcDbEntity
  8
COLUMN 1-2
 62
     3
440
 33554687
100
AcDbHatch
 10
0.0
 20
0.0
 30
0.0
210
0.0
220
0.0
230
1.0
  2
SOLID
 70
     1
 71
     0
 91
        1
 92
        1
 93
        4
 72
     1
 10
46140.63653853997
 20
53057.46295528207
 11
46440.63653853996
 21
53057.46295528207
 72
     1
 10
46440.63653853996
 20
53057.46295528207
 11
46440.63653853996
 21
53507.46295528207
 72
     1
 10
46440.63653853996
 20
53507.46295528207
 11
46140.63653853997
 21
53507.46295528207
 72
     1
 10
46140.63653853997
 20
53507.46295528207
 11
46140.63653853997
 21
53057.46295528207
 97
        0
 75
     0
 76
     1
 98
        1
 10
-572070.8983419449
 20
-1016317.628254221
450
        0
451
        0
460
0.0
461
0.0
452
        1
462
0.0
453
        0
470

1001
ACAD
1010
618361.5348804848
1020
1069600.091209503
1030
0.0
1001
HATCHBACKGROUNDCOLOR
1071
-939524096
1000

1000

  0
LWPOLYLINE
  5
1CA7
330
1F
100
AcDbEntity
  8
COLUMN 1-2
 62
     3
440
 33554687
100
AcDbPolyline
 90
        4
 70
     1
 43
0.0
 10
50815.63714889153
 20
53057.46295528207
 10
51115.63714889153
 20
53057.46295528207
 10
51115.63714889153
 20
53507.46295528207
 10
50815.63714889153
 20
53507.46295528207
  0
HATCH
  5
1CA8
330
1F
100
AcDbEntity
  8
COLUMN 1-2
 62
     3
440
 33554687
100
AcDbHatch
 10
0.0
 20
0.0
 30
0.0
210
0.0
220
0.0
230
1.0
  2
SOLID
 70
     1
 71
     0
 91
        1
 92
        1
 93
        4
 72
     1
 10
50815.63714889153
 20
53057.46295528207
 11
51115.63714889153
 21
53057.46295528207
 72
     1
 10
51115.63714889153
 20
53057.46295528207
 11
51115.63714889153
 21
53507.46295528207
 72
     1
 10
51115.63714889153
 20
53507.46295528207
 11
50815.63714889153
 21
53507.46295528207
 72
     1
 10
50815.63714889153
 20
53507.46295528207
 11
50815.63714889153
 21
53057.46295528207
 97
        0
 75
     0
 76
     1
 98
        1
 10
-567395.8977315932
 20
-1016317.628254221
450
        0
451
        0
460
0.0
461
0.0
452
        1
462
0.0
453
        0
470

1001
ACAD
1010
618361.5348804848
1020
1069600.091209503
1030
0.0
1001
HATCHBACKGROUNDCOLOR
1071
-939524096
1000

1000

  0
HATCH
  5
1CA9
330
1F
100
AcDbEntity
  8
COLUMN 1-2
 62
     3
440
 33554687
100
AcDbHatch
 10
0.0
 20
0.0
 30
0.0
210
0.0
220
0.0
230
1.0
  2
SOLID
 70
     1
 71
     0
 91
        1
 92
        1
 93
        4
 72
     1
 10
41503.13617232903
 20
43044.96299308093
 11
41728.13617232903
 21
43044.96299308093
 72
     1
 10
41728.13617232903
 20
43044.96299308093
 11
41728.13617232903
 21
43269.96299308093
 72
     1
 10
41728.13617232903
 20
43269.96299308093
 11
41503.13617232903
 21
43269.96299308093
 72
     1
 10
41503.13617232903
 20
43269.96299308093
 11
41503.13617232903
 21
43044.96299308093
 97
        0
 75
     0
 76
     1
 98
        1
 10
11556.18804382412
 20
53319.68731286577
450
        0
451
        0
460
0.0
461
0.0
452
        1
462
0.0
453
        0
470

1001
ACAD
1010
30059.44812850487
1020
-10162.2243197848
1030
0.0
1001
HATCHBACKGROUNDCOLOR
1071
-939524096
1000

1000

  0
HATCH
  5
1CAA
330
1F
100
AcDbEntity
  8
COLUMN 1-2
 62
     3
440
 33554687
100
AcDbHatch
 10
0.0
 20
0.0
 30
0.0
210
0.0
220
0.0
230
1.0
  2
SOLID
 70
     1
 71
     0
 91
        1
 92
        1
 93
        4
 72
     1
 10
55528.13714889153
 20
43044.96296256335
 11
55753.13714889153
 21
43044.96296256335
 72
     1
 10
55753.13714889153
 20
43044.96296256335
 11
55753.13714889153
 21
43269.96296256335
 72
     1
 10
55753.13714889153
 20
43269.96296256335
 11
55528.13714889153
 21
43269.96296256335
 72
     1
 10
55528.13714889153
 20
43269.96296256335
 11
55528.13714889153
 21
43044.96296256335
 97
        0
 75
     0
 76
     1
 98
        1
 10
25581.18902038662
 20
53319.68728234819
450
        0
451
        0
460
0.0
461
0.0
452
        1
462
0.0
453
        0
470

1001
ACAD
1010
30059.44812850487
1020
-10162.2243197848
1030
0.0
1001
HATCHBACKGROUNDCOLOR
1071
-939524096
1000

1000

  0
LWPOLYLINE
  5
1CAB
330
1F
100
AcDbEntity
  8
GRIDLINES
 62
   251
420
  6513766
440
 33554687
 48
500.0
100
AcDbPolyline
 90
        2
 70
     0
 43
0.0
 10
36944.25347927581
 20
53282.46299308093
 10
65336.05341469643
 20
53282.46299308093
  0
LWPOLYLINE
  5
1CAC
330
1F
100
AcDbEntity
  8
GRIDLINES
 62
   251
420
  6513766
440
 33554687
 48
500.0
100
AcDbPolyline
 90
        2
 70
     0
 43
0.0
 10
36944.25347927581
 20
51707.46299308093
 10
65336.05341469643
 20
51707.46299308093
  0
LWPOLYLINE
  5
1CAD
330
1F
100
AcDbEntity
  8
GRIDLINES
 62
   251
420
  6513766
440
 33554687
 48
500.0
100
AcDbPolyline
 90
        2
 70
     0
 43
0.0
 10
36944.25347927581
 20
47882.46299308092
 10
65336.05341469643
 20
47882.46299308092
  0
LWPOLYLINE
  5
1CAE
330
1F
100
AcDbEntity
  8
GRIDLINES
 62
   251
420
  6513766
440
 33554687
 48
500.0
100
AcDbPolyline
 90
        2
 70
     0
 43
0.0
 10
36944.25347927581
 20
45032.46299308093
 10
65336.05341469643
 20
45032.46299308093
  0
LWPOLYLINE
  5
1CAF
330
1F
100
AcDbEntity
  8
GRIDLINES
 62
   251
420
  6513766
440
 33554687
 48
500.0
100
AcDbPolyline
 90
        2
 70
     0
 43
0.0
 10
36944.25347927581
 20
43157.46299308093
 10
65336.05341469643
 20
43157.46299308093
  0
LWPOLYLINE
  5
1CB0
330
1F
100
AcDbEntity
  8
GRIDLINES
 62
   251
420
  6513766
440
 33554687
 48
500.0
100
AcDbPolyline
 90
        2
 70
     0
 43
0.0
 10
36944.25347927581
 20
41357.46329825671
 10
65336.05341469643
 20
41357.46329825671
  0
LWPOLYLINE
  5
1CB1
330
1F
100
AcDbEntity
  8
GRIDLINES
 62
   251
420
  6513766
440
 33554687
 48
500.0
100
AcDbPolyline
 90
        2
 70
     0
 43
0.0
 10
53240.63659957512
 20
39376.45634306196
 10
53240.63659957512
 20
55568.17460501912
  0
LWPOLYLINE
  5
1CB2
330
1F
100
AcDbEntity
  8
GRIDLINES
 62
   251
420
  6513766
440
 33554687
 48
500.0
100
AcDbPolyline
 90
        2
 70
     0
 43
0.0
 10
55640.63708785638
 20
39376.45634306196
 10
55640.63708785638
 20
55568.17481864217
  0
LWPOLYLINE
  5
1CB3
330
1F
100
AcDbEntity
  8
GRIDLINES
 62
   251
420
  6513766
440
 33554687
 48
500.0
100
AcDbPolyline
 90
        2
 70
     0
 43
0.0
 10
58265.63586715325
 20
39376.45634306196
 10
58265.63586715325
 20
55568.17481864217
  0
LWPOLYLINE
  5
1CB4
330
1F
100
AcDbEntity
  8
GRIDLINES
 62
   251
420
  6513766
440
 33554687
 48
500.0
100
AcDbPolyline
 90
        2
 70
     0
 43
0.0
 10
59690.63586715325
 20
39376.45634306196
 10
59690.63586715325
 20
55568.17481864217
  0
LWPOLYLINE
  5
1CB5
330
1F
100
AcDbEntity
  8
GRIDLINES
 62
   251
420
  6513766
440
 33554687
 48
500.0
100
AcDbPolyline
 90
        2
 70
     0
 43
0.0
 10
63290.63586715325
 20
39376.45634306196
 10
63290.63586715325
 20
55568.17481864217
  0
LWPOLYLINE
  5
1CB6
330
1F
100
AcDbEntity
  8
GRIDLINES
 62
   251
420
  6513766
440
 33554687
 48
500.0
100
AcDbPolyline
 90
        2
 70
     0
 43
0.0
 10
38990.63617232903
 20
39376.45634306196
 10
38990.63617232903
 20
55568.17481864217
  0
LWPOLYLINE
  5
1CB7
330
1F
100
AcDbEntity
  8
GRIDLINES
 62
   251
420
  6513766
440
 33554687
 48
500.0
100
AcDbPolyline
 90
        2
 70
     0
 43
0.0
 10
36944.25347927581
 20
52682.7938036278
 10
65336.05341469643
 20
52682.7938036278
  0
LWPOLYLINE
  5
1CB8
330
1F
100
AcDbEntity
  8
GRIDLINES
 62
   251
420
  6513766
440
 33554687
 48
500.0
100
AcDbPolyline
 90
        2
 70
     0
 43
0.0
 10
41615.63617232903
 20
39376.45634306196
 10
41615.63617232903
 20
55568.17481864217
  0
LWPOLYLINE
  5
1CB9
330
1F
100
AcDbEntity
  8
GRIDLINES
 62
   251
420
  6513766
440
 33554687
 48
500.0
100
AcDbPolyline
 90
        2
 70
     0
 43
0.0
 10
50965.63708785637
 20
39376.45634306196
 10
50965.63708785637
 20
55568.17481864217
  0
LWPOLYLINE
  5
1CBA
330
1F
100
AcDbEntity
  8
GRIDLINES
 62
   251
420
  6513766
440
 33554687
 48
500.0
100
AcDbPolyline
 90
        4
 70
     0
 43
0.0
 10
46292.65973906692
 20
39381.27358887831
 10
46297.42901408225
 20
55567.78338991327
 10
46297.42901408225
 20
55567.78338991327
 10
46297.42901408225
 20
55567.78338991327
  0
LWPOLYLINE
  5
1CBB
330
1F
100
AcDbEntity
  8
GRIDLINES
 62
   251
420
  6513766
440
 33554687
 48
500.0
100
AcDbPolyline
 90
        2
 70
     0
 43
0.0
 10
36944.25347927581
 20
49003.69956534655
 10
65336.05341469643
 20
49003.69956534655
  0
LWPOLYLINE
  5
1CBC
330
1F
100
AcDbEntity
  8
GRIDLINES
 62
   251
420
  6513766
440
 33554687
 48
500.0
100
AcDbPolyline
 90
        4
 70
     0
 43
0.0
 10
47540.03480010207
 20
39362.03113591785
 10
47540.63659957524
 20
54419.25260917065
 10
47540.63661434706
 20
55568.17481864223
 10
47540.63661434706
 20
55568.17481864223
  0
LWPOLYLINE
  5
1CBD
330
1F
100
AcDbEntity
  8
GRIDLINES
 62
   251
420
  6513766
440
 33554687
 48
500.0
100
AcDbPolyline
 90
        4
 70
     0
 43
0.0
 10
46867.65986113653
 20
39381.27358887831
 10
46865.63659957466
 20
55568.17481864221
 10
46865.63659957466
 20
55568.17481864221
 10
46865.63659957466
 20
55568.17481864221
  0
LWPOLYLINE
  5
1CBE
330
1F
100
AcDbEntity
  8
GRIDLINES
 62
   251
420
  6513766
440
 33554687
 48
500.0
100
AcDbPolyline
 90
        2
 70
     0
 43
0.0
 10
52565.63659957571
 20
39376.45634306196
 10
52565.63659957548
 20
55568.17460501912
  0
CIRCLE
  5
1CBF
330
1F
100
AcDbEntity
  8
GRID NAME
100
AcDbCircle
 10
36719.25347927581
 20
53282.46299308093
 30
0.0
 40
225.0
  0
TEXT
  5
1CC0
330
1F
100
AcDbEntity
  8
GRID NAME
100
AcDbText
 10
36607.29925008073
 20
53162.31299308093
 30
0.0
 40
240.2999999999997
  1
A
  7
Arial_1
 72
     1
 11
36719.25347927581
 21
53282.46299308093
 31
0.0
100
AcDbText
 73
     2
  0
CIRCLE
  5
1CC1
330
1F
100
AcDbEntity
  8
GRID NAME
100
AcDbCircle
 10
65561.05341469644
 20
53282.46299308093
 30
0.0
 40
225.0
  0
TEXT
  5
1CC2
330
1F
100
AcDbEntity
  8
GRID NAME
100
AcDbText
 10
65449.09918550135
 20
53162.31299308093
 30
0.0
 40
240.2999999999997
  1
A
  7
Arial_1
 72
     1
 11
65561.05341469644
 21
53282.46299308093
 31
0.0
100
AcDbText
 73
     2
  0
CIRCLE
  5
1CC3
330
1F
100
AcDbEntity
  8
GRID NAME
100
AcDbCircle
 10
36719.25347927581
 20
51707.46299308093
 30
0.0
 40
225.0
  0
TEXT
  5
1CC4
330
1F
100
AcDbEntity
  8
GRID NAME
100
AcDbText
 10
36607.29925008073
 20
51587.31299308093
 30
0.0
 40
240.2999999999997
  1
B
  7
Arial_1
 72
     1
 11
36719.25347927581
 21
51707.46299308093
 31
0.0
100
AcDbText
 73
     2
  0
CIRCLE
  5
1CC5
330
1F
100
AcDbEntity
  8
GRID NAME
100
AcDbCircle
 10
65561.05341469644
 20
51707.46299308093
 30
0.0
 40
225.0
  0
TEXT
  5
1CC6
330
1F
100
AcDbEntity
  8
GRID NAME
100
AcDbText
 10
65449.09918550135
 20
51587.31299308093
 30
0.0
 40
240.2999999999997
  1
B
  7
Arial_1
 72
     1
 11
65561.05341469644
 21
51707.46299308093
 31
0.0
100
AcDbText
 73
     2
  0
CIRCLE
  5
1CC7
330
1F
100
AcDbEntity
  8
GRID NAME
100
AcDbCircle
 10
36719.25347927581
 20
47882.46299308092
 30
0.0
 40
225.0
  0
TEXT
  5
1CC8
330
1F
100
AcDbEntity
  8
GRID NAME
100
AcDbText
 10
36598.03802907117
 20
47762.31299308093
 30
0.0
 40
240.2999999999997
  1
C
  7
Arial_1
 72
     1
 11
36719.25347927581
 21
47882.46299308092
 31
0.0
100
AcDbText
 73
     2
  0
CIRCLE
  5
1CC9
330
1F
100
AcDbEntity
  8
GRID NAME
100
AcDbCircle
 10
65561.05341469644
 20
47882.46299308092
 30
0.0
 40
225.0
  0
TEXT
  5
1CCA
330
1F
100
AcDbEntity
  8
GRID NAME
100
AcDbText
 10
65439.83796449179
 20
47762.31299308093
 30
0.0
 40
240.2999999999997
  1
C
  7
Arial_1
 72
     1
 11
65561.05341469644
 21
47882.46299308092
 31
0.0
100
AcDbText
 73
     2
  0
CIRCLE
  5
1CCB
330
1F
100
AcDbEntity
  8
GRID NAME
100
AcDbCircle
 10
36719.25347927581
 20
45032.46299308093
 30
0.0
 40
225.0
  0
TEXT
  5
1CCC
330
1F
100
AcDbEntity
  8
GRID NAME
100
AcDbText
 10
36598.03802907117
 20
44912.31299308092
 30
0.0
 40
240.2999999999997
  1
D
  7
Arial_1
 72
     1
 11
36719.25347927581
 21
45032.46299308093
 31
0.0
100
AcDbText
 73
     2
  0
CIRCLE
  5
1CCD
330
1F
100
AcDbEntity
  8
GRID NAME
100
AcDbCircle
 10
65561.05341469644
 20
45032.46299308093
 30
0.0
 40
225.0
  0
TEXT
  5
1CCE
330
1F
100
AcDbEntity
  8
GRID NAME
100
AcDbText
 10
65439.83796449179
 20
44912.31299308092
 30
0.0
 40
240.2999999999997
  1
D
  7
Arial_1
 72
     1
 11
65561.05341469644
 21
45032.46299308093
 31
0.0
100
AcDbText
 73
     2
  0
CIRCLE
  5
1CCF
330
1F
100
AcDbEntity
  8
GRID NAME
100
AcDbCircle
 10
36719.25347927581
 20
43157.46299308093
 30
0.0
 40
225.0
  0
TEXT
  5
1CD0
330
1F
100
AcDbEntity
  8
GRID NAME
100
AcDbText
 10
36607.29925008073
 20
43037.31299308092
 30
0.0
 40
240.2999999999997
  1
E
  7
Arial_1
 72
     1
 11
36719.25347927581
 21
43157.46299308093
 31
0.0
100
AcDbText
 73
     2
  0
CIRCLE
  5
1CD1
330
1F
100
AcDbEntity
  8
GRID NAME
100
AcDbCircle
 10
65561.05341469644
 20
43157.46299308093
 30
0.0
 40
225.0
  0
TEXT
  5
1CD2
330
1F
100
AcDbEntity
  8
GRID NAME
100
AcDbText
 10
65449.09918550135
 20
43037.31299308092
 30
0.0
 40
240.2999999999997
  1
E
  7
Arial_1
 72
     1
 11
65561.05341469644
 21
43157.46299308093
 31
0.0
100
AcDbText
 73
     2
  0
CIRCLE
  5
1CD3
330
1F
100
AcDbEntity
  8
GRID NAME
100
AcDbCircle
 10
36719.25347927581
 20
41357.46329825671
 30
0.0
 40
225.0
  0
TEXT
  5
1CD4
330
1F
100
AcDbEntity
  8
GRID NAME
100
AcDbText
 10
36616.72438650636
 20
41237.31329825671
 30
0.0
 40
240.2999999999997
  1
F
  7
Arial_1
 72
     1
 11
36719.25347927581
 21
41357.46329825671
 31
0.0
100
AcDbText
 73
     2
  0
CIRCLE
  5
1CD5
330
1F
100
AcDbEntity
  8
GRID NAME
100
AcDbCircle
 10
65561.05341469644
 20
41357.46329825671
 30
0.0
 40
225.0
  0
TEXT
  5
1CD6
330
1F
100
AcDbEntity
  8
GRID NAME
100
AcDbText
 10
65458.52432192699
 20
41237.31329825671
 30
0.0
 40
240.2999999999997
  1
F
  7
Arial_1
 72
     1
 11
65561.05341469644
 21
41357.46329825671
 31
0.0
100
AcDbText
 73
     2
  0
CIRCLE
  5
1CD7
330
1F
100
AcDbEntity
  8
GRID NAME
100
AcDbCircle
 10
53240.63659957512
 20
55793.17460501913
 30
0.0
 40
225.0
  0
TEXT
  5
1CD8
330
1F
100
AcDbEntity
  8
GRID NAME
100
AcDbText
 10
53083.19584241278
 20
55673.02460501912
 30
0.0
 40
240.2999999999997
  1
3''
  7
Arial_1
 72
     1
 11
53240.63659957512
 21
55793.17460501913
 31
0.0
100
AcDbText
 73
     2
  0
CIRCLE
  5
1CD9
330
1F
100
AcDbEntity
  8
GRID NAME
100
AcDbCircle
 10
55640.63708785638
 20
55793.17481864217
 30
0.0
 40
225.0
  0
TEXT
  5
1CDA
330
1F
100
AcDbEntity
  8
GRID NAME
100
AcDbText
 10
55547.28725838844
 20
55673.02481864217
 30
0.0
 40
240.2999999999997
  1
4
  7
Arial_1
 72
     1
 11
55640.63708785638
 21
55793.17481864217
 31
0.0
100
AcDbText
 73
     2
  0
CIRCLE
  5
1CDB
330
1F
100
AcDbEntity
  8
GRID NAME
100
AcDbCircle
 10
58265.63586715325
 20
39151.45634306196
 30
0.0
 40
225.0
  0
TEXT
  5
1CDC
330
1F
100
AcDbEntity
  8
GRID NAME
100
AcDbText
 10
58172.28603768531
 20
39031.30634306196
 30
0.0
 40
240.2999999999997
  1
5
  7
Arial_1
 72
     1
 11
58265.63586715325
 21
39151.45634306196
 31
0.0
100
AcDbText
 73
     2
  0
CIRCLE
  5
1CDD
330
1F
100
AcDbEntity
  8
GRID NAME
100
AcDbCircle
 10
58265.63586715325
 20
55793.17481864217
 30
0.0
 40
225.0
  0
TEXT
  5
1CDE
330
1F
100
AcDbEntity
  8
GRID NAME
100
AcDbText
 10
58172.28603768531
 20
55673.02481864217
 30
0.0
 40
240.2999999999997
  1
5
  7
Arial_1
 72
     1
 11
58265.63586715325
 21
55793.17481864217
 31
0.0
100
AcDbText
 73
     2
  0
CIRCLE
  5
1CDF
330
1F
100
AcDbEntity
  8
GRID NAME
100
AcDbCircle
 10
59690.63586715325
 20
39151.45634306196
 30
0.0
 40
225.0
  0
TEXT
  5
1CE0
330
1F
100
AcDbEntity
  8
GRID NAME
100
AcDbText
 10
59597.28603768531
 20
39031.30634306196
 30
0.0
 40
240.2999999999997
  1
6
  7
Arial_1
 72
     1
 11
59690.63586715325
 21
39151.45634306196
 31
0.0
100
AcDbText
 73
     2
  0
CIRCLE
  5
1CE1
330
1F
100
AcDbEntity
  8
GRID NAME
100
AcDbCircle
 10
59690.63586715325
 20
55793.17481864217
 30
0.0
 40
225.0
  0
TEXT
  5
1CE2
330
1F
100
AcDbEntity
  8
GRID NAME
100
AcDbText
 10
59597.28603768531
 20
55673.02481864217
 30
0.0
 40
240.2999999999997
  1
6
  7
Arial_1
 72
     1
 11
59690.63586715325
 21
55793.17481864217
 31
0.0
100
AcDbText
 73
     2
  0
CIRCLE
  5
1CE3
330
1F
100
AcDbEntity
  8
GRID NAME
100
AcDbCircle
 10
63290.63586715325
 20
39151.45634306196
 30
0.0
 40
225.0
  0
TEXT
  5
1CE4
330
1F
100
AcDbEntity
  8
GRID NAME
100
AcDbText
 10
63197.28603768531
 20
39031.30634306196
 30
0.0
 40
240.2999999999997
  1
7
  7
Arial_1
 72
     1
 11
63290.63586715325
 21
39151.45634306196
 31
0.0
100
AcDbText
 73
     2
  0
CIRCLE
  5
1CE5
330
1F
100
AcDbEntity
  8
GRID NAME
100
AcDbCircle
 10
63290.63586715325
 20
55793.17481864217
 30
0.0
 40
225.0
  0
TEXT
  5
1CE6
330
1F
100
AcDbEntity
  8
GRID NAME
100
AcDbText
 10
63197.28603768531
 20
55673.02481864217
 30
0.0
 40
240.2999999999997
  1
7
  7
Arial_1
 72
     1
 11
63290.63586715325
 21
55793.17481864217
 31
0.0
100
AcDbText
 73
     2
  0
CIRCLE
  5
1CE7
330
1F
100
AcDbEntity
  8
GRID NAME
100
AcDbCircle
 10
38990.63617232903
 20
39151.45634306196
 30
0.0
 40
225.0
  0
TEXT
  5
1CE8
330
1F
100
AcDbEntity
  8
GRID NAME
100
AcDbText
 10
38897.2863428611
 20
39031.30634306196
 30
0.0
 40
240.2999999999997
  1
8
  7
Arial_1
 72
     1
 11
38990.63617232903
 21
39151.45634306196
 31
0.0
100
AcDbText
 73
     2
  0
CIRCLE
  5
1CE9
330
1F
100
AcDbEntity
  8
GRID NAME
100
AcDbCircle
 10
38990.63617232903
 20
55793.17481864217
 30
0.0
 40
225.0
  0
TEXT
  5
1CEA
330
1F
100
AcDbEntity
  8
GRID NAME
100
AcDbText
 10
38897.2863428611
 20
55673.02481864217
 30
0.0
 40
240.2999999999997
  1
8
  7
Arial_1
 72
     1
 11
38990.63617232903
 21
55793.17481864217
 31
0.0
100
AcDbText
 73
     2
  0
CIRCLE
  5
1CEB
330
1F
100
AcDbEntity
  8
GRID NAME
100
AcDbCircle
 10
36719.25347927581
 20
52682.7938036278
 30
0.0
 40
225.0
  0
TEXT
  5
1CEC
330
1F
100
AcDbEntity
  8
GRID NAME
100
AcDbText
 10
36575.49965935767
 20
52562.64380362781
 30
0.0
 40
240.2999999999997
  1
A'
  7
Arial_1
 72
     1
 11
36719.25347927581
 21
52682.7938036278
 31
0.0
100
AcDbText
 73
     2
  0
CIRCLE
  5
1CED
330
1F
100
AcDbEntity
  8
GRID NAME
100
AcDbCircle
 10
65561.05341469644
 20
52682.7938036278
 30
0.0
 40
225.0
  0
TEXT
  5
1CEE
330
1F
100
AcDbEntity
  8
GRID NAME
100
AcDbText
 10
65423.68984034445
 20
52557.7938036278
 30
0.0
 40
250.0
  1
A'
  7
Axis Label(Dir 1)
 72
     1
 11
65561.05341469644
 21
52682.7938036278
 31
0.0
100
AcDbText
 73
     2
  0
CIRCLE
  5
1CEF
330
1F
100
AcDbEntity
  8
GRID NAME
100
AcDbCircle
 10
41615.63617232903
 20
39151.45634306196
 30
0.0
 40
225.0
  0
TEXT
  5
1CF0
330
1F
100
AcDbEntity
  8
GRID NAME
100
AcDbText
 10
41522.28634286109
 20
39031.30634306196
 30
0.0
 40
240.2999999999997
  1
1
  7
Arial_1
 72
     1
 11
41615.63617232903
 21
39151.45634306196
 31
0.0
100
AcDbText
 73
     2
  0
CIRCLE
  5
1CF1
330
1F
100
AcDbEntity
  8
GRID NAME
100
AcDbCircle
 10
41615.63617232903
 20
55793.17481864217
 30
0.0
 40
225.0
  0
TEXT
  5
1CF2
330
1F
100
AcDbEntity
  8
GRID NAME
100
AcDbText
 10
41522.28634286109
 20
55673.02481864217
 30
0.0
 40
240.2999999999997
  1
1
  7
Arial_1
 72
     1
 11
41615.63617232903
 21
55793.17481864217
 31
0.0
100
AcDbText
 73
     2
  0
CIRCLE
  5
1CF3
330
1F
100
AcDbEntity
  8
GRID NAME
100
AcDbCircle
 10
46865.63659957466
 20
55793.17481864217
 30
0.0
 40
225.0
  0
TEXT
  5
1CF4
330
1F
100
AcDbEntity
  8
GRID NAME
100
AcDbText
 10
46740.24130625952
 20
55673.02481864217
 30
0.0
 40
240.2999999999997
  1
2'
  7
Arial_1
 72
     1
 11
46865.63659957466
 21
55793.17481864217
 31
0.0
100
AcDbText
 73
     2
  0
CIRCLE
  5
1CF5
330
1F
100
AcDbEntity
  8
GRID NAME
100
AcDbCircle
 10
50965.63708785637
 20
39151.45634306196
 30
0.0
 40
225.0
  0
TEXT
  5
1CF6
330
1F
100
AcDbEntity
  8
GRID NAME
100
AcDbText
 10
50872.28725838843
 20
39031.30634306196
 30
0.0
 40
240.2999999999997
  1
3
  7
Arial_1
 72
     1
 11
50965.63708785637
 21
39151.45634306196
 31
0.0
100
AcDbText
 73
     2
  0
CIRCLE
  5
1CF7
330
1F
100
AcDbEntity
  8
GRID NAME
100
AcDbCircle
 10
50965.63708785637
 20
55793.17481864217
 30
0.0
 40
225.0
  0
TEXT
  5
1CF8
330
1F
100
AcDbEntity
  8
GRID NAME
100
AcDbText
 10
50872.28725838843
 20
55673.02481864217
 30
0.0
 40
240.2999999999997
  1
3
  7
Arial_1
 72
     1
 11
50965.63708785637
 21
55793.17481864217
 31
0.0
100
AcDbText
 73
     2
  0
CIRCLE
  5
1CF9
330
1F
100
AcDbEntity
  8
GRID NAME
100
AcDbCircle
 10
36719.25347927581
 20
49003.69956534655
 30
0.0
 40
225.0
  0
TEXT
  5
1CFA
330
1F
100
AcDbEntity
  8
GRID NAME
100
AcDbText
 10
36575.25378623352
 20
48883.54956534655
 30
0.0
 40
240.2999999999997
  1
B'
  7
Arial_1
 72
     1
 11
36719.25347927581
 21
49003.69956534655
 31
0.0
100
AcDbText
 73
     2
  0
CIRCLE
  5
1CFB
330
1F
100
AcDbEntity
  8
GRID NAME
100
AcDbCircle
 10
65561.05341469644
 20
49003.69956534655
 30
0.0
 40
225.0
  0
TEXT
  5
1CFC
330
1F
100
AcDbEntity
  8
GRID NAME
100
AcDbText
 10
65417.05372165414
 20
48883.54956534655
 30
0.0
 40
240.2999999999997
  1
B'
  7
Arial_1
 72
     1
 11
65561.05341469644
 21
49003.69956534655
 31
0.0
100
AcDbText
 73
     2
  0
CIRCLE
  5
1CFD
330
1F
100
AcDbEntity
  8
GRID NAME
100
AcDbCircle
 10
47540.63661405346
 20
55778.35898761509
 30
0.0
 40
225.0
  0
TEXT
  5
1CFE
330
1F
100
AcDbEntity
  8
GRID NAME
100
AcDbText
 10
47383.19585689112
 20
55658.20898761509
 30
0.0
 40
240.2999999999997
  1
2''
  7
Arial_1
 72
     1
 11
47540.63661405346
 21
55778.35898761509
 31
0.0
100
AcDbText
 73
     2
  0
CIRCLE
  5
1CFF
330
1F
100
AcDbEntity
  8
GRID NAME
100
AcDbCircle
 10
46297.42901408225
 20
55792.78338991326
 30
0.0
 40
225.0
  0
TEXT
  5
1D00
330
1F
100
AcDbEntity
  8
GRID NAME
100
AcDbText
 10
46204.07918461432
 20
55672.63338991327
 30
0.0
 40
240.2999999999997
  1
2
  7
Arial_1
 72
     1
 11
46297.42901408225
 21
55792.78338991326
 31
0.0
100
AcDbText
 73
     2
  0
CIRCLE
  5
1D01
330
1F
100
AcDbEntity
  8
GRID NAME
100
AcDbCircle
 10
52565.63659957548
 20
55793.17460501913
 30
0.0
 40
225.0
  0
TEXT
  5
1D02
330
1F
100
AcDbEntity
  8
GRID NAME
100
AcDbText
 10
52440.24130626033
 20
55673.02460501912
 30
0.0
 40
240.2999999999997
  1
3'
  7
Arial_1
 72
     1
 11
52565.63659957548
 21
55793.17460501913
 31
0.0
100
AcDbText
 73
     2
  0
CIRCLE
  5
1D03
330
1F
100
AcDbEntity
  8
GRID NAME
100
AcDbCircle
 10
53240.63659957524
 20
39151.84755816783
 30
0.0
 40
225.0
  0
TEXT
  5
1D04
330
1F
100
AcDbEntity
  8
GRID NAME
100
AcDbText
 10
53083.1958424129
 20
39031.69755816782
 30
0.0
 40
240.2999999999997
  1
3''
  7
Arial_1
 72
     1
 11
53240.63659957524
 21
39151.84755816783
 31
0.0
100
AcDbText
 73
     2
  0
CIRCLE
  5
1D05
330
1F
100
AcDbEntity
  8
GRID NAME
100
AcDbCircle
 10
46865.63659957489
 20
39151.84777179087
 30
0.0
 40
225.0
  0
TEXT
  5
1D06
330
1F
100
AcDbEntity
  8
GRID NAME
100
AcDbText
 10
46740.24130625975
 20
39031.69777179087
 30
0.0
 40
240.2999999999997
  1
2'
  7
Arial_1
 72
     1
 11
46865.63659957489
 21
39151.84777179087
 31
0.0
100
AcDbText
 73
     2
  0
CIRCLE
  5
1D07
330
1F
100
AcDbEntity
  8
GRID NAME
100
AcDbCircle
 10
47540.63661405346
 20
39137.03194076379
 30
0.0
 40
225.0
  0
TEXT
  5
1D08
330
1F
100
AcDbEntity
  8
GRID NAME
100
AcDbText
 10
47383.19585689112
 20
39016.88194076379
 30
0.0
 40
240.2999999999997
  1
2''
  7
Arial_1
 72
     1
 11
47540.63661405346
 21
39137.03194076379
 31
0.0
100
AcDbText
 73
     2
  0
CIRCLE
  5
1D09
330
1F
100
AcDbEntity
  8
GRID NAME
100
AcDbCircle
 10
46297.42901408237
 20
39151.45634306196
 30
0.0
 40
225.0
  0
TEXT
  5
1D0A
330
1F
100
AcDbEntity
  8
GRID NAME
100
AcDbText
 10
46204.07918461443
 20
39031.30634306196
 30
0.0
 40
240.2999999999997
  1
2
  7
Arial_1
 72
     1
 11
46297.42901408237
 21
39151.45634306196
 31
0.0
100
AcDbText
 73
     2
  0
CIRCLE
  5
1D0B
330
1F
100
AcDbEntity
  8
GRID NAME
100
AcDbCircle
 10
52565.63659957559
 20
39151.84755816783
 30
0.0
 40
225.0
  0
TEXT
  5
1D0C
330
1F
100
AcDbEntity
  8
GRID NAME
100
AcDbText
 10
52440.24130626044
 20
39031.69755816782
 30
0.0
 40
240.2999999999997
  1
3'
  7
Arial_1
 72
     1
 11
52565.63659957559
 21
39151.84755816783
 31
0.0
100
AcDbText
 73
     2
  0
CIRCLE
  5
1D0D
330
1F
100
AcDbEntity
  8
GRID NAME
100
AcDbCircle
 10
55640.63708785638
 20
39151.84755816783
 30
0.0
 40
225.0
  0
TEXT
  5
1D0E
330
1F
100
AcDbEntity
  8
GRID NAME
100
AcDbText
 10
55547.28725838844
 20
39031.69755816782
 30
0.0
 40
240.2999999999997
  1
4
  7
Arial_1
 72
     1
 11
55640.63708785638
 21
39151.84755816783
 31
0.0
100
AcDbText
 73
     2
  0
LWPOLYLINE
  5
1D1E
330
1F
100
AcDbEntity
  8
F.F BEAMS
100
AcDbPolyline
 90
        3
 70
     0
 43
0.0
 10
9214.063908786583
 20
53282.46299308093
 10
23239.06482431393
 20
53282.46299308093
 10
23239.06439706784
 20
43157.46299308093
  0
LWPOLYLINE
  5
1D1F
330
1F
100
AcDbEntity
  8
F.F BEAMS
100
AcDbPolyline
 90
        2
 70
     0
 43
0.0
 10
18564.06482431393
 20
53282.46299308093
 10
18564.06488534909
 20
43157.46295528207
  0
LWPOLYLINE
  5
1D20
330
1F
100
AcDbEntity
  8
F.F BEAMS
100
AcDbPolyline
 90
        2
 70
     0
 43
0.0
 10
13895.18339219359
 20
53282.46299308093
 10
13889.06427499752
 20
43157.46295528207
  0
LWPOLYLINE
  5
1D21
330
1F
100
AcDbEntity
  8
F.F BEAMS
100
AcDbPolyline
 90
        2
 70
     0
 43
0.0
 10
9214.063908786583
 20
53282.46299308093
 10
9214.063908786583
 20
43157.46299308093
  0
LWPOLYLINE
  5
1D22
330
1F
100
AcDbEntity
  8
F.F BEAMS
100
AcDbPolyline
 90
        2
 70
     0
 43
0.0
 10
6589.063908786584
 20
47882.46299308092
 10
6589.06396982174
 20
41357.46326773913
  0
LWPOLYLINE
  5
1D23
330
1F
100
AcDbEntity
  8
F.F BEAMS
100
AcDbPolyline
 90
        2
 70
     0
 43
0.0
 10
25864.06360361081
 20
52682.7938036278
 10
25864.06439706783
 20
41357.46323722155
  0
LWPOLYLINE
  5
1D24
330
1F
100
AcDbEntity
  8
F.F BEAMS
100
AcDbPolyline
 90
        2
 70
     0
 43
0.0
 10
27289.0636036108
 20
52682.7938036278
 10
27289.0636036108
 20
41357.46329825671
  0
LWPOLYLINE
  5
1D25
330
1F
100
AcDbEntity
  8
F.F BEAMS
100
AcDbPolyline
 90
        2
 70
     0
 43
0.0
 10
30889.06360361081
 20
52682.7938036278
 10
30889.06360361081
 20
41357.46329825671
  0
LWPOLYLINE
  5
1D26
330
1F
100
AcDbEntity
  8
F.F BEAMS
100
AcDbPolyline
 90
        2
 70
     0
 43
0.0
 10
6589.063908786584
 20
41357.46329825671
 10
30889.06439706783
 20
41357.46323722155
  0
LWPOLYLINE
  5
1D27
330
1F
100
AcDbEntity
  8
F.F BEAMS
100
AcDbPolyline
 90
        2
 70
     0
 43
0.0
 10
6589.063908786584
 20
43157.46299308093
 10
25863.34688301117
 20
43157.46299308093
  0
LWPOLYLINE
  5
1D28
330
1F
100
AcDbEntity
  8
F.F BEAMS
100
AcDbPolyline
 90
        2
 70
     0
 43
0.0
 10
27289.0636036108
 20
45032.46299308093
 10
30889.06439706783
 20
45032.46299308096
  0
LWPOLYLINE
  5
1D29
330
1F
100
AcDbEntity
  8
F.F BEAMS
100
AcDbPolyline
 90
        2
 70
     0
 43
0.0
 10
27289.0636036108
 20
49003.69956534655
 10
30889.06360361081
 20
49003.69956534655
  0
LWPOLYLINE
  5
1D2A
330
1F
100
AcDbEntity
  8
F.F BEAMS
100
AcDbPolyline
 90
        2
 70
     0
 43
0.0
 10
25864.06360361081
 20
52682.79380250789
 10
30889.06439706783
 20
52682.79404776846
  0
LWPOLYLINE
  5
1D2B
330
1F
100
AcDbEntity
  8
F.F BEAMS
100
AcDbPolyline
 90
        2
 70
     0
 43
0.0
 10
23239.06459644935
 20
47882.46299308092
 10
25864.06439706783
 20
47882.46299308092
  0
LWPOLYLINE
  5
1D2C
330
1F
100
AcDbEntity
  8
F.F BEAMS
100
AcDbPolyline
 90
        2
 70
     0
 43
0.0
 10
23239.06482431393
 20
51707.46299308093
 10
25864.06360361081
 20
51707.46299308093
  0
LWPOLYLINE
  5
1D2D
330
1F
100
AcDbEntity
  8
F.F BEAMS
100
AcDbPolyline
 90
        2
 70
     0
 43
0.0
 10
6589.063908786584
 20
47882.46299308092
 10
9214.06396982174
 20
47882.46296256335
  0
LWPOLYLINE
  5
1E15
330
1F
100
AcDbEntity
  8
S.F BEAMS
100
AcDbPolyline
 90
        3
 70
     0
 43
0.0
 10
41615.63617232903
 20
53282.46299308093
 10
55640.63708785638
 20
53282.46299308093
 10
55640.63666061028
 20
43157.46299308093
  0
LWPOLYLINE
  5
1E16
330
1F
100
AcDbEntity
  8
S.F BEAMS
100
AcDbPolyline
 90
        2
 70
     0
 43
0.0
 10
50965.63708785637
 20
53282.46299308093
 10
50965.63714889153
 20
43157.46295528207
  0
LWPOLYLINE
  5
1E17
330
1F
100
AcDbEntity
  8
S.F BEAMS
100
AcDbPolyline
 90
        2
 70
     0
 43
0.0
 10
46296.75565573603
 20
53282.46299308093
 10
46290.63653853997
 20
43157.46295528207
  0
LWPOLYLINE
  5
1E18
330
1F
100
AcDbEntity
  8
S.F BEAMS
100
AcDbPolyline
 90
        2
 70
     0
 43
0.0
 10
41615.63617232903
 20
53282.46299308093
 10
41615.63617232903
 20
43157.46299308093
  0
LWPOLYLINE
  5
1E19
330
1F
100
AcDbEntity
  8
S.F BEAMS
100
AcDbPolyline
 90
        2
 70
     0
 43
0.0
 10
38990.63617232903
 20
47882.46299308092
 10
38990.63623336419
 20
41357.46326773913
  0
LWPOLYLINE
  5
1E1A
330
1F
100
AcDbEntity
  8
S.F BEAMS
100
AcDbPolyline
 90
        2
 70
     0
 43
0.0
 10
58265.63586715325
 20
52682.7938036278
 10
58265.63666061028
 20
41357.46323722155
  0
LWPOLYLINE
  5
1E1B
330
1F
100
AcDbEntity
  8
S.F BEAMS
100
AcDbPolyline
 90
        2
 70
     0
 43
0.0
 10
59690.63586715325
 20
52682.7938036278
 10
59690.63586715325
 20
41357.46329825671
  0
LWPOLYLINE
  5
1E1C
330
1F
100
AcDbEntity
  8
S.F BEAMS
100
AcDbPolyline
 90
        2
 70
     0
 43
0.0
 10
63290.63586715325
 20
52682.7938036278
 10
63290.63586715325
 20
41357.46329825671
  0
LWPOLYLINE
  5
1E1D
330
1F
100
AcDbEntity
  8
S.F BEAMS
100
AcDbPolyline
 90
        2
 70
     0
 43
0.0
 10
38990.63617232903
 20
41357.46329825671
 10
63290.63666061028
 20
41357.46323722155
  0
LWPOLYLINE
  5
1E1E
330
1F
100
AcDbEntity
  8
S.F BEAMS
100
AcDbPolyline
 90
        2
 70
     0
 43
0.0
 10
38990.63617232903
 20
43157.46299308093
 10
58264.91914655361
 20
43157.46299308093
  0
LWPOLYLINE
  5
1E1F
330
1F
100
AcDbEntity
  8
S.F BEAMS
100
AcDbPolyline
 90
        2
 70
     0
 43
0.0
 10
59690.63507369622
 20
47020.12855094222
 10
63290.63586715325
 20
47020.12855094226
  0
LWPOLYLINE
  5
1E21
330
1F
100
AcDbEntity
  8
S.F BEAMS
100
AcDbPolyline
 90
        2
 70
     0
 43
0.0
 10
58265.63586715325
 20
52682.79380250789
 10
63290.63666061028
 20
52682.79404776846
  0
LWPOLYLINE
  5
1E23
330
1F
100
AcDbEntity
  8
S.F BEAMS
100
AcDbPolyline
 90
        2
 70
     0
 43
0.0
 10
55640.63708785638
 20
51707.46299308093
 10
58265.63586715325
 20
51707.46299308093
  0
LWPOLYLINE
  5
1E24
330
1F
100
AcDbEntity
  8
S.F BEAMS
100
AcDbPolyline
 90
        2
 70
     0
 43
0.0
 10
38990.63617232903
 20
47882.46299308092
 10
41615.63623336419
 20
47882.46296256335
  0
LWPOLYLINE
  5
1E25
330
1F
100
AcDbEntity
  8
R. BEAMS
100
AcDbPolyline
 90
        3
 70
     0
 43
0.0
 10
73530.63172305764
 20
53282.46299308093
 10
87555.63263858498
 20
53282.46299308093
 10
87555.63221133888
 20
43157.46299308093
  0
LWPOLYLINE
  5
1E26
330
1F
100
AcDbEntity
  8
R. BEAMS
100
AcDbPolyline
 90
        2
 70
     0
 43
0.0
 10
82880.63263858498
 20
53282.46299308093
 10
82880.63269962014
 20
43157.46295528207
  0
LWPOLYLINE
  5
1E27
330
1F
100
AcDbEntity
  8
R. BEAMS
100
AcDbPolyline
 90
        2
 70
     0
 43
0.0
 10
78211.75120646464
 20
53282.46299308093
 10
78205.63208926857
 20
43157.46295528207
  0
LWPOLYLINE
  5
1E28
330
1F
100
AcDbEntity
  8
R. BEAMS
100
AcDbPolyline
 90
        2
 70
     0
 43
0.0
 10
73530.63172305764
 20
53282.46299308093
 10
73530.63172305764
 20
43157.46299308093
  0
LWPOLYLINE
  5
1E29
330
1F
100
AcDbEntity
  8
R. BEAMS
100
AcDbPolyline
 90
        2
 70
     0
 43
0.0
 10
70905.63172305763
 20
47882.46299308092
 10
70905.63178409279
 20
41357.46326773913
  0
LWPOLYLINE
  5
1E2A
330
1F
100
AcDbEntity
  8
R. BEAMS
100
AcDbPolyline
 90
        2
 70
     0
 43
0.0
 10
90180.63141788186
 20
52682.7938036278
 10
90180.63221133889
 20
41357.46323722155
  0
LWPOLYLINE
  5
1E2C
330
1F
100
AcDbEntity
  8
R. BEAMS
100
AcDbPolyline
 90
        2
 70
     0
 43
0.0
 10
95205.63141788185
 20
52682.7938036278
 10
95205.63141788185
 20
41357.46329825671
  0
LWPOLYLINE
  5
1E2D
330
1F
100
AcDbEntity
  8
R. BEAMS
100
AcDbPolyline
 90
        2
 70
     0
 43
0.0
 10
70905.63172305763
 20
41357.46329825671
 10
95205.63221133889
 20
41357.46323722155
  0
LWPOLYLINE
  5
1E2E
330
1F
100
AcDbEntity
  8
R. BEAMS
100
AcDbPolyline
 90
        2
 70
     0
 43
0.0
 10
70905.63172305763
 20
43157.46299308093
 10
90179.91469728222
 20
43157.46299308093
  0
LWPOLYLINE
  5
1E2F
330
1F
100
AcDbEntity
  8
R. BEAMS
100
AcDbPolyline
 90
        2
 70
     0
 43
0.0
 10
90180.63141788186
 20
45032.46299308096
 10
95205.63221133889
 20
45032.46299308096
  0
LWPOLYLINE
  5
1E30
330
1F
100
AcDbEntity
  8
R. BEAMS
100
AcDbPolyline
 90
        2
 70
     0
 43
0.0
 10
90180.63167564065
 20
49003.69921329313
 10
95205.63141788185
 20
49003.69956534655
  0
LWPOLYLINE
  5
1E31
330
1F
100
AcDbEntity
  8
R. BEAMS
100
AcDbPolyline
 90
        2
 70
     0
 43
0.0
 10
90180.63141788186
 20
52682.79380250789
 10
95205.63221133889
 20
52682.79404776846
  0
LWPOLYLINE
  5
1E32
330
1F
100
AcDbEntity
  8
R. BEAMS
100
AcDbPolyline
 90
        2
 70
     0
 43
0.0
 10
87555.6324107204
 20
47882.46299308092
 10
90180.63221133889
 20
47882.46299308092
  0
LWPOLYLINE
  5
1E33
330
1F
100
AcDbEntity
  8
R. BEAMS
100
AcDbPolyline
 90
        2
 70
     0
 43
0.0
 10
87555.63263858498
 20
51707.46299308093
 10
90180.63141788186
 20
51707.46299308093
  0
LWPOLYLINE
  5
1E34
330
1F
100
AcDbEntity
  8
R. BEAMS
100
AcDbPolyline
 90
        2
 70
     0
 43
0.0
 10
70905.63172305763
 20
47882.46299308092
 10
87555.63263858498
 20
47882.46296256335
  0
LWPOLYLINE
  5
2F1E
330
1F
100
AcDbEntity
  8
S.F BEAMS
100
AcDbPolyline
 90
        2
 70
     0
 43
0.0
 10
55640.63685999179
 20
49003.69956534655
 10
58265.63666061028
 20
49003.69956534655
  0
LWPOLYLINE
  5
2F1F
330
1F
100
AcDbEntity
  8
S.F BEAMS
100
AcDbPolyline
 90
        2
 70
     0
 43
0.0
 10
55640.63685999179
 20
45032.46299308093
 10
58265.63666061028
 20
45032.46299308093
  0
LINE
  5
2F20
330
1F
100
AcDbEntity
  8
S.F BEAMS
100
AcDbLine
 10
52565.63659957564
 20
43157.46299308093
 30
0.0
 11
52565.63666061028
 21
41357.46323722155
 31
0.0
  0
LINE
  5
2F21
330
1F
100
AcDbEntity
  8
S.F BEAMS
100
AcDbLine
 10
46867.41287776357
 20
43156.75075070275
 30
0.0
 11
46867.41293879821
 21
41356.75099484337
 31
0.0
  0
HATCH
  5
2F22
330
1F
100
AcDbEntity
  8
COLUMN 1-2
 62
     3
440
 33554687
100
AcDbHatch
 10
0.0
 20
0.0
 30
0.0
210
0.0
220
0.0
230
1.0
  2
SOLID
 70
     1
 71
     0
 91
        1
 92
        1
 93
        4
 72
     1
 10
59578.13617232903
 20
48895.19932120596
 11
59803.13617232903
 21
48895.19932120596
 72
     1
 10
59803.13617232903
 20
48895.19932120596
 11
59803.13617232903
 21
49120.19932120596
 72
     1
 10
59803.13617232903
 20
49120.19932120596
 11
59578.13617232903
 21
49120.19932120596
 72
     1
 10
59578.13617232903
 20
49120.19932120596
 11
59578.13617232903
 21
48895.19932120596
 97
        0
 75
     0
 76
     1
 98
        1
 10
10356.18804382412
 20
54444.9236409908
450
        0
451
        0
460
0.0
461
0.0
452
        1
462
0.0
453
        0
470

1001
ACAD
1010
49334.44812850487
1020
-5437.224319784808
1030
0.0
1001
HATCHBACKGROUNDCOLOR
1071
-939524096
1000

1000

  0
HATCH
  5
2F23
330
1F
100
AcDbEntity
  8
COLUMN 1-2
 62
     3
440
 33554687
100
AcDbHatch
 10
0.0
 20
0.0
 30
0.0
210
0.0
220
0.0
230
1.0
  2
SOLID
 70
     1
 71
     0
 91
        1
 92
        1
 93
        4
 72
     1
 10
59578.13617232903
 20
44919.96299308095
 11
59803.13617232903
 21
44919.96299308095
 72
     1
 10
59803.13617232903
 20
44919.96299308095
 11
59803.13617232903
 21
45144.96299308095
 72
     1
 10
59803.13617232903
 20
45144.96299308095
 11
59578.13617232903
 21
45144.96299308095
 72
     1
 10
59578.13617232903
 20
45144.96299308095
 11
59578.13617232903
 21
44919.96299308095
 97
        0
 75
     0
 76
     1
 98
        1
 10
10356.18804382412
 20
50469.6873128658
450
        0
451
        0
460
0.0
461
0.0
452
        1
462
0.0
453
        0
470

1001
ACAD
1010
49334.44812850487
1020
-5437.224319784808
1030
0.0
1001
HATCHBACKGROUNDCOLOR
1071
-939524096
1000

1000

  0
LINE
  5
2FDD
330
1F
100
AcDbEntity
  8
Column Hatch
100
AcDbLine
 10
25864.06367194286
 20
51707.46299308093
 30
0.0
 11
23239.06439706784
 21
47882.46299308092
 31
0.0
  0
LINE
  5
2FDE
330
1F
100
AcDbEntity
  8
Column Hatch
100
AcDbLine
 10
23239.06475785343
 20
51707.46299308093
 30
0.0
 11
25864.06360361081
 21
47882.46299308092
 31
0.0
  0
LINE
  5
2FDF
330
1F
100
AcDbEntity
  8
Column Hatch
100
AcDbLine
 10
58265.63586715325
 20
49003.69956534655
 30
0.0
 11
55640.63708785638
 21
45032.46299308093
 31
0.0
  0
LINE
  5
2FE0
330
1F
100
AcDbEntity
  8
Column Hatch
100
AcDbLine
 10
55640.63586715325
 20
49003.69956534655
 30
0.0
 11
58265.63586715325
 21
45032.46299308093
 31
0.0
  0
VIEWPORT
  5
2F3C
102
{ACAD_XDICTIONARY
360
2F3D
102
}
330
D2
100
AcDbEntity
 67
     1
  8
0
100
AcDbViewport
 10
599.989188560287
 20
475.7192796140627
 30
0.0
 40
809.0033996311747
 41
369.263802190999
 68
     1
 69
     1
 12
599.989188560287
 22
475.7192796140627
 13
0.0
 23
0.0
 14
0.5
 24
0.5
 15
0.5
 25
0.5
 16
0.0
 26
0.0
 36
1.0
 17
0.0
 27
0.0
 37
0.0
 42
50.0
 43
0.0
 44
0.0
 45
369.263802190999
 50
0.0
 51
0.0
 72
  1000
 90
   819232
  1

281
     0
 71
     1
 74
     0
110
0.0
120
0.0
130
0.0
111
1.0
121
0.0
131
0.0
112
0.0
122
1.0
132
0.0
 79
     0
146
0.0
170
     0
 61
     5
348
F5
292
     1
282
     1
141
0.0
142
0.0
 63
   250
421
  3355443
  0
VIEWPORT
  5
2F72
102
{ACAD_XDICTIONARY
360
2F73
102
}
330
D2
100
AcDbEntity
 67
     1
  8
Defpoints
 48
200.0
100
AcDbViewport
 10
599.989188560287
 20
430.9804933367663
 30
0.0
 40
335.3337800263155
 41
284.5268970554416
 68
     2
 69
     2
 12
51027.8127194508
 22
43435.55508326664
 13
0.0
 23
0.0
 14
0.5
 24
0.5
 15
0.5
 25
0.5
 16
0.0
 26
0.0
 36
1.0
 17
0.0
 27
0.0
 37
0.0
 42
50.0
 43
0.0
 44
0.0
 45
85358.06951844197
 50
0.0
 51
0.0
 72
  1000
 90
   557152
  1

281
     0
 71
     1
 74
     0
110
0.0
120
0.0
130
0.0
111
1.0
121
0.0
131
0.0
112
0.0
122
1.0
132
0.0
 79
     0
146
0.0
170
     0
 61
     5
348
F5
292
     1
282
     1
141
0.0
142
0.0
 63
   250
421
  3355443
  0
ENDSEC
  0
SECTION
  2
OBJECTS
  0
DICTIONARY
  5
C
330
0
100
AcDbDictionary
281
     1
  3
ACAD_CIP_PREVIOUS_PRODUCT_INFO
350
216
  3
ACAD_COLOR
350
6B
  3
ACAD_DETAILVIEWSTYLE
350
21B
  3
ACAD_GROUP
350
D
  3
ACAD_LAYOUT
350
1A
  3
ACAD_MATERIAL
350
6A
  3
ACAD_MLEADERSTYLE
350
12D
  3
ACAD_MLINESTYLE
350
17
  3
ACAD_PLOTSETTINGS
350
19
  3
ACAD_PLOTSTYLENAME
350
E
  3
ACAD_RENDER_RAPIDRT_SETTINGS
350
2FA8
  3
ACAD_SCALELIST
350
10C
  3
ACAD_SECTIONVIEWSTYLE
350
219
  3
ACAD_TABLESTYLE
350
7E
  3
ACAD_VISUALSTYLE
350
EF
  3
ACDB_RECOMPOSE_DATA
350
2FE9
  3
ACDBVARIABLEDICTIONARY
350
2F4B
  0
DICTIONARY
  5
1FF
330
2
100
AcDbDictionary
280
     1
281
     1
  3
ACAD_LAYERSTATES
360
200
  0
DICTIONARY
  5
13C
330
10
100
AcDbDictionary
280
     1
281
     1
  0
DICTIONARY
  5
63B
330
63A
100
AcDbDictionary
280
     1
281
     1
  0
DICTIONARY
  5
63E
330
63D
100
AcDbDictionary
280
     1
281
     1
  0
DICTIONARY
  5
644
330
643
100
AcDbDictionary
280
     1
281
     1
  0
DICTIONARY
  5
646
330
645
100
AcDbDictionary
280
     1
281
     1
  0
DICTIONARY
  5
648
330
647
100
AcDbDictionary
280
     1
281
     1
  0
DICTIONARY
  5
651
330
650
100
AcDbDictionary
280
     1
281
     1
  0
DICTIONARY
  5
1CE
330
1F
100
AcDbDictionary
280
     1
281
     1
  0
DICTIONARY
  5
2A5
330
2A4
100
AcDbDictionary
280
     1
281
     1
  3
ACAD_SORTENTS
360
2A6
  0
DICTIONARY
  5
2F9B
330
2F9A
100
AcDbDictionary
280
     1
281
     1
  3
ASDK_XREC_ANNOTATION_SCALE_INFO
360
2F9C
  0
DICTIONARY
  5
2F9F
330
2F9E
100
AcDbDictionary
280
     1
281
     1
  3
ASDK_XREC_ANNOTATION_SCALE_INFO
360
2FA0
  0
DICTIONARY
  5
2F3D
330
2F3C
100
AcDbDictionary
280
     1
281
     1
  3
ASDK_XREC_ANNOTATION_SCALE_INFO
360
2F3E
  0
DICTIONARY
  5
2F73
330
2F72
100
AcDbDictionary
280
     1
281
     1
  3
ASDK_XREC_ANNOTATION_SCALE_INFO
360
2F74
  0
XRECORD
  5
216
102
{ACAD_REACTORS
330
C
102
}
330
C
100
AcDbXrecord
280
     1
300
ACD
300
2022
300

  0
DICTIONARY
  5
6B
102
{ACAD_REACTORS
330
C
102
}
330
C
100
AcDbDictionary
281
     1
  0
DICTIONARY
  5
21B
102
{ACAD_REACTORS
330
C
102
}
330
C
100
AcDbDictionary
281
     1
  3
Imperial24
350
66E
  3
Metric50
350
21C
  0
DICTIONARY
  5
D
102
{ACAD_REACTORS
330
C
102
}
330
C
100
AcDbDictionary
281
     1
  0
DICTIONARY
  5
1A
102
{ACAD_REACTORS
330
C
102
}
330
C
100
AcDbDictionary
281
     1
  3
Layout1
350
D3
  3
Layout2
350
D7
  3
Model
350
22
  0
DICTIONARY
  5
6A
102
{ACAD_REACTORS
330
C
102
}
330
C
100
AcDbDictionary
281
     1
  3
ByBlock
350
ED
  3
ByLayer
350
EC
  3
Global
350
EE
  0
DICTIONARY
  5
12D
102
{ACAD_REACTORS
330
C
102
}
330
C
100
AcDbDictionary
281
     1
  3
Annotative
350
13B
  3
Standard
350
12E
  0
DICTIONARY
  5
17
102
{ACAD_REACTORS
330
C
102
}
330
C
100
AcDbDictionary
281
     1
  3
Standard
350
18
  0
DICTIONARY
  5
19
102
{ACAD_REACTORS
330
C
102
}
330
C
100
AcDbDictionary
281
     1
  0
ACDBDICTIONARYWDFLT
  5
E
102
{ACAD_REACTORS
330
C
102
}
330
C
100
AcDbDictionary
281
     1
  3
Normal
350
F
100
AcDbDictionaryWithDefault
340
F
  0
DICTIONARY
  5
2FA8
102
{ACAD_REACTORS
330
C
102
}
330
C
100
AcDbDictionary
281
     1
  3
Coffee-Break Quality
350
2FAC
  3
High
350
2FAB
  3
Low
350
2FA9
  3
Lunch Quality
350
2FAD
  3
Medium
350
2FAA
  3
Overnight Quality
350
2FAE
  0
DICTIONARY
  5
10C
102
{ACAD_REACTORS
330
C
102
}
330
C
100
AcDbDictionary
281
     1
  3
A0
350
10D
  3
A1
350
2F79
  3
A2
350
2F7A
  3
A3
350
2F7B
  3
A4
350
2F7C
  3
A5
350
2F7D
  3
A6
350
1C2
  3
A7
350
2F7E
  3
A8
350
2F7F
  3
A9
350
2F80
  3
B0
350
2F81
  3
B1
350
2F82
  3
B2
350
2F83
  3
B3
350
2F84
  3
B4
350
2F85
  3
B5
350
2F86
  3
B6
350
2F87
  3
B7
350
2F88
  0
DICTIONARY
  5
219
102
{ACAD_REACTORS
330
C
102
}
330
C
100
AcDbDictionary
281
     1
  3
Imperial24
350
66D
  3
Metric50
350
21A
  0
DICTIONARY
  5
7E
102
{ACAD_REACTORS
330
C
102
}
330
C
100
AcDbDictionary
281
     1
  3
Standard
350
7F
  0
DICTIONARY
  5
EF
102
{ACAD_REACTORS
330
C
102
}
330
C
100
AcDbDictionary
281
     1
  3
2dWireframe
350
F5
  3
Basic
350
F4
  3
Brighten
350
FB
  3
ColorChange
350
FF
  3
Conceptual
350
F8
  3
Dim
350
FA
  3
EdgeColorOff
350
1E6
  3
Facepattern
350
FE
  3
Flat
350
F0
  3
FlatWithEdges
350
F1
  3
Gouraud
350
F2
  3
GouraudWithEdges
350
F3
  3
Hidden
350
F7
  3
JitterOff
350
1E4
  3
Linepattern
350
FD
  3
OverhangOff
350
1E5
  3
Realistic
350
F9
  3
Shaded
350
1F3
  3
Shaded with edges
350
1F2
  3
Shades of Gray
350
1EF
  3
Sketchy
350
1F0
  3
Thicken
350
FC
  3
Wireframe
350
F6
  3
X-Ray
350
1F1
  0
XRECORD
  5
2FE9
102
{ACAD_REACTORS
330
C
102
}
330
C
100
AcDbXrecord
280
     1
 90
        1
330
7F
  0
DICTIONARY
  5
2F4B
102
{ACAD_REACTORS
330
C
102
}
330
C
100
AcDbDictionary
281
     2
  3
#REVCLOUDAPPROXARCLEN
350
2F4C
  3
ANNOALLVISIBLE
350
2F4D
  3
CANNOSCALE
350
2F4E
  3
CETRANSPARENCY
350
2F4F
  3
CMLEADERSTYLE
350
2F50
  3
CTABLESTYLE
350
2F51
  3
CVIEWDETAILSTYLE
350
2F52
  3
CVIEWSECTIONSTYLE
350
2F53
  3
DIMADEC
350
2F54
  3
DIMASSOC
350
2F55
  3
EXPORTPAPERSPACE
350
2F56
  3
HIDETEXT
350
2F57
  3
HPCOLOR
350
2F58
  3
HPINHERIT
350
2F59
  3
HPLAYER
350
2F5A
  3
HPTRANSPARENCY
350
2F5B
  3
INDEXCTL
350
2F5C
  3
LAYEREVAL
350
2F5D
  3
LAYERNOTIFY
350
2F5E
  3
LIGHTINGUNITS
350
2F5F
  3
MLEADERSCALE
350
2F60
  3
MSLTSCALE
350
2F61
  3
OLEFRAME
350
2F62
  3
PDFFRAME
350
2F63
  3
SOLIDHIST
350
2F64
  3
SORTENTS
350
2F65
  0
DICTIONARY
  5
200
102
{ACAD_REACTORS
330
1FF
102
}
330
1FF
100
AcDbDictionary
281
     1
  0
SORTENTSTABLE
  5
2A6
102
{ACAD_REACTORS
330
2A5
102
}
330
2A5
100
AcDbSortentsTable
330
2A4
  0
XRECORD
  5
2F9C
102
{ACAD_REACTORS
330
2F9B
102
}
330
2F9B
100
AcDbXrecord
280
     1
 90
        1
340
10D
  0
XRECORD
  5
2FA0
102
{ACAD_REACTORS
330
2F9F
102
}
330
2F9F
100
AcDbXrecord
280
     1
 90
        1
340
10D
  0
XRECORD
  5
2F3E
102
{ACAD_REACTORS
330
2F3D
102
}
330
2F3D
100
AcDbXrecord
280
     1
 90
        1
340
10D
  0
XRECORD
  5
2F74
102
{ACAD_REACTORS
330
2F73
102
}
330
2F73
100
AcDbXrecord
280
     1
 90
        1
340
2F79
  0
ACDBDETAILVIEWSTYLE
  5
66E
102
{ACAD_REACTORS
330
21B
102
}
330
21B
100
AcDbModelDocViewStyle
 70
     0
  3
Imperial24
290
     0
300
Imperial24
 90
        0
100
AcDbDetailViewStyle
 70
     0
 71
     0
 90
        3
 71
     1
340
11
 62
   256
 40
0.24
340
0
 62
   256
 40
0.24
300

 40
0.36
280
     3
 71
     2
340
16
 90
       25
 62
   256
 71
     3
340
11
 62
   256
 40
0.24
 90
        1
 40
0.75
 90
        1
300
%<\AcVar ViewType \f "%tc1">% %<\AcVar ViewDetailId>%\PSCALE %<\AcVar ViewScale \f "%sn">%
 71
     4
340
16
 90
       25
 62
   256
340
16
 90
       25
 62
   256
280
     0
  0
ACDBDETAILVIEWSTYLE
  5
21C
102
{ACAD_REACTORS
330
21B
102
}
330
21B
100
AcDbModelDocViewStyle
 70
     0
  3
Metric50
290
     0
300
Metric50
 90
        0
100
AcDbDetailViewStyle
 70
     0
 71
     0
 90
        3
 71
     1
340
11
 62
   256
 40
5.0
340
0
 62
   256
 40
5.0
300

 40
0.0
280
     1
 71
     2
340
16
 90
       25
 62
   256
 71
     3
340
11
 62
   256
 40
5.0
 90
        0
 40
15.0
 90
        1
300
%<\AcVar ViewDetailId>% (%<\AcVar ViewScale \f "%sn">%)
 71
     4
340
16
 90
       25
 62
   256
340
16
 90
       25
 62
   256
280
     0
  0
LAYOUT
  5
D3
102
{ACAD_REACTORS
330
1A
102
}
330
1A
100
AcDbPlotSettings
  1

  2
DWG To PDF.pc3
  4
ISO_full_bleed_A3_(420.00_x_297.00_MM)
  6

 40
0.0
 41
0.0
 42
0.0
 43
0.0
 44
420.0
 45
297.0
 46
34.98292130109366
 47
0.0
 48
432.3222985471292
 49
288.7170448090456
140
767.6560785734446
141
573.2439418644871
142
1.0
143
0.9580030203886922
 70
   692
 72
     1
 73
     0
 74
     4
  7

 75
     0
147
1.043838045097465
 76
     0
 77
     2
 78
   300
148
-432.3222985471292
149
-288.7170448090456
100
AcDbLayout
  1
Layout1
 70
     1
 71
     1
 10
398.8085542786616
 20
288.7170448090456
 11
801.1698228419122
 21
573.2439418644871
 12
0.0
 22
0.0
 32
0.0
 14
432.3222985471292
 24
288.7170448090456
 34
0.0
 15
767.6560785734446
 25
573.2439418644871
 35
0.0
146
0.0
 13
0.0
 23
0.0
 33
0.0
 16
1.0
 26
0.0
 36
0.0
 17
0.0
 27
1.0
 37
0.0
 76
     0
330
D2
331
2F3C
1001
ACAD_PSEXT
1000
DWG To PDF.pc3
1000
DWG To PDF
1000
File
1000

1070
     0
  0
LAYOUT
  5
D7
102
{ACAD_REACTORS
330
1A
102
}
330
1A
100
AcDbPlotSettings
  1

  2
none_device
  4
ISO_A4_(210.00_x_297.00_MM)
  6

 40
7.5
 41
20.0
 42
7.5
 43
20.0
 44
210.0
 45
297.0
 46
0.0
 47
0.0
 48
0.0
 49
0.0
140
0.0
141
0.0
142
1.0
143
1.0
 70
   688
 72
     1
 73
     1
 74
     5
  7

 75
    16
147
1.0
 76
     0
 77
     2
 78
   300
148
0.0
149
0.0
100
AcDbLayout
  1
Layout2
 70
     1
 71
     2
 10
-20.0
 20
-7.5
 11
277.0
 21
202.5
 12
0.0
 22
0.0
 32
0.0
 14
25.69999999999999
 24
19.5
 34
0.0
 15
231.3
 25
175.5
 35
0.0
146
0.0
 13
0.0
 23
0.0
 33
0.0
 16
1.0
 26
0.0
 36
0.0
 17
0.0
 27
1.0
 37
0.0
 76
     0
330
D6
331
2F9A
1001
ACAD_PSEXT
1000
None
1000
None
1000
Not applicable
1000
The layout will not be plotted unless a new plotter configuration name is selected.
1070
     0
  0
LAYOUT
  5
22
102
{ACAD_XDICTIONARY
360
205
102
}
102
{ACAD_REACTORS
330
1A
102
}
330
1A
100
AcDbPlotSettings
  1

  2
none_device
  4
ISO_A4_(210.00_x_297.00_MM)
  6

 40
7.5
 41
20.0
 42
7.5
 43
20.0
 44
210.0
 45
297.0
 46
11.54999923706054
 47
-13.65000009536743
 48
0.0
 49
0.0
140
0.0
141
0.0
142
1.0
143
8.704084754739808
 70
 11952
 72
     1
 73
     0
 74
     0
  7

 75
     0
147
0.1148885871608098
 76
     0
 77
     2
 78
   300
148
0.0
149
0.0
100
AcDbLayout
  1
Model
 70
     1
 71
     0
 10
0.0
 20
0.0
 11
12.0
 21
9.0
 12
0.0
 22
0.0
 32
0.0
 14
0.0
 24
0.0
 34
0.0
 15
0.0
 25
0.0
 35
0.0
146
0.0
 13
0.0
 23
0.0
 33
0.0
 16
1.0
 26
0.0
 36
0.0
 17
0.0
 27
1.0
 37
0.0
 76
     0
330
1F
331
EA
1001
ACAD_PSEXT
1000
None
1000
None
1000
Not applicable
1000
The layout will not be plotted unless a new plotter configuration name is selected.
1070
     0
  0
MATERIAL
  5
ED
102
{ACAD_XDICTIONARY
360
1F9
102
}
102
{ACAD_REACTORS
330
6A
102
}
330
6A
100
AcDbMaterial
  1
ByBlock
 94
       63
  0
MATERIAL
  5
EC
102
{ACAD_XDICTIONARY
360
1F7
102
}
102
{ACAD_REACTORS
330
6A
102
}
330
6A
100
AcDbMaterial
  1
ByLayer
 94
       63
  0
MATERIAL
  5
EE
102
{ACAD_XDICTIONARY
360
173
102
}
102
{ACAD_REACTORS
330
6A
102
}
330
6A
100
AcDbMaterial
  1
Global
 43
0.0007999999797903
 43
0.0
 43
0.0
 43
0.0
 43
0.0
 43
0.0007999999797903
 43
0.0
 43
0.0
 43
0.0
 43
0.0
 43
1.0
 43
0.0
 43
0.0
 43
0.0
 43
0.0
 43
1.0
 49
0.0007999999797903
 49
0.0
 49
0.0
 49
0.0
 49
0.0
 49
0.0007999999797903
 49
0.0
 49
0.0
 49
0.0
 49
0.0
 49
1.0
 49
0.0
 49
0.0
 49
0.0
 49
0.0
 49
1.0
142
0.0007999999797903
142
0.0
142
0.0
142
0.0
142
0.0
142
0.0007999999797903
142
0.0
142
0.0
142
0.0
142
0.0
142
1.0
142
0.0
142
0.0
142
0.0
142
0.0
142
1.0
144
0.0007999999797903
144
0.0
144
0.0
144
0.0
144
0.0
144
0.0007999999797903
144
0.0
144
0.0
144
0.0
144
0.0
144
1.0
144
0.0
144
0.0
144
0.0
144
0.0
144
1.0
 94
       63
1001
ACAD
1070
    -1
1070
     3
1070
     0
1000

1071
        0
1070
     0
  0
MLEADERSTYLE
  5
13B
102
{ACAD_REACTORS
330
12D
102
}
330
12D
100
AcDbMLeaderStyle
179
     2
170
     2
171
     1
172
     0
 90
        2
 40
0.0
 41
0.0
173
     1
 91
-1056964608
340
14
 92
       -2
290
     1
 42
2.0
291
     1
 43
8.0
  3
Standard
 44
4.0
300

342
11
174
     1
178
     1
175
     1
176
     0
 93
-1056964608
 45
4.0
292
     0
297
     0
 46
4.0
 94
-1056964608
 47
1.0
 49
1.0
140
1.0
293
     1
141
0.0
294
     1
177
     0
142
1.0
295
     0
296
     1
143
3.75
271
     0
272
     9
273
     9
298
     0
  0
MLEADERSTYLE
  5
12E
102
{ACAD_REACTORS
330
12D
102
}
330
12D
100
AcDbMLeaderStyle
179
     2
170
     2
171
     1
172
     0
 90
        2
 40
0.0
 41
0.0
173
     1
 91
-1056964608
340
14
 92
       -2
290
     1
 42
2.0
291
     1
 43
8.0
  3
Standard
 44
4.0
300

342
11
174
     1
178
     1
175
     1
176
     0
 93
-1056964608
 45
4.0
292
     0
297
     0
 46
4.0
 94
-1056964608
 47
1.0
 49
1.0
140
1.0
293
     1
141
0.0
294
     1
177
     0
142
1.0
295
     0
296
     0
143
3.75
271
     0
272
     9
273
     9
298
     0
  0
MLINESTYLE
  5
18
102
{ACAD_REACTORS
330
17
102
}
330
17
100
AcDbMlineStyle
  2
STANDARD
 70
     0
  3

 62
   256
 51
90.0
 52
90.0
 71
     2
 49
0.5
 62
   256
  6
BYLAYER
 49
-0.5
 62
   256
  6
BYLAYER
  0
ACDBPLACEHOLDER
  5
F
102
{ACAD_REACTORS
330
E
102
}
330
E
  0
ACAD_PROXY_OBJECT
  5
2FAC
102
{ACAD_REACTORS
330
2FA8
102
}
330
2FA8
100
AcDbProxyObject
 90
      499
 91
      519
 71
    33
 97
      197
 70
     0
162
               694
311
4510C01BC019801980194019400B4010801C80194018401AC0080014401D4018401B001A401D001E40245948019401B80190019401C801CC0080019801BC01C8008000C400C0008001B401A401B801D401D0019401CC00
161
               217
310
40AD0340D014050A40502000000000000021000000000000000840CC
 94
        0
  0
ACAD_PROXY_OBJECT
  5
2FAB
102
{ACAD_REACTORS
330
2FA8
102
}
330
2FA8
100
AcDbProxyObject
 90
      499
 91
      519
 71
    33
 97
      197
 70
     0
162
               518
311
4112001A4019C01A00246D0401C001C001B001A4019401CC008000C400C0008001C8019401B80190019401C801A401B8019C008001B0019401D8019401B001CC00
161
               209
310
40AD0240E4290140902000000000000021000000000000000840CC
 94
        0
  0
ACAD_PROXY_OBJECT
  5
2FA9
102
{ACAD_REACTORS
330
2FA8
102
}
330
2FA8
100
AcDbProxyObject
 90
      499
 91
      519
 71
    33
 97
      197
 70
     0
162
               470
311
40D3001BC01DC024650401C001C001B001A4019401CC008000C4008001C8019401B80190019401C801A401B8019C008001B0019401D8019401B000
161
               193
310
40AE40E40501902000000000000021000000000000000840CC
 94
        0
  0
ACAD_PROXY_OBJECT
  5
2FAD
102
{ACAD_REACTORS
330
2FA8
102
}
330
2FA8
100
AcDbProxyObject
 90
      499
 91
      519
 71
    33
 97
      197
 70
     0
162
               582
311
4353001D401B8018C01A00080014401D4018401B001A401D001E40245948019401B80190019401C801CC0080019801BC01C8008000D800C0008001B401A401B801D401D0019401CC00
161
               217
310
40AD0440D014053C40902000000000000021000000000000000840CC
 94
        0
  0
ACAD_PROXY_OBJECT
  5
2FAA
102
{ACAD_REACTORS
330
2FA8
102
}
330
2FA8
100
AcDbProxyObject
 90
      499
 91
      519
 71
    33
 97
      197
 70
     0
162
               534
311
419340194019001A401D401B4024690401C001C001B001A4019401CC008000D4008001C8019401B80190019401C801A401B8019C008001B0019401D8019401B001CC00
161
               209
310
40AD0140E4150140502000000000000021000000000000000840CC
 94
        0
  0
ACAD_PROXY_OBJECT
  5
2FAE
102
{ACAD_REACTORS
330
2FA8
102
}
330
2FA8
100
AcDbProxyObject
 90
      499
 91
      519
 71
    33
 97
      197
 70
     0
162
               614
311
4453C01D8019401C801B801A4019C01A001D00080014401D4018401B001A401D001E40245148019401B80190019401C801CC0080019801BC01C8008000C400C8008001A001BC01D401C801CC00
161
               241
310
40AD0540D01404D002000040902000000000000021000000000000000840CC
 94
        0
  0
SCALE
  5
10D
102
{ACAD_REACTORS
330
10C
102
}
330
10C
100
AcDbScale
 70
     0
300
1:1
140
1.0
141
1.0
290
     1
  0
SCALE
  5
2F79
102
{ACAD_REACTORS
330
10C
102
}
330
10C
100
AcDbScale
 70
     0
300
1:300
140
1.0
141
300.0
290
     0
  0
SCALE
  5
2F7A
102
{ACAD_REACTORS
330
10C
102
}
330
10C
100
AcDbScale
 70
     0
300
1:2
140
1.0
141
2.0
290
     0
  0
SCALE
  5
2F7B
102
{ACAD_REACTORS
330
10C
102
}
330
10C
100
AcDbScale
 70
     0
300
1:4
140
1.0
141
4.0
290
     0
  0
SCALE
  5
2F7C
102
{ACAD_REACTORS
330
10C
102
}
330
10C
100
AcDbScale
 70
     0
300
1:5
140
1.0
141
5.0
290
     0
  0
SCALE
  5
2F7D
102
{ACAD_REACTORS
330
10C
102
}
330
10C
100
AcDbScale
 70
     0
300
1:8
140
1.0
141
8.0
290
     0
  0
SCALE
  5
1C2
102
{ACAD_REACTORS
330
10C
102
}
330
10C
100
AcDbScale
 70
     0
300
1:10
140
1.0
141
10.0
290
     0
  0
SCALE
  5
2F7E
102
{ACAD_REACTORS
330
10C
102
}
330
10C
100
AcDbScale
 70
     0
300
1:16
140
1.0
141
16.0
290
     0
  0
SCALE
  5
2F7F
102
{ACAD_REACTORS
330
10C
102
}
330
10C
100
AcDbScale
 70
     0
300
1:20
140
1.0
141
20.0
290
     0
  0
SCALE
  5
2F80
102
{ACAD_REACTORS
330
10C
102
}
330
10C
100
AcDbScale
 70
     0
300
1:30
140
1.0
141
30.0
290
     0
  0
SCALE
  5
2F81
102
{ACAD_REACTORS
330
10C
102
}
330
10C
100
AcDbScale
 70
     0
300
1:40
140
1.0
141
40.0
290
     0
  0
SCALE
  5
2F82
102
{ACAD_REACTORS
330
10C
102
}
330
10C
100
AcDbScale
 70
     0
300
1:50
140
1.0
141
50.0
290
     0
  0
SCALE
  5
2F83
102
{ACAD_REACTORS
330
10C
102
}
330
10C
100
AcDbScale
 70
     0
300
1:100
140
1.0
141
100.0
290
     0
  0
SCALE
  5
2F84
102
{ACAD_REACTORS
330
10C
102
}
330
10C
100
AcDbScale
 70
     0
300
2:1
140
2.0
141
1.0
290
     0
  0
SCALE
  5
2F85
102
{ACAD_REACTORS
330
10C
102
}
330
10C
100
AcDbScale
 70
     0
300
4:1
140
4.0
141
1.0
290
     0
  0
SCALE
  5
2F86
102
{ACAD_REACTORS
330
10C
102
}
330
10C
100
AcDbScale
 70
     0
300
8:1
140
8.0
141
1.0
290
     0
  0
SCALE
  5
2F87
102
{ACAD_REACTORS
330
10C
102
}
330
10C
100
AcDbScale
 70
     0
300
10:1
140
10.0
141
1.0
290
     0
  0
SCALE
  5
2F88
102
{ACAD_REACTORS
330
10C
102
}
330
10C
100
AcDbScale
 70
     0
300
100:1
140
100.0
141
1.0
290
     0
  0
ACDBSECTIONVIEWSTYLE
  5
66D
102
{ACAD_REACTORS
330
219
102
}
330
219
100
AcDbModelDocViewStyle
 70
     0
  3
Imperial24
290
     0
300
Imperial24
 90
        0
100
AcDbSectionViewStyle
 70
     0
 71
     0
 90
       78
 71
     1
340
11
 62
   256
 40
0.24
340
0
340
0
 62
   256
 40
0.24
300
I, O, Q, S, X, Z
 40
0.48
 90
        3
 40
0.18
 90
        1
 71
     2
340
16
 90
       25
 62
   256
340
16
 90
       50
 62
   256
 40
0.24
 40
0.0
 40
0.24
 71
     3
340
11
 62
   256
 40
0.24
 90
        1
 40
0.75
 90
        1
300
%<\AcVar ViewType \f "%tc1">% %<\AcVar ViewSectionStartId>%-%<\AcVar ViewSectionEndId>%\PSCALE %<\AcVar ViewScale \f "%sn">%
 71
     4
 62
   256
 62
   257
300
ANSI31
 40
1.0
 90
        0
290
     0
290
     0
 90
        6
 40
0.0
 40
1.570796326794896
 40
0.2617993877991494
 40
1.308996938995747
 40
-0.2617993877991494
 40
1.832595714594046
  0
ACDBSECTIONVIEWSTYLE
  5
21A
102
{ACAD_REACTORS
330
219
102
}
330
219
100
AcDbModelDocViewStyle
 70
     0
  3
Metric50
290
     0
300
Metric50
 90
        0
100
AcDbSectionViewStyle
 70
     0
 71
     0
 90
      102
 71
     1
340
11
 62
   256
 40
5.0
340
0
340
0
 62
   256
 40
5.0
300
I, O, Q, S, X, Z
 40
10.0
 90
        0
 40
2.5
 90
        0
 71
     2
340
16
 90
       25
 62
   256
340
16
 90
       50
 62
   256
 40
5.0
 40
2.5
 40
5.0
 71
     3
340
11
 62
   256
 40
5.0
 90
        0
 40
15.0
 90
        1
300
%<\AcVar ViewSectionStartId>%-%<\AcVar ViewSectionEndId>% (%<\AcVar ViewScale \f "%sn">%)
 71
     4
 62
   256
 62
   257
300
ANSI31
 40
1.0
 90
        0
290
     0
290
     0
 90
        6
 40
0.0
 40
1.570796326794896
 40
0.2617993877991494
 40
1.308996938995747
 40
-0.2617993877991494
 40
1.832595714594046
  0
TABLESTYLE
  5
7F
102
{ACAD_XDICTIONARY
360
162
102
}
102
{ACAD_REACTORS
330
7E
102
}
330
7E
100
AcDbTableStyle
280
     0
  3
Standard
 70
     0
 71
     0
 40
1.5
 41
1.5
280
     0
281
     0
  7
Standard
140
4.5
170
     2
 62
     0
 63
     7
283
     0
 90
      512
 91
        0
  1

274
    -2
284
     1
 64
     0
275
    -2
285
     1
 65
     0
276
    -2
286
     1
 66
     0
277
    -2
287
     1
 67
     0
278
    -2
288
     1
 68
     0
279
    -2
289
     1
 69
     0
  7
Standard
140
6.0
170
     5
 62
     0
 63
     7
283
     0
 90
      512
 91
        0
  1

274
    -2
284
     1
 64
     0
275
    -2
285
     1
 65
     0
276
    -2
286
     1
 66
     0
277
    -2
287
     1
 67
     0
278
    -2
288
     1
 68
     0
279
    -2
289
     1
 69
     0
  7
Standard
140
4.5
170
     5
 62
     0
 63
     7
283
     0
 90
      512
 91
        0
  1

274
    -2
284
     1
 64
     0
275
    -2
285
     1
 65
     0
276
    -2
286
     1
 66
     0
277
    -2
287
     1
 67
     0
278
    -2
288
     1
 68
     0
279
    -2
289
     1
 69
     0
  0
VISUALSTYLE
  5
F5
102
{ACAD_REACTORS
330
EF
102
}
330
EF
100
AcDbVisualStyle
  2
2dWireframe
 70
     4
177
     3
291
     0
 70
    58
 90
        0
176
     1
 90
        2
176
     1
 90
        1
176
     1
 90
        0
176
     1
 40
0.6
176
     1
 40
30.0
176
     1
 62
     7
420
 16777215
176
     1
 90
        1
176
     1
 90
        4
176
     1
 62
     7
176
     1
 62
   257
176
     1
 90
        1
176
     1
 90
        1
176
     1
 40
1.0
176
     1
 90
        0
176
     1
 62
   257
176
     1
 40
1.0
176
     1
 90
        1
176
     1
 90
        6
176
     1
 90
        2
176
     1
 62
     7
176
     1
 90
        5
176
     1
 90
        0
176
     1
 90
        0
176
     1
290
     0
176
     1
 90
        1
176
     1
 40
0.0
176
     1
 90
        0
176
     1
290
     1
176
     1
290
     1
176
     1
290
     0
176
     1
290
     0
176
     1
290
     0
176
     1
290
     0
176
     1
290
     0
176
     1
290
     0
176
     1
290
     0
176
     1
 90
       50
176
     1
 40
0.0
176
     1
 40
1.0
176
     1
 90
        0
176
     1
 62
    18
420
        0
176
     1
 90
       50
176
     1
 90
        3
176
     1
 62
     5
420
      255
176
     1
290
     0
176
     1
 90
       50
176
     1
 90
       50
176
     1
 90
       50
176
     1
290
     0
176
     1
 90
       50
176
     1
 62
   256
176
     0
 40
1.0
176
     0
 90
        2
176
     1
  1
strokes_ogs.tif
176
     1
290
     0
176
     1
 40
1.0
176
     1
 40
1.0
176
     1
  0
VISUALSTYLE
  5
F4
102
{ACAD_REACTORS
330
EF
102
}
330
EF
100
AcDbVisualStyle
  2
Basic
 70
     7
177
     3
291
     1
 70
    58
 90
        1
176
     1
 90
        0
176
     1
 90
        1
176
     1
 90
        0
176
     1
 40
0.6
176
     1
 40
30.0
176
     1
 62
     7
420
 16777215
176
     1
 90
        0
176
     1
 90
        4
176
     1
 62
     7
176
     1
 62
   257
176
     1
 90
        1
176
     1
 90
        1
176
     1
 40
1.0
176
     1
 90
        8
176
     1
 62
     7
176
     1
 40
1.0
176
     1
 90
        1
176
     1
 90
        6
176
     1
 90
        2
176
     1
 62
     7
176
     1
 90
        5
176
     1
 90
        0
176
     1
 90
        0
176
     1
290
     0
176
     1
 90
        1
176
     1
 40
0.0
176
     1
 90
        0
176
     1
290
     0
176
     1
290
     1
176
     1
290
     1
176
     1
290
     0
176
     1
290
     0
176
     1
290
     0
176
     1
290
     0
176
     1
290
     0
176
     1
290
     0
176
     1
 90
       50
176
     1
 40
0.0
176
     1
 40
1.0
176
     1
 90
        0
176
     1
 62
    18
420
        0
176
     1
 90
       50
176
     1
 90
        3
176
     1
 62
     5
420
      255
176
     1
290
     0
176
     1
 90
       50
176
     1
 90
       50
176
     1
 90
       50
176
     1
290
     0
176
     1
 90
       50
176
     1
 62
   256
176
     0
 40
1.0
176
     0
 90
        2
176
     1
  1
strokes_ogs.tif
176
     1
290
     0
176
     1
 40
1.0
176
     1
 40
1.0
176
     1
  0
VISUALSTYLE
  5
FB
102
{ACAD_REACTORS
330
EF
102
}
330
EF
100
AcDbVisualStyle
  2
Brighten
 70
    12
177
     3
291
     1
 70
    58
 90
        2
176
     1
 90
        2
176
     1
 90
        1
176
     1
 90
        0
176
     1
 40
0.6
176
     1
 40
30.0
176
     1
 62
     7
420
 16777215
176
     1
 90
        1
176
     1
 90
        4
176
     1
 62
     7
176
     1
 62
   257
176
     1
 90
        1
176
     1
 90
        1
176
     1
 40
1.0
176
     1
 90
        8
176
     1
 62
     7
176
     1
 40
1.0
176
     1
 90
        1
176
     1
 90
        6
176
     1
 90
        2
176
     1
 62
     7
176
     1
 90
        5
176
     1
 90
        0
176
     1
 90
        0
176
     1
290
     0
176
     1
 90
        1
176
     1
 40
50.0
176
     1
 90
        0
176
     1
290
     0
176
     1
290
     1
176
     1
290
     1
176
     1
290
     0
176
     1
290
     0
176
     1
290
     0
176
     1
290
     0
176
     1
290
     0
176
     1
290
     0
176
     1
 90
       50
176
     1
 40
0.0
176
     1
 40
1.0
176
     1
 90
        0
176
     1
 62
    18
420
        0
176
     1
 90
       50
176
     1
 90
        3
176
     1
 62
     5
420
      255
176
     1
290
     0
176
     1
 90
       50
176
     1
 90
       50
176
     1
 90
       50
176
     1
290
     0
176
     1
 90
       50
176
     1
 62
   256
176
     0
 40
1.0
176
     0
 90
        2
176
     1
  1
strokes_ogs.tif
176
     1
290
     0
176
     1
 40
1.0
176
     1
 40
1.0
176
     1
  0
VISUALSTYLE
  5
FF
102
{ACAD_REACTORS
330
EF
102
}
330
EF
100
AcDbVisualStyle
  2
ColorChange
 70
    16
177
     3
291
     1
 70
    58
 90
        2
176
     1
 90
        2
176
     1
 90
        3
176
     1
 90
        0
176
     1
 40
0.6
176
     1
 40
30.0
176
     1
 62
     8
420
  8421504
176
     1
 90
        1
176
     1
 90
        4
176
     1
 62
     7
176
     1
 62
   257
176
     1
 90
        1
176
     1
 90
        1
176
     1
 40
1.0
176
     1
 90
        8
176
     1
 62
     8
420
  8421504
176
     1
 40
1.0
176
     1
 90
        1
176
     1
 90
        6
176
     1
 90
        2
176
     1
 62
     7
176
     1
 90
        5
176
     1
 90
        0
176
     1
 90
        0
176
     1
290
     0
176
     1
 90
        1
176
     1
 40
0.0
176
     1
 90
        0
176
     1
290
     0
176
     1
290
     1
176
     1
290
     1
176
     1
290
     0
176
     1
290
     0
176
     1
290
     0
176
     1
290
     0
176
     1
290
     0
176
     1
290
     0
176
     1
 90
       50
176
     1
 40
0.0
176
     1
 40
1.0
176
     1
 90
        0
176
     1
 62
    18
420
        0
176
     1
 90
       50
176
     1
 90
        3
176
     1
 62
     5
420
      255
176
     1
290
     0
176
     1
 90
       50
176
     1
 90
       50
176
     1
 90
       50
176
     1
290
     0
176
     1
 90
       50
176
     1
 62
   256
176
     0
 40
1.0
176
     0
 90
        2
176
     1
  1
strokes_ogs.tif
176
     1
290
     0
176
     1
 40
1.0
176
     1
 40
1.0
176
     1
  0
VISUALSTYLE
  5
F8
102
{ACAD_REACTORS
330
EF
102
}
330
EF
100
AcDbVisualStyle
  2
Conceptual
 70
     9
177
     3
291
     0
 70
    58
 90
        3
176
     1
 90
        2
176
     1
 90
        1
176
     1
 90
        0
176
     1
 40
0.6
176
     1
 40
30.0
176
     1
 62
     7
420
 16777215
176
     1
 90
        2
176
     1
 90
        2
176
     1
 62
     7
176
     1
 62
   257
176
     1
 90
        1
176
     1
 90
        1
176
     1
 40
40.0
176
     1
 90
        8
176
     1
 62
     7
176
     1
 40
1.0
176
     1
 90
        1
176
     1
 90
        6
176
     1
 90
        2
176
     1
 62
     7
176
     1
 90
        3
176
     1
 90
        0
176
     1
 90
        0
176
     1
290
     0
176
     1
 90
        1
176
     1
 40
0.0
176
     1
 90
        0
176
     1
290
     0
176
     1
290
     1
176
     1
290
     1
176
     1
290
     0
176
     1
290
     0
176
     1
290
     0
176
     1
290
     0
176
     1
290
     0
176
     1
290
     0
176
     1
 90
       50
176
     1
 40
0.0
176
     1
 40
1.0
176
     1
 90
        0
176
     1
 62
    18
420
        0
176
     1
 90
       50
176
     1
 90
        3
176
     1
 62
     5
420
      255
176
     1
290
     0
176
     1
 90
       50
176
     1
 90
       50
176
     1
 90
       50
176
     1
290
     0
176
     1
 90
       50
176
     1
 62
   256
176
     0
 40
1.0
176
     0
 90
        2
176
     1
  1
strokes_ogs.tif
176
     1
290
     0
176
     1
 40
1.0
176
     1
 40
1.0
176
     1
  0
VISUALSTYLE
  5
FA
102
{ACAD_REACTORS
330
EF
102
}
330
EF
100
AcDbVisualStyle
  2
Dim
 70
    11
177
     3
291
     1
 70
    58
 90
        2
176
     1
 90
        2
176
     1
 90
        1
176
     1
 90
        0
176
     1
 40
0.6
176
     1
 40
30.0
176
     1
 62
     7
420
 16777215
176
     1
 90
        1
176
     1
 90
        4
176
     1
 62
     7
176
     1
 62
   257
176
     1
 90
        1
176
     1
 90
        1
176
     1
 40
1.0
176
     1
 90
        8
176
     1
 62
     7
176
     1
 40
1.0
176
     1
 90
        1
176
     1
 90
        6
176
     1
 90
        2
176
     1
 62
     7
176
     1
 90
        5
176
     1
 90
        0
176
     1
 90
        0
176
     1
290
     0
176
     1
 90
        1
176
     1
 40
-50.0
176
     1
 90
        0
176
     1
290
     0
176
     1
290
     1
176
     1
290
     1
176
     1
290
     0
176
     1
290
     0
176
     1
290
     0
176
     1
290
     0
176
     1
290
     0
176
     1
290
     0
176
     1
 90
       50
176
     1
 40
0.0
176
     1
 40
1.0
176
     1
 90
        0
176
     1
 62
    18
420
        0
176
     1
 90
       50
176
     1
 90
        3
176
     1
 62
     5
420
      255
176
     1
290
     0
176
     1
 90
       50
176
     1
 90
       50
176
     1
 90
       50
176
     1
290
     0
176
     1
 90
       50
176
     1
 62
   256
176
     0
 40
1.0
176
     0
 90
        2
176
     1
  1
strokes_ogs.tif
176
     1
290
     0
176
     1
 40
1.0
176
     1
 40
1.0
176
     1
  0
VISUALSTYLE
  5
1E6
102
{ACAD_REACTORS
330
EF
102
}
330
EF
100
AcDbVisualStyle
  2
EdgeColorOff
 70
    22
177
     3
291
     1
 70
    58
 90
        2
176
     0
 90
        2
176
     0
 90
        0
176
     0
 90
        0
176
     0
 40
0.6
176
     0
 40
30.0
176
     0
 62
     7
420
 16777215
176
     0
 90
        1
176
     0
 90
        4
176
     0
 62
     7
176
     0
 62
   257
176
     0
 90
        1
176
     0
 90
        1
176
     0
 40
1.0
176
     0
 90
        8
176
     2
 62
     7
176
     0
 40
1.0
176
     0
 90
        1
176
     0
 90
        6
176
     0
 90
        2
176
     0
 62
     7
176
     0
 90
        5
176
     0
 90
        0
176
     0
 90
        0
176
     0
290
     0
176
     0
 90
        1
176
     0
 40
0.0
176
     0
 90
        0
176
     0
290
     0
176
     1
290
     1
176
     1
290
     1
176
     1
290
     0
176
     1
290
     0
176
     1
290
     0
176
     1
290
     0
176
     1
290
     0
176
     1
290
     0
176
     1
 90
       50
176
     1
 40
0.0
176
     1
 40
1.0
176
     1
 90
        0
176
     1
 62
    18
420
        0
176
     1
 90
       50
176
     1
 90
        3
176
     1
 62
     5
420
      255
176
     1
290
     0
176
     1
 90
       50
176
     1
 90
       50
176
     1
 90
       50
176
     1
290
     0
176
     1
 90
       50
176
     1
 62
   256
176
     0
 40
1.0
176
     0
 90
        2
176
     1
  1
strokes_ogs.tif
176
     1
290
     0
176
     1
 40
1.0
176
     1
 40
1.0
176
     1
  0
VISUALSTYLE
  5
FE
102
{ACAD_REACTORS
330
EF
102
}
330
EF
100
AcDbVisualStyle
  2
Facepattern
 70
    15
177
     3
291
     1
 70
    58
 90
        2
176
     1
 90
        2
176
     1
 90
        1
176
     1
 90
        0
176
     1
 40
0.6
176
     1
 40
30.0
176
     1
 62
     7
420
 16777215
176
     1
 90
        1
176
     1
 90
        4
176
     1
 62
     7
176
     1
 62
   257
176
     1
 90
        1
176
     1
 90
        1
176
     1
 40
1.0
176
     1
 90
        8
176
     1
 62
     7
176
     1
 40
1.0
176
     1
 90
        1
176
     1
 90
        6
176
     1
 90
        2
176
     1
 62
     7
176
     1
 90
        5
176
     1
 90
        0
176
     1
 90
        0
176
     1
290
     0
176
     1
 90
        1
176
     1
 40
0.0
176
     1
 90
        0
176
     1
290
     0
176
     1
290
     1
176
     1
290
     1
176
     1
290
     0
176
     1
290
     0
176
     1
290
     0
176
     1
290
     0
176
     1
290
     0
176
     1
290
     0
176
     1
 90
       50
176
     1
 40
0.0
176
     1
 40
1.0
176
     1
 90
        0
176
     1
 62
    18
420
        0
176
     1
 90
       50
176
     1
 90
        3
176
     1
 62
     5
420
      255
176
     1
290
     0
176
     1
 90
       50
176
     1
 90
       50
176
     1
 90
       50
176
     1
290
     0
176
     1
 90
       50
176
     1
 62
   256
176
     0
 40
1.0
176
     0
 90
        2
176
     1
  1
strokes_ogs.tif
176
     1
290
     0
176
     1
 40
1.0
176
     1
 40
1.0
176
     1
  0
VISUALSTYLE
  5
F0
102
{ACAD_REACTORS
330
EF
102
}
330
EF
100
AcDbVisualStyle
  2
Flat
 70
     0
177
     3
291
     1
 70
    58
 90
        2
176
     1
 90
        1
176
     1
 90
        1
176
     1
 90
        2
176
     1
 40
0.6
176
     1
 40
30.0
176
     1
 62
     7
420
 16777215
176
     1
 90
        0
176
     1
 90
        0
176
     1
 62
     7
176
     1
 62
   257
176
     1
 90
        1
176
     1
 90
        1
176
     1
 40
1.0
176
     1
 90
        8
176
     1
 62
     7
176
     1
 40
1.0
176
     1
 90
        1
176
     1
 90
        6
176
     1
 90
        2
176
     1
 62
     7
176
     1
 90
        5
176
     1
 90
        0
176
     1
 90
        0
176
     1
290
     0
176
     1
 90
       13
176
     1
 40
0.0
176
     1
 90
        0
176
     1
290
     0
176
     1
290
     1
176
     1
290
     1
176
     1
290
     0
176
     1
290
     0
176
     1
290
     0
176
     1
290
     0
176
     1
290
     0
176
     1
290
     0
176
     1
 90
       50
176
     1
 40
0.0
176
     1
 40
1.0
176
     1
 90
        0
176
     1
 62
    18
420
        0
176
     1
 90
       50
176
     1
 90
        3
176
     1
 62
     5
420
      255
176
     1
290
     0
176
     1
 90
       50
176
     1
 90
       50
176
     1
 90
       50
176
     1
290
     0
176
     1
 90
       50
176
     1
 62
   256
176
     0
 40
1.0
176
     0
 90
        2
176
     1
  1
strokes_ogs.tif
176
     1
290
     0
176
     1
 40
1.0
176
     1
 40
1.0
176
     1
  0
VISUALSTYLE
  5
F1
102
{ACAD_REACTORS
330
EF
102
}
330
EF
100
AcDbVisualStyle
  2
FlatWithEdges
 70
     1
177
     3
291
     1
 70
    58
 90
        2
176
     1
 90
        1
176
     1
 90
        1
176
     1
 90
        2
176
     1
 40
0.6
176
     1
 40
30.0
176
     1
 62
     7
420
 16777215
176
     1
 90
        1
176
     1
 90
        0
176
     1
 62
     7
176
     1
 62
   257
176
     1
 90
        1
176
     1
 90
        1
176
     1
 40
1.0
176
     1
 90
        0
176
     1
 62
   257
176
     1
 40
1.0
176
     1
 90
        1
176
     1
 90
        6
176
     1
 90
        2
176
     1
 62
     7
176
     1
 90
        5
176
     1
 90
        0
176
     1
 90
        0
176
     1
290
     0
176
     1
 90
       13
176
     1
 40
0.0
176
     1
 90
        0
176
     1
290
     0
176
     1
290
     1
176
     1
290
     1
176
     1
290
     0
176
     1
290
     0
176
     1
290
     0
176
     1
290
     0
176
     1
290
     0
176
     1
290
     0
176
     1
 90
       50
176
     1
 40
0.0
176
     1
 40
1.0
176
     1
 90
        0
176
     1
 62
    18
420
        0
176
     1
 90
       50
176
     1
 90
        3
176
     1
 62
     5
420
      255
176
     1
290
     0
176
     1
 90
       50
176
     1
 90
       50
176
     1
 90
       50
176
     1
290
     0
176
     1
 90
       50
176
     1
 62
   256
176
     0
 40
1.0
176
     0
 90
        2
176
     1
  1
strokes_ogs.tif
176
     1
290
     0
176
     1
 40
1.0
176
     1
 40
1.0
176
     1
  0
VISUALSTYLE
  5
F2
102
{ACAD_REACTORS
330
EF
102
}
330
EF
100
AcDbVisualStyle
  2
Gouraud
 70
     2
177
     3
291
     1
 70
    58
 90
        2
176
     1
 90
        2
176
     1
 90
        1
176
     1
 90
        2
176
     1
 40
0.6
176
     1
 40
30.0
176
     1
 62
     7
420
 16777215
176
     1
 90
        0
176
     1
 90
        0
176
     1
 62
     7
176
     1
 62
   257
176
     1
 90
        1
176
     1
 90
        1
176
     1
 40
1.0
176
     1
 90
        0
176
     1
 62
     7
176
     1
 40
1.0
176
     1
 90
        1
176
     1
 90
        6
176
     1
 90
        2
176
     1
 62
     7
176
     1
 90
        5
176
     1
 90
        0
176
     1
 90
        0
176
     1
290
     0
176
     1
 90
       13
176
     1
 40
0.0
176
     1
 90
        0
176
     1
290
     0
176
     1
290
     1
176
     1
290
     1
176
     1
290
     0
176
     1
290
     0
176
     1
290
     0
176
     1
290
     0
176
     1
290
     0
176
     1
290
     0
176
     1
 90
       50
176
     1
 40
0.0
176
     1
 40
1.0
176
     1
 90
        0
176
     1
 62
    18
420
        0
176
     1
 90
       50
176
     1
 90
        3
176
     1
 62
     5
420
      255
176
     1
290
     0
176
     1
 90
       50
176
     1
 90
       50
176
     1
 90
       50
176
     1
290
     0
176
     1
 90
       50
176
     1
 62
   256
176
     0
 40
1.0
176
     0
 90
        2
176
     1
  1
strokes_ogs.tif
176
     1
290
     0
176
     1
 40
1.0
176
     1
 40
1.0
176
     1
  0
VISUALSTYLE
  5
F3
102
{ACAD_REACTORS
330
EF
102
}
330
EF
100
AcDbVisualStyle
  2
GouraudWithEdges
 70
     3
177
     3
291
     1
 70
    58
 90
        2
176
     1
 90
        2
176
     1
 90
        1
176
     1
 90
        2
176
     1
 40
0.6
176
     1
 40
30.0
176
     1
 62
     7
420
 16777215
176
     1
 90
        1
176
     1
 90
        0
176
     1
 62
     7
176
     1
 62
   257
176
     1
 90
        1
176
     1
 90
        1
176
     1
 40
1.0
176
     1
 90
        0
176
     1
 62
   257
176
     1
 40
1.0
176
     1
 90
        1
176
     1
 90
        6
176
     1
 90
        2
176
     1
 62
     7
176
     1
 90
        5
176
     1
 90
        0
176
     1
 90
        0
176
     1
290
     0
176
     1
 90
       13
176
     1
 40
0.0
176
     1
 90
        0
176
     1
290
     0
176
     1
290
     1
176
     1
290
     1
176
     1
290
     0
176
     1
290
     0
176
     1
290
     0
176
     1
290
     0
176
     1
290
     0
176
     1
290
     0
176
     1
 90
       50
176
     1
 40
0.0
176
     1
 40
1.0
176
     1
 90
        0
176
     1
 62
    18
420
        0
176
     1
 90
       50
176
     1
 90
        3
176
     1
 62
     5
420
      255
176
     1
290
     0
176
     1
 90
       50
176
     1
 90
       50
176
     1
 90
       50
176
     1
290
     0
176
     1
 90
       50
176
     1
 62
   256
176
     0
 40
1.0
176
     0
 90
        2
176
     1
  1
strokes_ogs.tif
176
     1
290
     0
176
     1
 40
1.0
176
     1
 40
1.0
176
     1
  0
VISUALSTYLE
  5
F7
102
{ACAD_REACTORS
330
EF
102
}
330
EF
100
AcDbVisualStyle
  2
Hidden
 70
     6
177
     3
291
     0
 70
    58
 90
        1
176
     1
 90
        2
176
     1
 90
        2
176
     1
 90
        0
176
     1
 40
0.6
176
     1
 40
30.0
176
     1
 62
     7
420
 16777215
176
     1
 90
        2
176
     1
 90
        2
176
     1
 62
     7
176
     1
 62
   257
176
     1
 90
        2
176
     1
 90
        1
176
     1
 40
40.0
176
     1
 90
        0
176
     1
 62
   257
176
     1
 40
1.0
176
     1
 90
        1
176
     1
 90
        6
176
     1
 90
        2
176
     1
 62
     7
176
     1
 90
        3
176
     1
 90
        0
176
     1
 90
        0
176
     1
290
     0
176
     1
 90
        1
176
     1
 40
0.0
176
     1
 90
        0
176
     1
290
     0
176
     1
290
     1
176
     1
290
     1
176
     1
290
     0
176
     1
290
     0
176
     1
290
     0
176
     1
290
     0
176
     1
290
     0
176
     1
290
     0
176
     1
 90
       50
176
     1
 40
0.0
176
     1
 40
1.0
176
     1
 90
        0
176
     1
 62
    18
420
        0
176
     1
 90
       50
176
     1
 90
        3
176
     1
 62
     5
420
      255
176
     1
290
     0
176
     1
 90
       50
176
     1
 90
       50
176
     1
 90
       50
176
     1
290
     0
176
     1
 90
       50
176
     1
 62
   256
176
     0
 40
1.0
176
     0
 90
        2
176
     1
  1
strokes_ogs.tif
176
     1
290
     0
176
     1
 40
1.0
176
     1
 40
1.0
176
     1
  0
VISUALSTYLE
  5
1E4
102
{ACAD_REACTORS
330
EF
102
}
330
EF
100
AcDbVisualStyle
  2
JitterOff
 70
    20
177
     3
291
     1
 70
    58
 90
        2
176
     0
 90
        2
176
     0
 90
        0
176
     0
 90
        0
176
     0
 40
0.6
176
     0
 40
30.0
176
     0
 62
     7
420
 16777215
176
     0
 90
        1
176
     0
 90
        4
176
     0
 62
     7
176
     0
 62
   257
176
     0
 90
        1
176
     0
 90
        1
176
     0
 40
1.0
176
     0
 90
       10
176
     2
 62
     7
176
     0
 40
1.0
176
     0
 90
        1
176
     0
 90
        6
176
     0
 90
        2
176
     0
 62
     7
176
     0
 90
        5
176
     0
 90
        0
176
     0
 90
        0
176
     0
290
     0
176
     0
 90
        1
176
     0
 40
0.0
176
     0
 90
        0
176
     0
290
     0
176
     1
290
     1
176
     1
290
     1
176
     1
290
     0
176
     1
290
     0
176
     1
290
     0
176
     1
290
     0
176
     1
290
     0
176
     1
290
     0
176
     1
 90
       50
176
     1
 40
0.0
176
     1
 40
1.0
176
     1
 90
        0
176
     1
 62
    18
420
        0
176
     1
 90
       50
176
     1
 90
        3
176
     1
 62
     5
420
      255
176
     1
290
     0
176
     1
 90
       50
176
     1
 90
       50
176
     1
 90
       50
176
     1
290
     0
176
     1
 90
       50
176
     1
 62
   256
176
     0
 40
1.0
176
     0
 90
        2
176
     1
  1
strokes_ogs.tif
176
     1
290
     0
176
     1
 40
1.0
176
     1
 40
1.0
176
     1
  0
VISUALSTYLE
  5
FD
102
{ACAD_REACTORS
330
EF
102
}
330
EF
100
AcDbVisualStyle
  2
Linepattern
 70
    14
177
     3
291
     1
 70
    58
 90
        2
176
     1
 90
        2
176
     1
 90
        1
176
     1
 90
        0
176
     1
 40
0.6
176
     1
 40
30.0
176
     1
 62
     7
420
 16777215
176
     1
 90
        1
176
     1
 90
        4
176
     1
 62
     7
176
     1
 62
   257
176
     1
 90
        7
176
     1
 90
        7
176
     1
 40
1.0
176
     1
 90
        8
176
     1
 62
     7
176
     1
 40
1.0
176
     1
 90
        1
176
     1
 90
        6
176
     1
 90
        2
176
     1
 62
     7
176
     1
 90
        5
176
     1
 90
        0
176
     1
 90
        0
176
     1
290
     0
176
     1
 90
        1
176
     1
 40
0.0
176
     1
 90
        0
176
     1
290
     0
176
     1
290
     1
176
     1
290
     1
176
     1
290
     0
176
     1
290
     0
176
     1
290
     0
176
     1
290
     0
176
     1
290
     0
176
     1
290
     0
176
     1
 90
       50
176
     1
 40
0.0
176
     1
 40
1.0
176
     1
 90
        0
176
     1
 62
    18
420
        0
176
     1
 90
       50
176
     1
 90
        3
176
     1
 62
     5
420
      255
176
     1
290
     0
176
     1
 90
       50
176
     1
 90
       50
176
     1
 90
       50
176
     1
290
     0
176
     1
 90
       50
176
     1
 62
   256
176
     0
 40
1.0
176
     0
 90
        2
176
     1
  1
strokes_ogs.tif
176
     1
290
     0
176
     1
 40
1.0
176
     1
 40
1.0
176
     1
  0
VISUALSTYLE
  5
1E5
102
{ACAD_REACTORS
330
EF
102
}
330
EF
100
AcDbVisualStyle
  2
OverhangOff
 70
    21
177
     3
291
     1
 70
    58
 90
        2
176
     0
 90
        2
176
     0
 90
        0
176
     0
 90
        0
176
     0
 40
0.6
176
     0
 40
30.0
176
     0
 62
     7
420
 16777215
176
     0
 90
        1
176
     0
 90
        4
176
     0
 62
     7
176
     0
 62
   257
176
     0
 90
        1
176
     0
 90
        1
176
     0
 40
1.0
176
     0
 90
        9
176
     2
 62
     7
176
     0
 40
1.0
176
     0
 90
        1
176
     0
 90
        6
176
     0
 90
        2
176
     0
 62
     7
176
     0
 90
        5
176
     0
 90
        0
176
     0
 90
        0
176
     0
290
     0
176
     0
 90
        1
176
     0
 40
0.0
176
     0
 90
        0
176
     0
290
     0
176
     1
290
     1
176
     1
290
     1
176
     1
290
     0
176
     1
290
     0
176
     1
290
     0
176
     1
290
     0
176
     1
290
     0
176
     1
290
     0
176
     1
 90
       50
176
     1
 40
0.0
176
     1
 40
1.0
176
     1
 90
        0
176
     1
 62
    18
420
        0
176
     1
 90
       50
176
     1
 90
        3
176
     1
 62
     5
420
      255
176
     1
290
     0
176
     1
 90
       50
176
     1
 90
       50
176
     1
 90
       50
176
     1
290
     0
176
     1
 90
       50
176
     1
 62
   256
176
     0
 40
1.0
176
     0
 90
        2
176
     1
  1
strokes_ogs.tif
176
     1
290
     0
176
     1
 40
1.0
176
     1
 40
1.0
176
     1
  0
VISUALSTYLE
  5
F9
102
{ACAD_REACTORS
330
EF
102
}
330
EF
100
AcDbVisualStyle
  2
Realistic
 70
     8
177
     3
291
     0
 70
    58
 90
        2
176
     1
 90
        3
176
     1
 90
        0
176
     1
 90
        2
176
     1
 40
0.6
176
     1
 40
30.0
176
     1
 62
     7
420
 16777215
176
     1
 90
        0
176
     1
 90
        0
176
     1
 62
     7
176
     1
 62
   257
176
     1
 90
        1
176
     1
 90
        1
176
     1
 40
1.0
176
     1
 90
        8
176
     1
 62
   257
176
     1
 40
1.0
176
     1
 90
        1
176
     1
 90
        6
176
     1
 90
        2
176
     1
 62
     7
176
     1
 90
        3
176
     1
 90
        0
176
     1
 90
        0
176
     1
290
     0
176
     1
 90
       13
176
     1
 40
0.0
176
     1
 90
        0
176
     1
290
     0
176
     1
290
     1
176
     1
290
     1
176
     1
290
     0
176
     1
290
     0
176
     1
290
     0
176
     1
290
     0
176
     1
290
     0
176
     1
290
     0
176
     1
 90
       50
176
     1
 40
0.0
176
     1
 40
1.0
176
     1
 90
        0
176
     1
 62
    18
420
        0
176
     1
 90
       50
176
     1
 90
        3
176
     1
 62
     5
420
      255
176
     1
290
     0
176
     1
 90
       50
176
     1
 90
       50
176
     1
 90
       50
176
     1
290
     0
176
     1
 90
       50
176
     1
 62
   256
176
     0
 40
1.0
176
     0
 90
        2
176
     1
  1
strokes_ogs.tif
176
     1
290
     0
176
     1
 40
1.0
176
     1
 40
1.0
176
     1
  0
VISUALSTYLE
  5
1F3
102
{ACAD_REACTORS
330
EF
102
}
330
EF
100
AcDbVisualStyle
  2
Shaded
 70
    27
177
     3
291
     0
 70
    58
 90
        2
176
     1
 90
        2
176
     1
 90
        1
176
     1
 90
        2
176
     1
 40
0.6
176
     1
 40
30.0
176
     1
 62
     7
420
 16777215
176
     1
 90
        0
176
     1
 90
        4
176
     1
 62
     7
176
     1
 62
   257
176
     1
 90
        1
176
     1
 90
        1
176
     1
 40
1.0
176
     1
 90
        8
176
     1
 62
   257
176
     1
 40
1.0
176
     1
 90
        1
176
     1
 90
        6
176
     1
 90
        2
176
     1
 62
     8
420
  7895160
176
     1
 90
        3
176
     1
 90
        0
176
     1
 90
        0
176
     1
290
     0
176
     1
 90
        5
176
     1
 40
0.0
176
     1
 90
        0
176
     1
290
     0
176
     1
290
     1
176
     1
290
     1
176
     1
290
     0
176
     1
290
     0
176
     1
290
     0
176
     1
290
     0
176
     1
290
     0
176
     1
290
     0
176
     1
 90
       50
176
     1
 40
0.0
176
     1
 40
1.0
176
     1
 90
        0
176
     1
 62
    18
420
        0
176
     1
 90
       50
176
     1
 90
        3
176
     1
 62
     5
420
      255
176
     1
290
     0
176
     1
 90
       50
176
     1
 90
       50
176
     1
 90
       50
176
     1
290
     0
176
     1
 90
       50
176
     1
 62
   256
176
     0
 40
1.0
176
     0
 90
        2
176
     1
  1
strokes_ogs.tif
176
     1
290
     0
176
     1
 40
1.0
176
     1
 40
1.0
176
     1
  0
VISUALSTYLE
  5
1F2
102
{ACAD_REACTORS
330
EF
102
}
330
EF
100
AcDbVisualStyle
  2
Shaded with edges
 70
    26
177
     3
291
     0
 70
    58
 90
        2
176
     1
 90
        2
176
     1
 90
        1
176
     1
 90
        2
176
     1
 40
0.6
176
     1
 40
30.0
176
     1
 62
     7
420
 16777215
176
     1
 90
        1
176
     1
 90
        2
176
     1
 62
     7
176
     1
 62
   257
176
     1
 90
        2
176
     1
 90
        1
176
     1
 40
1.0
176
     1
 90
        8
176
     1
 62
   257
176
     1
 40
1.0
176
     1
 90
        1
176
     1
 90
        6
176
     1
 90
        2
176
     1
 62
     7
176
     1
 90
        3
176
     1
 90
        0
176
     1
 90
        0
176
     1
290
     0
176
     1
 90
        5
176
     1
 40
0.0
176
     1
 90
        0
176
     1
290
     0
176
     1
290
     1
176
     1
290
     1
176
     1
290
     0
176
     1
290
     0
176
     1
290
     0
176
     1
290
     0
176
     1
290
     0
176
     1
290
     0
176
     1
 90
       50
176
     1
 40
0.0
176
     1
 40
1.0
176
     1
 90
        0
176
     1
 62
    18
420
        0
176
     1
 90
       50
176
     1
 90
        3
176
     1
 62
     5
420
      255
176
     1
290
     0
176
     1
 90
       50
176
     1
 90
       50
176
     1
 90
       50
176
     1
290
     0
176
     1
 90
       50
176
     1
 62
   256
176
     0
 40
1.0
176
     0
 90
        2
176
     1
  1
strokes_ogs.tif
176
     1
290
     0
176
     1
 40
1.0
176
     1
 40
1.0
176
     1
  0
VISUALSTYLE
  5
1EF
102
{ACAD_REACTORS
330
EF
102
}
330
EF
100
AcDbVisualStyle
  2
Shades of Gray
 70
    23
177
     3
291
     0
 70
    58
 90
        2
176
     1
 90
        2
176
     1
 90
        3
176
     1
 90
        0
176
     1
 40
0.6
176
     1
 40
30.0
176
     1
 62
     7
420
 16777215
176
     1
 90
        2
176
     1
 90
        2
176
     1
 62
     7
176
     1
 62
     7
176
     1
 90
        1
176
     1
 90
        1
176
     1
 40
40.0
176
     1
 90
        8
176
     1
 62
     7
176
     1
 40
1.0
176
     1
 90
        1
176
     1
 90
        6
176
     1
 90
        2
176
     1
 62
     7
176
     1
 90
        3
176
     1
 90
        0
176
     1
 90
        0
176
     1
290
     0
176
     1
 90
        1
176
     1
 40
0.0
176
     1
 90
        0
176
     1
290
     0
176
     1
290
     1
176
     1
290
     1
176
     1
290
     0
176
     1
290
     0
176
     1
290
     0
176
     1
290
     0
176
     1
290
     0
176
     1
290
     0
176
     1
 90
       50
176
     1
 40
0.0
176
     1
 40
1.0
176
     1
 90
        0
176
     1
 62
    18
420
        0
176
     1
 90
       50
176
     1
 90
        3
176
     1
 62
     5
420
      255
176
     1
290
     0
176
     1
 90
       50
176
     1
 90
       50
176
     1
 90
       50
176
     1
290
     0
176
     1
 90
       50
176
     1
 62
   256
176
     0
 40
1.0
176
     0
 90
        2
176
     1
  1
strokes_ogs.tif
176
     1
290
     0
176
     1
 40
1.0
176
     1
 40
1.0
176
     1
  0
VISUALSTYLE
  5
1F0
102
{ACAD_REACTORS
330
EF
102
}
330
EF
100
AcDbVisualStyle
  2
Sketchy
 70
    24
177
     3
291
     0
 70
    58
 90
        1
176
     1
 90
        2
176
     1
 90
        2
176
     1
 90
        0
176
     1
 40
0.6
176
     1
 40
30.0
176
     1
 62
     7
420
 16777215
176
     1
 90
        2
176
     1
 90
        2
176
     1
 62
     7
176
     1
 62
     7
176
     1
 90
        1
176
     1
 90
        1
176
     1
 40
40.0
176
     1
 90
       11
176
     1
 62
     7
176
     1
 40
1.0
176
     1
 90
        1
176
     1
 90
        6
176
     1
 90
        2
176
     1
 62
     7
176
     1
 90
        6
176
     1
 90
        0
176
     1
 90
        0
176
     1
290
     0
176
     1
 90
        1
176
     1
 40
0.0
176
     1
 90
        0
176
     1
290
     0
176
     1
290
     1
176
     1
290
     1
176
     1
290
     0
176
     1
290
     0
176
     1
290
     0
176
     1
290
     0
176
     1
290
     0
176
     1
290
     0
176
     1
 90
       50
176
     1
 40
0.0
176
     1
 40
1.0
176
     1
 90
        0
176
     1
 62
    18
420
        0
176
     1
 90
       50
176
     1
 90
        3
176
     1
 62
     5
420
      255
176
     1
290
     0
176
     1
 90
       50
176
     1
 90
       50
176
     1
 90
       50
176
     1
290
     0
176
     1
 90
       50
176
     1
 62
   256
176
     0
 40
1.0
176
     0
 90
        2
176
     1
  1
strokes_ogs.tif
176
     1
290
     0
176
     1
 40
1.0
176
     1
 40
1.0
176
     1
  0
VISUALSTYLE
  5
FC
102
{ACAD_REACTORS
330
EF
102
}
330
EF
100
AcDbVisualStyle
  2
Thicken
 70
    13
177
     3
291
     1
 70
    58
 90
        2
176
     1
 90
        2
176
     1
 90
        1
176
     1
 90
        0
176
     1
 40
0.6
176
     1
 40
30.0
176
     1
 62
     7
420
 16777215
176
     1
 90
        1
176
     1
 90
        4
176
     1
 62
     7
176
     1
 62
   257
176
     1
 90
        1
176
     1
 90
        1
176
     1
 40
1.0
176
     1
 90
       12
176
     1
 62
     7
176
     1
 40
1.0
176
     1
 90
        1
176
     1
 90
        6
176
     1
 90
        2
176
     1
 62
     7
176
     1
 90
        5
176
     1
 90
        0
176
     1
 90
        0
176
     1
290
     0
176
     1
 90
        1
176
     1
 40
0.0
176
     1
 90
        0
176
     1
290
     0
176
     1
290
     1
176
     1
290
     1
176
     1
290
     0
176
     1
290
     0
176
     1
290
     0
176
     1
290
     0
176
     1
290
     0
176
     1
290
     0
176
     1
 90
       50
176
     1
 40
0.0
176
     1
 40
1.0
176
     1
 90
        0
176
     1
 62
    18
420
        0
176
     1
 90
       50
176
     1
 90
        3
176
     1
 62
     5
420
      255
176
     1
290
     0
176
     1
 90
       50
176
     1
 90
       50
176
     1
 90
       50
176
     1
290
     0
176
     1
 90
       50
176
     1
 62
   256
176
     0
 40
1.0
176
     0
 90
        2
176
     1
  1
strokes_ogs.tif
176
     1
290
     0
176
     1
 40
1.0
176
     1
 40
1.0
176
     1
  0
VISUALSTYLE
  5
F6
102
{ACAD_REACTORS
330
EF
102
}
330
EF
100
AcDbVisualStyle
  2
Wireframe
 70
     5
177
     3
291
     0
 70
    58
 90
        0
176
     1
 90
        2
176
     1
 90
        0
176
     1
 90
        0
176
     1
 40
0.6
176
     1
 40
30.0
176
     1
 62
     7
420
 16777215
176
     1
 90
        1
176
     1
 90
        4
176
     1
 62
     7
176
     1
 62
   257
176
     1
 90
        1
176
     1
 90
        1
176
     1
 40
1.0
176
     1
 90
        0
176
     1
 62
   257
176
     1
 40
1.0
176
     1
 90
        1
176
     1
 90
        6
176
     1
 90
        2
176
     1
 62
     7
176
     1
 90
        3
176
     1
 90
        0
176
     1
 90
        0
176
     1
290
     0
176
     1
 90
        1
176
     1
 40
0.0
176
     1
 90
        0
176
     1
290
     0
176
     1
290
     1
176
     1
290
     1
176
     1
290
     0
176
     1
290
     0
176
     1
290
     0
176
     1
290
     0
176
     1
290
     0
176
     1
290
     0
176
     1
 90
       50
176
     1
 40
0.0
176
     1
 40
1.0
176
     1
 90
        0
176
     1
 62
    18
420
        0
176
     1
 90
       50
176
     1
 90
        3
176
     1
 62
     5
420
      255
176
     1
290
     0
176
     1
 90
       50
176
     1
 90
       50
176
     1
 90
       50
176
     1
290
     0
176
     1
 90
       50
176
     1
 62
   256
176
     0
 40
1.0
176
     0
 90
        2
176
     1
  1
strokes_ogs.tif
176
     1
290
     0
176
     1
 40
1.0
176
     1
 40
1.0
176
     1
  0
VISUALSTYLE
  5
1F1
102
{ACAD_REACTORS
330
EF
102
}
330
EF
100
AcDbVisualStyle
  2
X-Ray
 70
    25
177
     3
291
     0
 70
    58
 90
        2
176
     1
 90
        2
176
     1
 90
        1
176
     1
 90
        1
176
     1
 40
0.5
176
     1
 40
30.0
176
     1
 62
     7
420
 16777215
176
     1
 90
        1
176
     1
 90
        0
176
     1
 62
     7
176
     1
 62
   257
176
     1
 90
        1
176
     1
 90
        1
176
     1
 40
1.0
176
     1
 90
        8
176
     1
 62
     7
176
     1
 40
1.0
176
     1
 90
        1
176
     1
 90
        6
176
     1
 90
        2
176
     1
 62
     7
176
     1
 90
        3
176
     1
 90
        0
176
     1
 90
        0
176
     1
290
     0
176
     1
 90
       13
176
     1
 40
0.0
176
     1
 90
        0
176
     1
290
     0
176
     1
290
     1
176
     1
290
     1
176
     1
290
     0
176
     1
290
     0
176
     1
290
     0
176
     1
290
     0
176
     1
290
     0
176
     1
290
     0
176
     1
 90
       50
176
     1
 40
0.0
176
     1
 40
1.0
176
     1
 90
        0
176
     1
 62
    18
420
        0
176
     1
 90
       50
176
     1
 90
        3
176
     1
 62
     5
420
      255
176
     1
290
     0
176
     1
 90
       50
176
     1
 90
       50
176
     1
 90
       50
176
     1
290
     0
176
     1
 90
       50
176
     1
 62
   256
176
     0
 40
1.0
176
     0
 90
        2
176
     1
  1
strokes_ogs.tif
176
     1
290
     0
176
     1
 40
1.0
176
     1
 40
1.0
176
     1
  0
DICTIONARYVAR
  5
2F4C
102
{ACAD_REACTORS
330
2F4B
102
}
330
2F4B
100
DictionaryVariables
280
     0
  1
100.000000
  0
DICTIONARYVAR
  5
2F4D
102
{ACAD_REACTORS
330
2F4B
102
}
330
2F4B
100
DictionaryVariables
280
     0
  1
1
  0
DICTIONARYVAR
  5
2F4E
102
{ACAD_REACTORS
330
2F4B
102
}
330
2F4B
100
DictionaryVariables
280
     0
  1
1:1
  0
DICTIONARYVAR
  5
2F4F
102
{ACAD_REACTORS
330
2F4B
102
}
330
2F4B
100
DictionaryVariables
280
     0
  1
0
  0
DICTIONARYVAR
  5
2F50
102
{ACAD_REACTORS
330
2F4B
102
}
330
2F4B
100
DictionaryVariables
280
     0
  1
STANDARD
  0
DICTIONARYVAR
  5
2F51
102
{ACAD_REACTORS
330
2F4B
102
}
330
2F4B
100
DictionaryVariables
280
     0
  1
STANDARD
  0
DICTIONARYVAR
  5
2F52
102
{ACAD_REACTORS
330
2F4B
102
}
330
2F4B
100
DictionaryVariables
280
     0
  1
Metric50
  0
DICTIONARYVAR
  5
2F53
102
{ACAD_REACTORS
330
2F4B
102
}
330
2F4B
100
DictionaryVariables
280
     0
  1
Metric50
  0
DICTIONARYVAR
  5
2F54
102
{ACAD_REACTORS
330
2F4B
102
}
330
2F4B
100
DictionaryVariables
280
     0
  1
0
  0
DICTIONARYVAR
  5
2F55
102
{ACAD_REACTORS
330
2F4B
102
}
330
2F4B
100
DictionaryVariables
280
     0
  1
1
  0
DICTIONARYVAR
  5
2F56
102
{ACAD_REACTORS
330
2F4B
102
}
330
2F4B
100
DictionaryVariables
280
     0
  1
1
  0
DICTIONARYVAR
  5
2F57
102
{ACAD_REACTORS
330
2F4B
102
}
330
2F4B
100
DictionaryVariables
280
     0
  1
0
  0
DICTIONARYVAR
  5
2F58
102
{ACAD_REACTORS
330
2F4B
102
}
330
2F4B
100
DictionaryVariables
280
     0
  1
BYBLOCK
  0
DICTIONARYVAR
  5
2F59
102
{ACAD_REACTORS
330
2F4B
102
}
330
2F4B
100
DictionaryVariables
280
     0
  1
0
  0
DICTIONARYVAR
  5
2F5A
102
{ACAD_REACTORS
330
2F4B
102
}
330
2F4B
100
DictionaryVariables
280
     0
  1
2d tarama cephe
  0
DICTIONARYVAR
  5
2F5B
102
{ACAD_REACTORS
330
2F4B
102
}
330
2F4B
100
DictionaryVariables
280
     0
  1
14
  0
DICTIONARYVAR
  5
2F5C
102
{ACAD_REACTORS
330
2F4B
102
}
330
2F4B
100
DictionaryVariables
280
     0
  1
0
  0
DICTIONARYVAR
  5
2F5D
102
{ACAD_REACTORS
330
2F4B
102
}
330
2F4B
100
DictionaryVariables
280
     0
  1
0
  0
DICTIONARYVAR
  5
2F5E
102
{ACAD_REACTORS
330
2F4B
102
}
330
2F4B
100
DictionaryVariables
280
     0
  1
0
  0
DICTIONARYVAR
  5
2F5F
102
{ACAD_REACTORS
330
2F4B
102
}
330
2F4B
100
DictionaryVariables
280
     0
  1
2
  0
DICTIONARYVAR
  5
2F60
102
{ACAD_REACTORS
330
2F4B
102
}
330
2F4B
100
DictionaryVariables
280
     0
  1
1.000000
  0
DICTIONARYVAR
  5
2F61
102
{ACAD_REACTORS
330
2F4B
102
}
330
2F4B
100
DictionaryVariables
280
     0
  1
1
  0
DICTIONARYVAR
  5
2F62
102
{ACAD_REACTORS
330
2F4B
102
}
330
2F4B
100
DictionaryVariables
280
     0
  1
2
  0
DICTIONARYVAR
  5
2F63
102
{ACAD_REACTORS
330
2F4B
102
}
330
2F4B
100
DictionaryVariables
280
     0
  1
1
  0
DICTIONARYVAR
  5
2F64
102
{ACAD_REACTORS
330
2F4B
102
}
330
2F4B
100
DictionaryVariables
280
     0
  1
0
  0
DICTIONARYVAR
  5
2F65
102
{ACAD_REACTORS
330
2F4B
102
}
330
2F4B
100
DictionaryVariables
280
     0
  1
127
  0
DICTIONARY
  5
205
330
22
100
AcDbDictionary
280
     1
281
     1
  0
DICTIONARY
  5
1F9
330
ED
100
AcDbDictionary
280
     1
281
     1
  3
FBXASSET
360
1FA
  0
DICTIONARY
  5
1F7
330
EC
100
AcDbDictionary
280
     1
281
     1
  3
FBXASSET
360
1F8
  0
DICTIONARY
  5
173
330
EE
100
AcDbDictionary
280
     1
281
     1
  3
BUMPTILE
360
175
  3
DIFFUSETILE
360
174
  3
FBXASSET
360
1FB
  3
OPACITYTILE
360
176
  3
REFLECTIONTILE
360
177
  0
DICTIONARY
  5
162
330
7F
100
AcDbDictionary
280
     1
281
     1
  3
ACAD_ROUNDTRIP_2008_TABLESTYLE_CELLSTYLEMAP
360
2FE8
  0
XRECORD
  5
1FA
102
{ACAD_REACTORS
330
1F9
102
}
330
1F9
100
AcDbXrecord
280
     1
 70
     1
 90
429727718
  1
D62C5603-E3A1-4AEA-B7FB-FE5D8D0755AF
310
504B03040A0000080000CC70623B3DEE336E79000000790000001B0000006175746F6465736B2D64657369676E2D7061636B6167652E786D6C3C3F786D6C2076657273696F6E3D22312E302220656E636F64696E673D227574662D3822203F3E3C666F726D6174733E3C666F726D61743E687474703A2F2F736368656D612E
310
6175746F6465736B2E636F6D2F64657369676E2D7061636B6167652F323030393C2F666F726D61743E3C2F666F726D6174733E504B0304140006080800CC70623BD486FD9CA0000000F4000000130000005B436F6E74656E745F54797065735D2E786D6C7D8EC10E82300C865F65E91D8A1E8C310C0EEA1BF002731658846E
310
D98AC1B77784ABF1D8FE5FBFBF75BBCE937A534CCEB38643598122B6FEE978D0B0485F9C41B54DDD7D022595594E1A469170414C76A4D9A4D207E29CF43ECE46F218070CC6BECC4078ACAA135ACF422C856C0E68EA1BF5669944DDD7BCDE7B1F8E415D77AECB980613C2E4AC91FC167A2B244592486606FC29C8FD7F045B9A
310
EF7053A7E60B504B0304140006080800CC70623B853B8169EB0000007C01000008000000636F72652E786D6C8D90416EC3201045AF62CDB6C206821CC7C244919D9CA01740401C94182C03558F5F9C3852BBEB6A467FFE9B197D7EFC9E1EC5975982F5AE035262288C535E5B377690E21535501C055FBC8FBF6C503839990E
310
5619041F179FE64D52DE45E362569DD7661365082642A11EB9E920A89B99642953CC8E702F67A9EE7234257977194EC9EAE275C4EABCCF5EAD5940D4AC6F0E35A568B8F43562CD7046CD199FD07E60174276A7BE677B5EADB0E0D14EEFFB6A31321A0D82627C4084204C3F096B71DD52F6819B16635EADF63F509AF53FA164
310
5DDCD1EDDD17164090FCC8732078B56691CB33A85CD7DCC40F504B0304140006080800CC70623B55019EA25F0000007C00000007000000636E782E786D6C4DCB3B0E80201045D1AD90E915ED2CF8AC45050C11660C8261F98AB1B07AC9C97D42D718D865D3E909258CFD00CCE24AC6E326A164D74DC0B4128928FF32603847
310
2BA13128B1252AC747C6BAB984FC68F0B87FE8960A5C09FE86CFB69FBA01504B0304140006080800CC70623BDBABAAF470010000D40300000C0000006662782F636F72652E786D6CC553D16E823014FD95A6AF4B694182CC941A83FA05FB810A9511A125A5257EFE2E82712ECEB8A7F100CD39F7F69E734AF9FADC366850B6
310
AF8DCE7018308C942E4C59EB2AC3DE1D498AD15A706B8CFB56869196ADCAF00863C12B6B7C374385D14E6907A836A59A41D9F7CA615434B0C8705F7CAA5606D23BA8E84F41278B93AC54100640439DE0BDB320004D43C63716C7C399D30917DCFBBA9CD9BA8469F5B156168B24CED3F7248AC8769F27244EB73B92EED8862C
310
B7F13E0C179B3C8F979C8ECD82BBBABDAA2BAC924E9558448CBD9330242CFA08E3154B5651FCC6D215639C8EE5774DBE2B5F6CF2B5768B68963BB5F5588420E442FC700B1139D4CB01F450C1E918227C2E09DF070D8140C84E1E9AAB8F1340832A9CB13130A5F1376A908D57309505ECF2A0DF179C4E9D30F5B239B87E3823
310
7A79C6F31DE1A8A5AEC08474B03C7837EAE4938639B44E5932B833D2C6B6B279CDC613877FA26EE21F4A2A4C63EC7F29A2F301D1F9F7A0E37D145F504B0304140006080800CC70623B9C113CC27E0000009D0000000B0000006662782F636E782E786D6C4DCCDF0A83201C86E15B91DFB94BFB330DD428C8FB886521330DA7
310
6397BF1A1DECE883878F57749FCDA1B7892F1BBC047A23808C7F84D9FA55424E0BE6803A256208E9EF06C84F9B91703228B1C690F78B66B34CD9A5439DF5CF0BFBF65E35BCA1B8D6A5C6F540381E886698B5741C695F9503EBA150A2F8958E3DC3EA0B504B0304140006080800CC70623B7DF2F77C2A010000120200003100
310
00006662782F41393633353835312D344632462D344230382D423046372D3739314545314133324237412F636F72652E786D6C8D51DB8EC22014FC15C2939B0D2DB4B45643319AE817EC0F6041255A68B86CFCFC856D4D76DF7CE190393373060EDB3DC707F856CE6B6B7A480A0C81328395DA5C7B18C3057510EC3873D686
310
3F34088C18550F330C39BB3A1BA7051AAC09CA84841A2BD5020AEF55806078A44B0FFD7053A328440C89E1EFC52486BBB8AA8214A99D789CF9E05200300FC927E4FB4D5B375D43103D5527440FB843077C5AA3F5861C8F645F5787F59E95B390B318B55CE45AA638FAA2957BD7248B390B7A7CC51F9C124149C82B8C378810
310
84AB2F42B7B8DD56F413775B8C5999E9FF4471926F8AA236A1AE96B8B3CC434E5839373893369E1FAF30EA395917409EB7F26AF8801C171837A4A6AC9C89E9F9C9B1A58BA30FD6A5EF5DDDCF894B9AD9B6A59C957943A9FCAE2FD5BC4DFE03504B0304140006080800CC70623BAD7543B64E01000033030000300000006662
310
782F41393633353835312D344632462D344230382D423046372D3739314545314133324237412F636E782E786D6CD593CD6EC32010845F0571AD6CE3D48AD20813A9873E410FBD12D82434182C7EAAE6EDBB2424CD25871E7B41D6EC30B3FA84F9E67BB2E40B4234DE8DB46F1925E094D7C6ED479AD3AE5951B2113C789FEE
310
6C943839C1488B4C05DF079FE72A69D8C96C13AAD6B8631503449F83828872B949AC57D26200B826A308D316B4064D6E46FCDA41C05550DC9E483A00797BFD207EFB092A45DE9514C1BBD22178396BD39D891265658C238DEA00936C654E5E433CB65A26D9F6EDB5EBC14EBF49A45CB856E66048291F6939A9A81BB5C89177
310
38143CA680F4AA299D66A042CEB3354A2684DC9D8D178FE0D9B8B41CAAD720F880EE7EF93C0C18769E099ECC04D5A102C8049A8A05632F4DDF376CF1DE0F6BB65C2F8627B65A33C6BB62177CEBBDAD973006829F89F22E814B54F4BC2BE347F8AA8F681390B50FA73F804400B5F542E796F19FF974E7F78DB802FE05E20750
310
4B0304140006080800CC70623BE75B7789680500003C100000340000006662782F41393633353835312D344632462D344230382D423046372D3739314545314133324237412F6F626A656374732E786D6CAD575B8F9B3818FD2B887D06C22499CB8AA1CA655245D5B455A356FB305264C061D8018C6C3393D95FBFC7600890
310
A4CD5EF210B0B1BFEBF98E3F7B1FF6596ABC522E1296DF9BAE3D320D9A872C4AF2F8DE2CE5CEBA358D0FBEC719939D65A691938CDE9B6ADAF4BD98B3B2D05311DD91329583D9D5FC0F438434A7A611A644887B5384CF34233629258BA878B12322891DEFF6B66BD70BFB62634E8AE781D082709A4B588AF91C528CDA28B73F
310
1C998EEF39EABBEFA97FBD6A7C7E9553F9D3D79FE442923C3C523610337627CB87ABE99D359D4CC6D6E4FACAB5E6ABF9D2726FC6A3C5F56271377BB88362213924694B38DD99FE47C48627A1E7D49F5A8BB5E1A74C0A599ED3B0F21F1E56366B89112D681E218F0915D0D6F17AD41FBA2A369DCF6335D62ABBD39779D5DDD1
310
11D4D8DE3CBB96B2E04FB8202E41051754A1AA8E8F76B4C6DFE810B580B1547F4B84911149794252234D024EF8BBE963A95AE27B3D310A9D5C215C7960FAEE415ED75694C6AFB17BCACA5D99A60A9AA65F217B0BFC53292ACB92BF283FAD0D3621576592CB5BED907C2FA8E9DF794E35E97BEA31BED21FEB401ABB94C44839
310
DCACBF0E1C5DA8DA5B2F4DFFD32AD86F543D9E565E7056502E157C00AD2671CD534549AB752FCA9CDA00677A313F04E51B22FF19E57B300579E3C97EB29F682D92935CEC18CF901B7B54FD8C51F362B56FC72FE0B3C1EAE335EDCCBF5AEC39ADB17DC238973F804BA5E6F6BFE7AF1FB32E523BE9F3BD571418E3631DCA4D48
310
5250CF639223210A9446CA30052EDF057BD35F8329C1ECD84552BF0DC8D18BE7BCE23BFE6BD960AB4A7DE79923A103BEBD80F911CBAA2C60DB19B01CF164A5583B772EE6D3FFA56666CBCDA74DC97724A48F9A58967497E489C4D979006FD7A05E227A1EBDD0F737C623387A9C844D3709995625106D157315F8B8392CD4E0
310
A0B9A720C4BE9829CEF37EA1E13111214D53925356365ADA634861B52519DD27A00AEB808EAF0628E6F435519D446F45CF2C9CF5214F0A15B2F6D06B79DA3EE3CBF7F56780D2F4E7EF73A0F5E5B02A38D07DC852C6B7C1FBB6664213E0C39E3EBA7FF4E1AD23EA2829407C85E586727488B751B2DB9502BC7B228A3FD68B6E
310
A65A22397E690AA8D158D7E404EC8CDA235CC3B7D1898680131CEC2CDF2638C65196279577750F15884AEE19F94199155B92B13297978469D4F8D358DF0AEF7631E28DC8F0D9F437D5D39A83B2231A1D52D543813A824EF8D44BCFF2FA6A31BD1E8DAD87F1CCB526B3879935BF59CDADD5C37479BB1CDD4CA7B3556B516589
310
EF352754B706114D9C885EC9131DE6EFEB43D99AFE2391C2F958179413D7CFEF6B1B6DB1E7600F00DE6E5C67454A339A4BA2E0FBA85ED26F045D454F463DBFCE484C2F90F2E5E3666003662ED8F755951A7D1BECD5B30B550B2785C8E7320B7292A4838DDA71BBC863ED7613CAF659337A3354231D4FF4A182A54904C2898C
310
98B28C4AD0CE056CCF332A80986E571EE9DBC305BB5FEB7E509220A58D25CF042D712A806AC0AD0C657FDEF80D2D9CEAA2EE4D1C76F60BFE74219A06527D6F82DF6412526107381E55E353090704D085B52408A8913C4ED159D79BDA71BB4BC506F4831350EB6F975CD22D69BF7AC49B91A2C0A9DDA3D5CA36AD20FC478E37
310
E61844E2352865EBCB61A275A65283CAAA9DD27703B4102F5AF51EF5F573B75CBB5AD38BC845F7A49F82A0966A49C2E3EA5EA0ECD326CD965F1DB402C6FA8B51A4658C5C5E2EC9E214602E55810345408596591009A82E7E7FFACA19EEA299B14A0081A705CB3296EBC14CDF658DCD336EA6D1136881AAEB87B81AB9EE53D5
310
F5EB8BC8362082DA24122F98680A4E7930C01A0079749CEA14382A0783E5EBA5A10F8C098456A03D6A4AEB6BB881E2513747552A5DB22C7EDAF83BD5528081A365F7FF06504B0304140006080000CC70623B000000000000000000000000350000006662782F41393633353835312D344632462D344230382D423046372D37
310
39314545314133324237412F76657274696365732E62696E504B0304140006080800CC70623BF270F1330600000004000000360000006662782F41393633353835312D344632462D344230382D423046372D3739314545314133324237412F747269616E676C65732E62696E636660600000504B0304140006080000CC7062
310
3B000000000000000000000000370000006662782F41393633353835312D344632462D344230382D423046372D3739314545314133324237412F617474726962757465732E62696E504B0304140006080800CC70623B08DA0BD19000000041010000360000006662782F41393633353835312D344632462D344230382D4230
310
46372D3739314545314133324237412F6469726563746F72792E786D6C858F410AC3201045AF22B36F53E9A60B35CBEEBAE80D244E44489C6234F4F835464A48035D0DF398FF9F8AF63D0E6CC63039F212F8F9020C7D47C6792B21C5FE7403D62A1188E2E60C98D7234A5830286103A55745067B9D86B8A3CF9C7F90C11DE6
310
07FB144396D7B6A82D282E9A152AD114D5EF2CB866EEE831B8EEA07A7BB5A8D7D61A2BAAEB7FD5F70921FF497D00504B0304140006080800CC70623BEDD1DC58FD000000A00100003B0000006662782F41393633353835312D344632462D344230382D423046372D3739314545314133324237412F7265736F75726365732F
310
636F72652E786D6C8D504B6E833010BD0A9A6D65B00922041947112427E8052C33A156828DFCA97AFC9A40A576D7CDCCE87D344F8F9FBFE667F689CE6B6B3A6039850C8DB2A336530731DC4903D95970676DF82583CCC8193B5861107C72362E3BA4AC096842428D1D7107A5F7182053CF7474E0D507CE32973124857FE48B
310
540F3961CEF244279DE03EB81420DB9EAC1384436FA353E879B1B182C7A8C75DA3C7F453DF353A1075D537A7BA6464B8F535A99AE14A9A2BBD90E350DD183B5CFABE3AF262350B1EF4FC9351399401471025A527C218A1E53BAB5A5AB765F5469B96525EACF23FA6B88CFF34456DC2A1DCE36E360F82A5202F42F062ED2BAD
310
579969AFDD8A6F504B010214000A0000080000CC70623B3DEE336E79000000790000001B00000000000000000000000000000000006175746F6465736B2D64657369676E2D7061636B6167652E786D6C504B01021400140006080800CC70623BD486FD9CA0000000F40000001300000000000000000000000000B20000005B
310
436F6E74656E745F54797065735D2E786D6C504B01021400140006080800CC70623B853B8169EB0000007C010000080000000000000000000000000083010000636F72652E786D6C504B01021400140006080800CC70623B55019EA25F0000007C000000070000000000000000000000000094020000636E782E786D6C504B
310
01021400140006080800CC70623BDBABAAF470010000D40300000C00000000000000000000000000180300006662782F636F72652E786D6C504B01021400140006080800CC70623B9C113CC27E0000009D0000000B00000000000000000000000000B20400006662782F636E782E786D6C504B01021400140006080800CC70
310
623B7DF2F77C2A010000120200003100000000000000000000000000590500006662782F41393633353835312D344632462D344230382D423046372D3739314545314133324237412F636F72652E786D6C504B01021400140006080800CC70623BAD7543B64E010000330300003000000000000000000000000000D2060000
310
6662782F41393633353835312D344632462D344230382D423046372D3739314545314133324237412F636E782E786D6C504B01021400140006080800CC70623BE75B7789680500003C10000034000000000000000000000000006E0800006662782F41393633353835312D344632462D344230382D423046372D3739314545
310
314133324237412F6F626A656374732E786D6C504B01021400140006080000CC70623B0000000000000000000000003500000000000000000000000000280E00006662782F41393633353835312D344632462D344230382D423046372D3739314545314133324237412F76657274696365732E62696E504B01021400140006
310
080800CC70623BF270F133060000000400000036000000000000000000000000007B0E00006662782F41393633353835312D344632462D344230382D423046372D3739314545314133324237412F747269616E676C65732E62696E504B01021400140006080000CC70623B0000000000000000000000003700000000000000
310
000000000000D50E00006662782F41393633353835312D344632462D344230382D423046372D3739314545314133324237412F617474726962757465732E62696E504B01021400140006080800CC70623B08DA0BD1900000004101000036000000000000000000000000002A0F00006662782F41393633353835312D344632
310
462D344230382D423046372D3739314545314133324237412F6469726563746F72792E786D6C504B01021400140006080800CC70623BEDD1DC58FD000000A00100003B000000000000000000000000000E1000006662782F41393633353835312D344632462D344230382D423046372D3739314545314133324237412F7265
310
736F75726365732F636F72652E786D6C504B0506000000000E000E0080040000641100000000
  0
XRECORD
  5
1F8
102
{ACAD_REACTORS
330
1F7
102
}
330
1F7
100
AcDbXrecord
280
     1
 70
     1
 90
429727718
  1
30362254-06B7-45E0-A893-8CFA70E3D6BC
310
504B03040A0000080000CC70623B3DEE336E79000000790000001B0000006175746F6465736B2D64657369676E2D7061636B6167652E786D6C3C3F786D6C2076657273696F6E3D22312E302220656E636F64696E673D227574662D3822203F3E3C666F726D6174733E3C666F726D61743E687474703A2F2F736368656D612E
310
6175746F6465736B2E636F6D2F64657369676E2D7061636B6167652F323030393C2F666F726D61743E3C2F666F726D6174733E504B0304140006080800CC70623BD486FD9CA0000000F4000000130000005B436F6E74656E745F54797065735D2E786D6C7D8EC10E82300C865F65E91D8A1E8C310C0EEA1BF002731658846E
310
D98AC1B77784ABF1D8FE5FBFBF75BBCE937A534CCEB38643598122B6FEE978D0B0485F9C41B54DDD7D022595594E1A469170414C76A4D9A4D207E29CF43ECE46F218070CC6BECC4078ACAA135ACF422C856C0E68EA1BF5669944DDD7BCDE7B1F8E415D77AECB980613C2E4AC91FC167A2B244592486606FC29C8FD7F045B9A
310
EF7053A7E60B504B0304140006080800CC70623B1EC5D7A3EB0000007C01000008000000636F72652E786D6C8D90416EC3201045AF82665B6103C6756C6122AB4D4ED00B204C5C94182C03558F5F9C3852BBEB6A467FFE9B197D71FC9E6FE8CBACC17AD7032D0820E3B41FAD9B7A48F1820F808E52ACDEC75F36404ECDA687
310
4D0629A6D5A76597B477D1B89855E747B38B2A041301E95B6E7A08FAD3CCAA50296647B8168BD2573599823EBB0CA76447F43862C7BCCF5EAC59410E4DDD9C7973C2755553CCCFA4C603E3040F1565ED3B1FDE4E432BCA0D9622DAF9795FAF464533826484B498524CD807E51D79ED187F21878E10516EF63F505AC67F42C9
310
BA58B1FDDD071640D2FCC87D2045B96591CB3DA85CB7DCE40F504B0304140006080800CC70623B55019EA25F0000007C00000007000000636E782E786D6C4DCB3B0E80201045D1AD90E915ED2CF8AC45050C11660C8261F98AB1B07AC9C97D42D718D865D3E909258CFD00CCE24AC6E326A164D74DC0B4128928FF32603847
310
2BA13128B1252AC747C6BAB984FC68F0B87FE8960A5C09FE86CFB69FBA01504B0304140006080800CC70623B8C9102E971010000D40300000C0000006662782F636F72652E786D6CC5535B6E833010BC8AE5DF0A6C08340F1947A84D4ED00B38C6A128602363A31CBFCB234A53A551FA553EC09AD9F5CE8C31DB9E9B1AF5CA
310
7695D1198E428A91D2D214952E33ECDD315861B4E5CC1AE3BE9561A445A3323CC098B3D21ADFCE9034DA29ED00D5A6503328BA4E398C640D8B0C77F253352214DE4145770A5B214FA2546114020D759C75CE8200340D19DE981F0F6746269C33EFAB6266AB02A655C74A59CCF365BADC27CB5D902ED22848F6340DF238A141
310
BE88E2F57B92BFEDF23523433367AE6A2EEAA455C2A902F398D2751045018D3FA264435F3771F242571B4A1919CA6F9A7C5B3CD9E42BED16F12C776AEB308F40C848FC700B1139D4891EF410CEC810227CC6846F8386402064270EF5C5C709A05E49676C024C61FC95EA45ED154CA5211D1FF4FB8291A913A68E9B83EBBB33
310
E2A7673CDE118E5AE8124C0807CB8377834E366998436B950D7A7746DAD846D4CFD978E0F04FD455FC5D49D2D4C6FE9722321F10997F0F32DC47FE05504B0304140006080800CC70623BFFEA85907E0000009D0000000B0000006662782F636E782E786D6C4DCCD10A83201886E15B91FFDC95D95A811AB6F23E625948A6C3
310
E9D8E5AF46073BFAE0E1E365ED67B3E8ADC3CB78C7815C7240DA3DFC64DCC221C519D7805AC182F7F1EF06C88D9BE6703008B6049F9E274D7A1E938DBB5AE3D6131B2589BA0D3D965551E0B2EA732C9B9A624AAEB41E3A557677029960D9AFB4EF11165F504B0304140006080800CC70623B4FEEA4082C0100001202000031
310
0000006662782F39464131463745442D413632322D343644302D413938332D3331353338454246344243312F636F72652E786D6C8D515B6EC32010BC0AE2AB55850DD871ED0813254D72825EC00192A2C460F1A872FC42ED48ED5F7E00CDCECCCEB26C731F6FE05B39AFADE921293004CA082BB5B9F43086336A21D870E6AC
310
0D7F68109861543DCC30E4ECE26C9C164858139409093556AA051CBC570102714B8F1E7AF1A5C6A11862480C7F2DA6415C878B2A4891CA89C7990F2E050073937C42DE1DB7E4F87ED8A36D4329AA9B3D46DBAEAD504556557BD81DEBDD0761E52CE42C462D17B996298E3E6BE59E35C962CE821E1FF18553435012728A7187
310
0841987E927A8D9B35ADDF70BBC6989599FE4F1427F9A4286A132ABAC49D651EF234CD5CE04CDA78BA3DC2A8FB645D00B9DF8B57E215725C60BCA2A463E54C4CE327C7A65E1C7DB02E7DEFCBF594B864C5CA6CDBD49C957943E9FA5D5FBAF336F90F504B0304140006080800CC70623BAD7543B64E01000033030000300000
310
006662782F39464131463745442D413632322D343644302D413938332D3331353338454246344243312F636E782E786D6CD593CD6EC32010845F0571AD6CE3D48AD20813A9873E410FBD12D82434182C7EAAE6EDBB2424CD25871E7B41D6EC30B3FA84F9E67BB2E40B4234DE8DB46F1925E094D7C6ED479AD3AE5951B2113C
310
789FEE6C943839C1488B4C05DF079FE72A69D8C96C13AAD6B8631503449F83828872B949AC57D26200B826A308D316B4064D6E46FCDA41C05550DC9E483A00797BFD207EFB092A45DE9514C1BBD22178396BD39D891265658C238DEA00936C654E5E433CB65A26D9F6EDB5EBC14EBF49A45CB856E66048291F6939A9A81BB5
310
C8917738143CA680F4AA299D66A042CEB3354A2684DC9D8D178FE0D9B8B41CAAD720F880EE7EF93C0C18769E099ECC04D5A102C8049A8A05632F4DDF376CF1DE0F6BB65C2F8627B65A33C6BB62177CEBBDAD973006829F89F22E814B54F4BC2BE347F8AA8F681390B50FA73F804400B5F542E796F19FF974E7F78DB802FE05
310
E207504B0304140006080800CC70623B16AB87BA640500003C100000340000006662782F39464131463745442D413632322D343644302D413938332D3331353338454246344243312F6F626A656374732E786D6CAD575B6FA33818FD2B887DE6924B3BED8A326A92B68A663B534DD4D13E548A0C38942D60649B369D5FBFC7
310
600890A493BDE42160637FD7F31D7FF63E6FB3D478A55C242CBF3247B66B1A340F5994E4F19559CA8D75611A9F7D8F33263BCB4C232719BD32D5B4E97B316765A1A722BA21652A07B3B7B33F0D11D29C9A46981221AE4C113ED38CD8A4942CA2E2C58E882476BCD9DA23BB5ED8171B73523C0F841684D35CC252CCE79062D4
310
468DFA43D7747CCF51DF7D4FFDEB5593E3AB9CCA9FBEFE241792E4E19EB28198C968BAB8199F5D5A67D3E9C49A9E8F47D6EC76B6B0469F26EEFC7C3EBFBCBEB98462213924694B38DD98FE1D62C393D073EA4FADC5DAF04326852CCF6958F90F0F2B9BB5C48816348F90C7840A68EB78EDF68723159BCEE7891A6B95DDE9D3
310
BCEAEEE8086A6C6F9E5D4B59F0175C10A7A0820BAA5055C7473B5AE3CFDD452D602CD5DF12616444529E90D448938013FE6EFA58AA96F85E4F8C42275708571E98FE6827AF6B2B4AE3D7D83D64E5A64C53054DD3AF90BD06FEA9149565C94FCA0F6B834DC85599E4F2423B24DF0B6AFA979E534DFA9E7A4CC6FA631D486393
310
921829879BF5D781A373557BCB85E97FB90DB62B558F8795179C15944B051F40AB495CF35451D26A4727654E6D8033BD98EF82F21D91FF8AF2DD9982BCF1643BDD4EB516C9492E368C67C88DED563FC36D5EACF66DFF057C3658BDBFA69DF9578B3DA735B64F18C7F20770A9D45CFCF7FCF563D6456A277DBEF78A02637CA2
310
43B90A490AEAB94F72244481D24819A6C0E59B606BFA4B3025981DBB48EAB701D97BF19C577CC77F2D1B6C55A9EF3C732474C0B727303F625995056C3B02963D9EAC146BE78EC5FCEC7FA999EBC5EACBAAE41B12D27B4D2C0BBA49F244E2ECDC81B76B502F113D8F5EE8FB1BE3111CDD4FC2AA9B844CAB1288B68AB90A7CDC
310
1C166AB0D3DC5310625FCC14E779BFD0709F8890A629C9292B1B2DED31A4B0DA928CEE135085754027E3018A397D4D5427D15BD1330B677DC8934285AC3DF45A9EB68FF8F2B8FC0A509AFEECFD0FF2DE25CC6047F7214B195F07EFEB9A094D800F7BFAE8FED187B78EA8A3A400F115961BCAD1215E47C966530AF0EE8128FE
310
58CEBB996A8964FFA529A046635D9353B0336A8F700DDF46271A024E70B0B37C9DE01847591E54DED53D54202AB947E4076556AC49C6CA5C9E1226B7F1A7B1BE15DEED62C41B91E1B3E9AFAAA735036547343A925075041DF0A9979E893B391F8FCFA6967B3EFB644DCF6E5CEBFAE272625DCC6FAF3FB93793C5F90CE1EF57
310
407342756B10D1C489E8953CD1617E5CEECAD6F4EF8914CE5D5D504E5C3F1F9736DA62CFC11E00BCDDB8CC8A9466349744C1F75EBDA4DF09BA8A9E8C7A7E9991989E20E5DBDD6A6003664ED8F7A04A8DBE0DF6EAD9B9AA858342E47399053949D2C146EDB85DE4B176BB0965FBAC19BD19AA918E27FA50C1D22402E144464C
310
59462568E704B6E71915404CB72B8FF4EDE184DDAF753F284990D2C6926782963815403548A70C657FDEF80D2D9CEAA2AE4C1C76F60BFE74219A06527D6582DF6412526107381E55E353090704D085B52408D0933C4ED159D79BDA71BB4BC506F4831350EB6F979CD22D69BF7AC49B91A2C0A9DDA3D5CA36AD20FC478E37E6
310
1844E2352865EBCB6EA275A652E3836BE04EFB400BF1A2556F515F1FBB35B2AB35BD889C744FFA1004B5544B121E57F70215746DD2F5E2C1412B602CBF19455AC6C8E5E9922C4E01E65215385004546899059180EAFCF7A707CE7017CD8CDB0410789AB32C63B91E5CEBBBACB17AC6CD347A022D5075FD106377347AAABA7E
310
7D11590744509B44E205134DC1290F06580320F78E537D3D73540E06CB970B431F185308AD40BBD794D6D77003C5A36E8EAA54BA64597CD8F83BD552A080A365F7FF06504B0304140006080000CC70623B000000000000000000000000350000006662782F39464131463745442D413632322D343644302D413938332D3331
310
353338454246344243312F76657274696365732E62696E504B0304140006080800CC70623BF270F1330600000004000000360000006662782F39464131463745442D413632322D343644302D413938332D3331353338454246344243312F747269616E676C65732E62696E636660600000504B0304140006080000CC70623B
310
000000000000000000000000370000006662782F39464131463745442D413632322D343644302D413938332D3331353338454246344243312F617474726962757465732E62696E504B0304140006080800CC70623B08DA0BD19000000041010000360000006662782F39464131463745442D413632322D343644302D413938
310
332D3331353338454246344243312F6469726563746F72792E786D6C858F410AC3201045AF22B36F53E9A60B35CBEEBAE80D244E44489C6234F4F835464A48035D0DF398FF9F8AF63D0E6CC63039F212F8F9020C7D47C6792B21C5FE7403D62A1188E2E60C98D7234A5830286103A55745067B9D86B8A3CF9C7F90C11DE607
310
FB144396D7B6A82D282E9A152AD114D5EF2CB866EEE831B8EEA07A7BB5A8D7D61A2BAAEB7FD5F70921FF497D00504B0304140006080800CC70623B0D6EF93BFE000000A00100003B0000006662782F39464131463745442D413632322D343644302D413938332D3331353338454246344243312F7265736F75726365732F63
310
6F72652E786D6C8D50596E833010BD0A9ADFCA60B334011947A8694ED00B586642AC041B79A97AFC9A40A5F6AF3F33A3B7689E1E3F7DCD8FEC139DD7D6F4C0720A191A65476DA61E62B892236427C19DB5E1970C322367EC618541F0C9D9B8EC90B226A009093576C41D94DE63804C3DD2D18357379C652E63480A7FCF17A9
310
EE72C29CE5894E3AC17D702940B63D59270887DE46A7D0F36263058F518FBB468FE9A7BE6A7420864373B8D4873369AA8691FA421B3294352543C5CAF65C0F6FEF43CB8BD52C78D0F34F46E550061C419494B6843142CB0F5677F4B52BEB177AEC28E5C52AFF638ACBF84F53D42654E51E77B379102C05791282176B5F693D
310
CB4C7BED567C03504B010214000A0000080000CC70623B3DEE336E79000000790000001B00000000000000000000000000000000006175746F6465736B2D64657369676E2D7061636B6167652E786D6C504B01021400140006080800CC70623BD486FD9CA0000000F40000001300000000000000000000000000B20000005B
310
436F6E74656E745F54797065735D2E786D6C504B01021400140006080800CC70623B1EC5D7A3EB0000007C010000080000000000000000000000000083010000636F72652E786D6C504B01021400140006080800CC70623B55019EA25F0000007C000000070000000000000000000000000094020000636E782E786D6C504B
310
01021400140006080800CC70623B8C9102E971010000D40300000C00000000000000000000000000180300006662782F636F72652E786D6C504B01021400140006080800CC70623BFFEA85907E0000009D0000000B00000000000000000000000000B30400006662782F636E782E786D6C504B01021400140006080800CC70
310
623B4FEEA4082C0100001202000031000000000000000000000000005A0500006662782F39464131463745442D413632322D343644302D413938332D3331353338454246344243312F636F72652E786D6C504B01021400140006080800CC70623BAD7543B64E010000330300003000000000000000000000000000D5060000
310
6662782F39464131463745442D413632322D343644302D413938332D3331353338454246344243312F636E782E786D6C504B01021400140006080800CC70623B16AB87BA640500003C1000003400000000000000000000000000710800006662782F39464131463745442D413632322D343644302D413938332D3331353338
310
454246344243312F6F626A656374732E786D6C504B01021400140006080000CC70623B0000000000000000000000003500000000000000000000000000270E00006662782F39464131463745442D413632322D343644302D413938332D3331353338454246344243312F76657274696365732E62696E504B01021400140006
310
080800CC70623BF270F133060000000400000036000000000000000000000000007A0E00006662782F39464131463745442D413632322D343644302D413938332D3331353338454246344243312F747269616E676C65732E62696E504B01021400140006080000CC70623B0000000000000000000000003700000000000000
310
000000000000D40E00006662782F39464131463745442D413632322D343644302D413938332D3331353338454246344243312F617474726962757465732E62696E504B01021400140006080800CC70623B08DA0BD190000000410100003600000000000000000000000000290F00006662782F39464131463745442D413632
310
322D343644302D413938332D3331353338454246344243312F6469726563746F72792E786D6C504B01021400140006080800CC70623B0D6EF93BFE000000A00100003B000000000000000000000000000D1000006662782F39464131463745442D413632322D343644302D413938332D3331353338454246344243312F7265
310
736F75726365732F636F72652E786D6C504B0506000000000E000E0080040000641100000000
  0
XRECORD
  5
175
102
{ACAD_REACTORS
330
173
102
}
330
173
100
AcDbXrecord
280
     1
270
     1
271
     1
  0
XRECORD
  5
174
102
{ACAD_REACTORS
330
173
102
}
330
173
100
AcDbXrecord
280
     1
270
     1
271
     1
  0
XRECORD
  5
1FB
102
{ACAD_REACTORS
330
173
102
}
330
173
100
AcDbXrecord
280
     1
 70
     0
 90
1673772943
  1
ECE7A1D2-D628-4531-984C-D00F80459256
310
504B03040A0000080000CC70623B3DEE336E79000000790000001B0000006175746F6465736B2D64657369676E2D7061636B6167652E786D6C3C3F786D6C2076657273696F6E3D22312E302220656E636F64696E673D227574662D3822203F3E3C666F726D6174733E3C666F726D61743E687474703A2F2F736368656D612E
310
6175746F6465736B2E636F6D2F64657369676E2D7061636B6167652F323030393C2F666F726D61743E3C2F666F726D6174733E504B0304140006080800CC70623BD486FD9CA0000000F4000000130000005B436F6E74656E745F54797065735D2E786D6C7D8EC10E82300C865F65E91D8A1E8C310C0EEA1BF002731658846E
310
D98AC1B77784ABF1D8FE5FBFBF75BBCE937A534CCEB38643598122B6FEE978D0B0485F9C41B54DDD7D022595594E1A469170414C76A4D9A4D207E29CF43ECE46F218070CC6BECC4078ACAA135ACF422C856C0E68EA1BF5669944DDD7BCDE7B1F8E415D77AECB980613C2E4AC91FC167A2B244592486606FC29C8FD7F045B9A
310
EF7053A7E60B504B0304140006080800CC70623BD9DDAED0EC0000007C01000008000000636F72652E786D6C8D90416EC3201045AF82665B61836D9CD8C2444DD39CA01740405C94182C03558F5F9C3852BBEB6A467FFE9B197D7EF89E6EE8CB2CC17A37002D0820E394D7D68D03A478C17B4007C117EFE32F1B20272733C0
310
2A83E0E3E2D3BC49CABB685CCCAAF3DA6CA20CC14440EA969B0182FA34932C648AD911AEC52CD5558EA6A0CF2EC329598D1E47ACCEFBECC59A050463A7EA5833865FEBDD0E37353BE3EE8DBDE3F6786A48D375FBF6CC78B9C282473B3DEFABC5C86834888A900E538A49F5419B9EB47DD5BC907D4F082F57FB1F28CDFA9F50
310
B22ED6D5F6EE030B20687EE43E10BC5CB3C8E51E54AE6B6EE207504B0304140006080800CC70623B55019EA25F0000007C00000007000000636E782E786D6C4DCB3B0E80201045D1AD90E915ED2CF8AC45050C11660C8261F98AB1B07AC9C97D42D718D865D3E909258CFD00CCE24AC6E326A164D74DC0B4128928FF326038
310
472BA13128B1252AC747C6BAB984FC68F0B87FE8960A5C09FE86CFB69FBA01504B0304140006080800CC70623BA24EB22D72010000D40300000C0000006662782F636F72652E786D6CC5535B6E833010BC8AE5DF0A6C5E49888CA3A6694ED00B38E05014B091B1518EDFE511A5A9D228FD2A1F60CDEC7A67C6986DCE4D8D7A
310
69BA4AAB0C073EC548AA5C17952A33ECECD15B61B4E1CC686DBF9561A44423333CC098B3D268D7CE50AE9595CA02AA74216750749DB418E5352C32DCE59FB211BE70162ABA93DF8AFC244AE9073ED050C759670D0840D390E18DF9F1706664C23973AE2A66B62A605A75ACA4C13C4976E1364A12EF355A2EBD384AF65EFA96
310
BC7B8BED2EA6719AAE16FB8491A199335B351775B991C2CA02F390D2D40B028F861F41BCA68B7518BFD0D59A524686F29B26D7164F36B94AD9289CE54E6D1DE6010819891F6E21228B3AD1831EC219194284CF98F06DD01008846CC5A1BEF83801D4CBDC6A1303536877A57A513B0953A94FC707FDBE6064EA84A9E3E6E0FA
310
EE8CF0E9198F7784A316AA0413C2C2F2E0ECA0934D1AE6D05A69BCDE9E91D2A611F573361E38FC1375157F5752AE6B6DFE4B11990F88CCBF0719EE23FF02504B0304140006080800CC70623B408A7D3B7C0000009D0000000B0000006662782F636E782E786D6C4DCCD10A83201886E15B91FFDC552A92A0064DBC8F581632
310
D3703A76F9ABD1C18E3E78F878E5F0D9027ABBFCF2292AE86E2D20171F69F6715550CB827B40839639A5F2770314A7CD293819B45C73AAFB45B35BA61ACAA1C1C7E7855C58C15BC331339661262CC762340413D68D77DA5B42298546CBE6573AF60CEB2F504B0304140006080800CC70623B449FB9BD290100001202000031
310
0000006662782F36394639363044362D344446342D343946362D394244322D3234314243333846323333332F636F72652E786D6C8D515B6EC32010BC0AE22B55850D98B871848994463E412FE002495162B07854397EA176A4F62F3F2C9A9D991D587EB84F37F0AD7D30CEF6905418026DA553C65E7A98E219ED203808EE9D
310
8B7F6810D871D23D2C3014FCE25D9A57483A1BB58D19B54EE9151C43D0110279CB971E06F9A5A7B11A53CC8C70ADE6515EC78BAE4895DB992778883E0700CB907242D17643D7E2538BD869608875438BBAE38922CAC8F1BDD90DB4691A5E2F42C153326A951B95E398B3D1FE599322163C9AE9115F7A3D46ADA0A018778810
310
84E907617BDCEE297BC5BB3DC6BC2EF47FA234AB2745C9D8D8D035EE220B50105E2F0DC1954B9FB747187D9F9D8FA0CCDB042D5FA0C015C65B42DF78BD10F3F3B363CB56C7109DCFDFBBB97E662ED92EB62D13BC2E1BCAE5777DB9966D8A1F504B0304140006080800CC70623BAD7543B64E01000033030000300000006662
310
782F36394639363044362D344446342D343946362D394244322D3234314243333846323333332F636E782E786D6CD593CD6EC32010845F0571AD6CE3D48AD20813A9873E410FBD12D82434182C7EAAE6EDBB2424CD25871E7B41D6EC30B3FA84F9E67BB2E40B4234DE8DB46F1925E094D7C6ED479AD3AE5951B2113C789FEE
310
6C943839C1488B4C05DF079FE72A69D8C96C13AAD6B8631503449F83828872B949AC57D26200B826A308D316B4064D6E46FCDA41C05550DC9E483A00797BFD207EFB092A45DE9514C1BBD22178396BD39D891265658C238DEA00936C654E5E433CB65A26D9F6EDB5EBC14EBF49A45CB856E66048291F6939A9A81BB5C89177
310
38143CA680F4AA299D66A042CEB3354A2684DC9D8D178FE0D9B8B41CAAD720F880EE7EF93C0C18769E099ECC04D5A102C8049A8A05632F4DDF376CF1DE0F6BB65C2F8627B65A33C6BB62177CEBBDAD973006829F89F22E814B54F4BC2BE347F8AA8F681390B50FA73F804400B5F542E796F19FF974E7F78DB802FE05E20750
310
4B0304140006080800CC70623B8D05915C650500003B100000340000006662782F36394639363044362D344446342D343946362D394244322D3234314243333846323333332F6F626A656374732E786D6CAD575B6FA33814FE2B887D06429276DA1565D4266D158D3A339A6846FB502932E050B66023DB74D2FDF5FB190C01
310
9276B2973C046C8ECFF53B17071F77456EBD502133CEAE6CDF9DD81665314F32965ED995DA3A17B6F5310C04E7AA47665B8C14F4CAD6DB7618A48257A5D94AE89654B91AEDDEDDFC61C998326A5B714EA4BCB265FC440BE2924AF184CA6737218AB8E976E7FA6E4338649B0A523E8D98964450A6A029F619B8588D52FE7039
310
B1BD30F0F4F730D0FF866AF6369557DB33949F31A9088B0F848DD8CCFCF9F2767A76E99CCDE733677E3EF59D9BBB9BA5E37F984D16E78BC5E5F5ED25044B25C0C96822E8D60EEFE11B91C581D77CEA34368A1F5329E68CD1B8B61F16D63A1B8E092D294B10C78C4A48EB593D192E7DED9BDEE7995E1B91FDEDD3ACEA9FE831
310
6A756F9F7D4D79F4274C90A7A04248AA51D5F8C718DAE06FB2F75AC4796EBE65D22A88A22223B995679120E2D50E41AA49C260C046A35368846B0BECD0DFF3EBEB8AD4F835768F69B9ADF25C43D30E6B646F807FAA64AD59F61715C7A54127C4AACA98BA3006A9D792DAE165E0D59B61A01FB3A9F9D838D2DAE62445C86166
310
F37564E842E7DE6A69879FEEA2DD5AE7E371E1A5E025154AC307D06A03D73EB5978C58FFA4C8E9033066E0F3BD53BEC1F39F91BE7B55103791EDE6BBB991A2046172CB4581D8B893FA674DDA17A77B3B7C413D1B511FD2743BFF8A38F03A658705E3ADF8015C3A3417FF3D7E439FF591DA0B5F18BC20C1B8981957AE6392A3
310
F43C640C01D1A0B4728E2DD4F26DB4B3C3152A252A3B4E913CEC1C72F012782FF88EFF8637AA552DBEF76408E8A8DE9E50F9E1CB3A2DA0DB1B6039A893B56063DC5B3E3FFB5F72E67AB9FEB4AEC496C4F4C1149625DD662C53E89D7BF0F6151A046260D1337DFDC94502430F83B0EE07A130A224BCAD7DAE1D9FB6CD422FF6
310
920702629C4BB9AE79C12F243C6432A6794E18E5552BA56B431AAB5D91317302B2B071E86C3A42B1A02F999E24061403B5D0EB639195DA655DD3EBEAB4FB862DDF579F014AD0E73C22F99E28DA57FB98E75C6CA2D74D53086D600F4786E0FE3144B771A8A7B900F03594DB8A633CBC49B2EDB69228BB479CF863B5E807AAAB
310
23872F6DFEB4129B949CA33823F58830E86D65621E10047D9DB34D862E8EAC3C2ABC2F7B2C40D67CDFE01F5545B92105AF983AC54D93D69E56FB8E797F88913F898A9FEC705D3F9D1B54EC8426FB500D40A03BD0119B06E1B95DDC7EB8F6975367793EBD70E66733DFB9BC982F9CE564727731999F5D4ECFCE3B8D6A4DC2A0
310
6D50FD148437D110834A64C6CDDF57FBACB5C307A2A477DFE4939736CFEF2B175371E0E10CF0DD1D5C15654E0BCA14D1E87DD02FF93782A162C0A3D95F1524A52770F972BF1EE9809D13CE7DD599467F8ECE9ADD85CE85A34CD45355448C64F9E8A031DC2D596ACC6E5DD93D9B82DE2EF5CAF81363A8E47996A0DE24564A79
310
4115AACE09C55E14540231FDA13C319787134EBF34E3A022514E5B4D9E0826E25C02D5805B15ABE1BEF51B26383D445DD9E875EE33FE4C22DA16427D65A3BCA92CA6D28DD01DF5DC53330704308475351050232CCD31583787BA75774AFB06E5070DD0C8EF484E19968C5D83BA5B90B244D31E54D55A372320FE4786B7EA58
310
44E135AA5467CB7EA333A61683CC6A8C3257034C10CF46F40EF9F5BE59BE5BD30C3C72D235E95D10345C1D45445A5F0BB47E46A5EBE5570F9380B5FA629579952296A773720405982B9DE04011506178964401AA8BDF1FBF0A8EAB6861DD6580C0E38217056766716DAEB2D6FA0917D3E4116581EADB879C4E7CFFB11EFACD
310
3D641311495D92C8676CB409A72D18610D803CE8A626049E8EC1887CB5B44CC39883690DDA8399B4B9855B481E7D71D4A9D22F96E5BB73BF5793020C02137BF837504B0304140006080000CC70623B000000000000000000000000350000006662782F36394639363044362D344446342D343946362D394244322D32343142
310
43333846323333332F76657274696365732E62696E504B0304140006080800CC70623BF270F1330600000004000000360000006662782F36394639363044362D344446342D343946362D394244322D3234314243333846323333332F747269616E676C65732E62696E636660600000504B0304140006080000CC70623B0000
310
00000000000000000000370000006662782F36394639363044362D344446342D343946362D394244322D3234314243333846323333332F617474726962757465732E62696E504B0304140006080800CC70623B08DA0BD19000000041010000360000006662782F36394639363044362D344446342D343946362D394244322D
310
3234314243333846323333332F6469726563746F72792E786D6C858F410AC3201045AF22B36F53E9A60B35CBEEBAE80D244E44489C6234F4F835464A48035D0DF398FF9F8AF63D0E6CC63039F212F8F9020C7D47C6792B21C5FE7403D62A1188E2E60C98D7234A5830286103A55745067B9D86B8A3CF9C7F90C11DE607FB14
310
4396D7B6A82D282E9A152AD114D5EF2CB866EEE831B8EEA07A7BB5A8D7D61A2BAAEB7FD5F70921FF497D00504B0304140006080800CC70623BCA768048FE000000A00100003B0000006662782F36394639363044362D344446342D343946362D394244322D3234314243333846323333332F7265736F75726365732F636F72
310
652E786D6C8D50596E833010BD0A9ADFCA60D600328E9AA639412F609909B1126CE4A5EAF16B0295DABFFECC8CDEA2797AECF8353F924FB44E193D409E5248504B332A3D0D10FC95B4901C39B3C6F85F3248B49871801506CE266BC2B243D2688FDA47549B11775038871E12F988C7004EDE7016A9083E2ADC3D5D84BC8B09
310
D33C8D74D471E6BC8D0192EDC93A815B742658898E651BCB59086ADC356A8C3FD555A1055ED7E7E254D615792D0F075295F585746FF53B694EE78A565DD736979A65AB9933AFE69F8CD2A2F038022F28ED489E135A7CE4554F9BBEA85E68DB53CAB255FEC71496F19FA6A0B42F8B3DEE6673C0F318E4497096AD7DC5F52C33
310
EEB55BFE0D504B010214000A0000080000CC70623B3DEE336E79000000790000001B00000000000000000000000000000000006175746F6465736B2D64657369676E2D7061636B6167652E786D6C504B01021400140006080800CC70623BD486FD9CA0000000F40000001300000000000000000000000000B20000005B436F
310
6E74656E745F54797065735D2E786D6C504B01021400140006080800CC70623BD9DDAED0EC0000007C010000080000000000000000000000000083010000636F72652E786D6C504B01021400140006080800CC70623B55019EA25F0000007C000000070000000000000000000000000095020000636E782E786D6C504B0102
310
1400140006080800CC70623BA24EB22D72010000D40300000C00000000000000000000000000190300006662782F636F72652E786D6C504B01021400140006080800CC70623B408A7D3B7C0000009D0000000B00000000000000000000000000B50400006662782F636E782E786D6C504B01021400140006080800CC70623B
310
449FB9BD290100001202000031000000000000000000000000005A0500006662782F36394639363044362D344446342D343946362D394244322D3234314243333846323333332F636F72652E786D6C504B01021400140006080800CC70623BAD7543B64E010000330300003000000000000000000000000000D20600006662
310
782F36394639363044362D344446342D343946362D394244322D3234314243333846323333332F636E782E786D6C504B01021400140006080800CC70623B8D05915C650500003B10000034000000000000000000000000006E0800006662782F36394639363044362D344446342D343946362D394244322D32343142433338
310
46323333332F6F626A656374732E786D6C504B01021400140006080000CC70623B0000000000000000000000003500000000000000000000000000250E00006662782F36394639363044362D344446342D343946362D394244322D3234314243333846323333332F76657274696365732E62696E504B010214001400060808
310
00CC70623BF270F13306000000040000003600000000000000000000000000780E00006662782F36394639363044362D344446342D343946362D394244322D3234314243333846323333332F747269616E676C65732E62696E504B01021400140006080000CC70623B00000000000000000000000037000000000000000000
310
00000000D20E00006662782F36394639363044362D344446342D343946362D394244322D3234314243333846323333332F617474726962757465732E62696E504B01021400140006080800CC70623B08DA0BD190000000410100003600000000000000000000000000270F00006662782F36394639363044362D344446342D
310
343946362D394244322D3234314243333846323333332F6469726563746F72792E786D6C504B01021400140006080800CC70623BCA768048FE000000A00100003B000000000000000000000000000B1000006662782F36394639363044362D344446342D343946362D394244322D3234314243333846323333332F7265736F
310
75726365732F636F72652E786D6C504B0506000000000E000E0080040000621100000000
  0
XRECORD
  5
176
102
{ACAD_REACTORS
330
173
102
}
330
173
100
AcDbXrecord
280
     1
270
     1
271
     1
  0
XRECORD
  5
177
102
{ACAD_REACTORS
330
173
102
}
330
173
100
AcDbXrecord
280
     1
270
     1
271
     1
  0
CELLSTYLEMAP
  5
2FE8
102
{ACAD_REACTORS
330
162
102
}
330
162
100
AcDbCellStyleMap
 90
        3
300
CELLSTYLE
  1
TABLEFORMAT_BEGIN
 90
        5
170
     1
 91
        0
 92
    32768
 62
   257
 93
        1
300
CONTENTFORMAT
  1
CONTENTFORMAT_BEGIN
 90
        0
 91
        0
 92
      512
 93
        0
300

 40
0.0
140
1.0
 94
        5
 62
     0
340
11
144
6.0
309
CONTENTFORMAT_END
171
     1
301
MARGIN
  1
CELLMARGIN_BEGIN
 40
1.5
 40
1.5
 40
1.5
 40
1.5
 40
4.5
 40
4.5
309
CELLMARGIN_END
 94
        6
 95
        1
302
GRIDFORMAT
  1
GRIDFORMAT_BEGIN
 90
        0
 91
        1
 62
     0
 92
       -2
340
14
 93
        0
 40
1.125
309
GRIDFORMAT_END
 95
        2
302
GRIDFORMAT
  1
GRIDFORMAT_BEGIN
 90
        0
 91
        1
 62
     0
 92
       -2
340
14
 93
        0
 40
1.125
309
GRIDFORMAT_END
 95
        4
302
GRIDFORMAT
  1
GRIDFORMAT_BEGIN
 90
        0
 91
        1
 62
     0
 92
       -2
340
14
 93
        0
 40
1.125
309
GRIDFORMAT_END
 95
        8
302
GRIDFORMAT
  1
GRIDFORMAT_BEGIN
 90
        0
 91
        1
 62
     0
 92
       -2
340
14
 93
        0
 40
1.125
309
GRIDFORMAT_END
 95
       16
302
GRIDFORMAT
  1
GRIDFORMAT_BEGIN
 90
        0
 91
        1
 62
     0
 92
       -2
340
14
 93
        0
 40
1.125
309
GRIDFORMAT_END
 95
       32
302
GRIDFORMAT
  1
GRIDFORMAT_BEGIN
 90
        0
 91
        1
 62
     0
 92
       -2
340
14
 93
        0
 40
1.125
309
GRIDFORMAT_END
309
TABLEFORMAT_END
  1
CELLSTYLE_BEGIN
 90
        1
 91
        1
300
_TITLE
309
CELLSTYLE_END
300
CELLSTYLE
  1
TABLEFORMAT_BEGIN
 90
        5
170
     1
 91
        0
 92
        0
 62
   257
 93
        1
300
CONTENTFORMAT
  1
CONTENTFORMAT_BEGIN
 90
        0
 91
        0
 92
      512
 93
        0
300

 40
0.0
140
1.0
 94
        5
 62
     0
340
11
144
4.5
309
CONTENTFORMAT_END
171
     1
301
MARGIN
  1
CELLMARGIN_BEGIN
 40
1.5
 40
1.5
 40
1.5
 40
1.5
 40
4.5
 40
4.5
309
CELLMARGIN_END
 94
        6
 95
        1
302
GRIDFORMAT
  1
GRIDFORMAT_BEGIN
 90
        0
 91
        1
 62
     0
 92
       -2
340
14
 93
        0
 40
1.125
309
GRIDFORMAT_END
 95
        2
302
GRIDFORMAT
  1
GRIDFORMAT_BEGIN
 90
        0
 91
        1
 62
     0
 92
       -2
340
14
 93
        0
 40
1.125
309
GRIDFORMAT_END
 95
        4
302
GRIDFORMAT
  1
GRIDFORMAT_BEGIN
 90
        0
 91
        1
 62
     0
 92
       -2
340
14
 93
        0
 40
1.125
309
GRIDFORMAT_END
 95
        8
302
GRIDFORMAT
  1
GRIDFORMAT_BEGIN
 90
        0
 91
        1
 62
     0
 92
       -2
340
14
 93
        0
 40
1.125
309
GRIDFORMAT_END
 95
       16
302
GRIDFORMAT
  1
GRIDFORMAT_BEGIN
 90
        0
 91
        1
 62
     0
 92
       -2
340
14
 93
        0
 40
1.125
309
GRIDFORMAT_END
 95
       32
302
GRIDFORMAT
  1
GRIDFORMAT_BEGIN
 90
        0
 91
        1
 62
     0
 92
       -2
340
14
 93
        0
 40
1.125
309
GRIDFORMAT_END
309
TABLEFORMAT_END
  1
CELLSTYLE_BEGIN
 90
        2
 91
        1
300
_HEADER
309
CELLSTYLE_END
300
CELLSTYLE
  1
TABLEFORMAT_BEGIN
 90
        5
170
     1
 91
        0
 92
        0
 62
   257
 93
        1
300
CONTENTFORMAT
  1
CONTENTFORMAT_BEGIN
 90
        0
 91
        0
 92
      512
 93
        0
300

 40
0.0
140
1.0
 94
        2
 62
     0
340
11
144
4.5
309
CONTENTFORMAT_END
171
     1
301
MARGIN
  1
CELLMARGIN_BEGIN
 40
1.5
 40
1.5
 40
1.5
 40
1.5
 40
4.5
 40
4.5
309
CELLMARGIN_END
 94
        6
 95
        1
302
GRIDFORMAT
  1
GRIDFORMAT_BEGIN
 90
        0
 91
        1
 62
     0
 92
       -2
340
14
 93
        0
 40
1.125
309
GRIDFORMAT_END
 95
        2
302
GRIDFORMAT
  1
GRIDFORMAT_BEGIN
 90
        0
 91
        1
 62
     0
 92
       -2
340
14
 93
        0
 40
1.125
309
GRIDFORMAT_END
 95
        4
302
GRIDFORMAT
  1
GRIDFORMAT_BEGIN
 90
        0
 91
        1
 62
     0
 92
       -2
340
14
 93
        0
 40
1.125
309
GRIDFORMAT_END
 95
        8
302
GRIDFORMAT
  1
GRIDFORMAT_BEGIN
 90
        0
 91
        1
 62
     0
 92
       -2
340
14
 93
        0
 40
1.125
309
GRIDFORMAT_END
 95
       16
302
GRIDFORMAT
  1
GRIDFORMAT_BEGIN
 90
        0
 91
        1
 62
     0
 92
       -2
340
14
 93
        0
 40
1.125
309
GRIDFORMAT_END
 95
       32
302
GRIDFORMAT
  1
GRIDFORMAT_BEGIN
 90
        0
 91
        1
 62
     0
 92
       -2
340
14
 93
        0
 40
1.125
309
GRIDFORMAT_END
309
TABLEFORMAT_END
  1
CELLSTYLE_BEGIN
 90
        3
 91
        2
300
_DATA
309
CELLSTYLE_END
  0
ENDSEC
  0
SECTION
  2
ACDSDATA
 70
     2
 71
     8
  0
ACDSSCHEMA
 90
        0
  1
AcDb_Thumbnail_Schema
  2
AcDbDs::ID
280
    10
 91
        8
  2
Thumbnail_Data
280
    15
 91
        0
101
ACDSRECORD
 95
        0
 90
        1
  2
AcDbDs::TreatedAsObjectData
280
     1
291
     1
101
ACDSRECORD
 95
        0
 90
        2
  2
AcDbDs::Legacy
280
     1
291
     1
101
ACDSRECORD
  1
AcDbDs::ID
 90
        3
  2
AcDs:Indexable
280
     1
291
     1
101
ACDSRECORD
  1
AcDbDs::ID
 90
        4
  2
AcDbDs::HandleAttribute
280
     7
282
     1
  0
ACDSSCHEMA
 90
        1
  1
AcDbDs::TreatedAsObjectDataSchema
  2
AcDbDs::TreatedAsObjectData
280
     1
 91
        0
  0
ACDSSCHEMA
 90
        2
  1
AcDbDs::LegacySchema
  2
AcDbDs::Legacy
280
     1
 91
        0
  0
ACDSSCHEMA
 90
        3
  1
AcDbDs::IndexedPropertySchema
  2
AcDs:Indexable
280
     1
 91
        0
  0
ACDSSCHEMA
 90
        4
  1
AcDbDs::HandleAttributeSchema
  2
AcDbDs::HandleAttribute
280
     7
 91
        1
284
     1
  0
ACDSRECORD
 90
        0
  2
AcDbDs::ID
280
    10
320
D3
  2
Thumbnail_Data
280
    15
 94
     1676
310
89504E470D0A1A0A0000000D4948445200000100000000B408030000004C80028300000300504C5445FFFFFFFFFFFFFFFFFF0000000000000000000000000000000000000000000000000000330000660000990000CC0000FF0033000033330033660033990033CC0033FF0066000066330066660066990066CC0066FF0099
310
000099330099660099990099CC0099FF00CC0000CC3300CC6600CC9900CCCC00CCFF00FF0000FF3300FF6600FF9900FFCC00FFFF3300003300333300663300993300CC3300FF3333003333333333663333993333CC3333FF3366003366333366663366993366CC3366FF3399003399333399663399993399CC3399FF33CC00
310
33CC3333CC6633CC9933CCCC33CCFF33FF0033FF3333FF6633FF9933FFCC33FFFF6600006600336600666600996600CC6600FF6633006633336633666633996633CC6633FF6666006666336666666666996666CC6666FF6699006699336699666699996699CC6699FF66CC0066CC3366CC6666CC9966CCCC66CCFF66FF0066
310
FF3366FF6666FF9966FFCC66FFFF9900009900339900669900999900CC9900FF9933009933339933669933999933CC9933FF9966009966339966669966999966CC9966FF9999009999339999669999999999CC9999FF99CC0099CC3399CC6699CC9999CCCC99CCFF99FF0099FF3399FF6699FF9999FFCC99FFFFCC0000CC00
310
33CC0066CC0099CC00CCCC00FFCC3300CC3333CC3366CC3399CC33CCCC33FFCC6600CC6633CC6666CC6699CC66CCCC66FFCC9900CC9933CC9966CC9999CC99CCCC99FFCCCC00CCCC33CCCC66CCCC99CCCCCCCCCCFFCCFF00CCFF33CCFF66CCFF99CCFFCCCCFFFFFF0000FF0033FF0066FF0099FF00CCFF00FFFF3300FF3333
310
FF3366FF3399FF33CCFF33FFFF6600FF6633FF6666FF6699FF66CCFF66FFFF9900FF9933FF9966FF9999FF99CCFF99FFFFCC00FFCC33FFCC66FFCC99FFCCCCFFCCFFFFFF00FFFF33FFFF66FFFF99FFFFCCFFFFFF0000000D0D0D1A1A1A2828283535354343435050505D5D5D6B6B6B787878868686939393A1A1A1AEAEAEBB
310
BBBBC9C9C9D6D6D6E4E4E4F1F1F1FFFFFF000000000000000000000000000000000000000000000000000000000000AD4AB4E4000003314944415478DAEDDA4D9282301086E11C27F73FC01CA497BDEB29B7B31F15810081901FC4C237654D69899FF121243D80BBC59ADEAED7567E93BBB9485377BD16FD4D000000000000
310
00000000000000000000000000000000000000000000000000000000000000000000000000000000000000000000000000000000000000000000000000000000000000C01701C8F0A77B29FD0B793C24DC44C28F34CED88C10978C280690A093CF2F96A1C7CF67326ED26F25F3DE37C8D88C90A7C07644ED0810177EF5485F
310
3802161932CB90B9E15A840C23603BA21CC0863FDD4BEB5FD8E361E126167EA471C66684B9640400250052D379A9CFD81DB101201500F759C45E4DB79B2D5B3F475979C6FDB3B51136CC84952340FDF0DE40AFC3DE7B6E6F7EBAF7242BC3EB74F7F9202388708B88C707BB11108DA81B0132D25BF2D96C57F40B4445468308
310
1BD69BDA11E0922340C7AD343A07E467EC8E30174658A41B078F8097B706EF64EFBE654669842DBB71C20810699671DA080816938243A071462980038049B04921B463FD0996A07821B46B06F3C124689911B165D0BD7512F4C593A0EF335E11BE7E04F8FA4930AB12BC6F72E021E0D300FEA03A60B6BA16D5017B32FAC368
310
A50ED0BDAD791DA00DEA809C8CBECDEA003DAD0ED006CB60830C3DAD0E00E08B01B28F5FBFB20A6464AC2D837AC232F89A7E0B0BA1C9145E5608E5461C733EE0DDABC0CA7F83AC0227CF017595603AC3A72A414D9E1374875682BB4AB04425989BF14995E08E73FAC93920C8D020439319E96ED8E49441BB39A006C0B50070
310
E70274E703B4A0CDCF0794654CCE07D475A3FED2981FE97D40EF2DDC64FBC248B8FBD632562F8CF8CD88AE7BD6FAC248DD753D699671DAB541AE0E738B4CFCDE146B708B8CD5DF226367DD2273C808C8BF45C6BDEB16998BB42A80BFBC16ED408B8C9A904A809FFD6DA5F33F596D13604F1F00680CF02187C05973C0D74F82
310
00000000000000000000000000000000000000000000000000000000000000000000000000000000000000000000000000000000000000000000000000000000000000000000000000000000000000000000000000000000C06702FC469AFE5EAF457FD30320D6F48A2DFA4B6FFF84E54F5F184C51360000000049454E44AE
310
426082EB37C8AE8FB27944A0030000000049454E44AE426082
  0
ACDSRECORD
 90
        0
  2
AcDbDs::ID
280
    10
320
D7
  2
Thumbnail_Data
280
    15
 94
     1187
310
89504E470D0A1A0A0000000D4948445200000100000000B5080300000087DCD12600000300504C5445FFFFFFFFFFFFFFFFFF0000000000000000000000000000000000000000000000000000330000660000990000CC0000FF0033000033330033660033990033CC0033FF0066000066330066660066990066CC0066FF0099
310
000099330099660099990099CC0099FF00CC0000CC3300CC6600CC9900CCCC00CCFF00FF0000FF3300FF6600FF9900FFCC00FFFF3300003300333300663300993300CC3300FF3333003333333333663333993333CC3333FF3366003366333366663366993366CC3366FF3399003399333399663399993399CC3399FF33CC00
310
33CC3333CC6633CC9933CCCC33CCFF33FF0033FF3333FF6633FF9933FFCC33FFFF6600006600336600666600996600CC6600FF6633006633336633666633996633CC6633FF6666006666336666666666996666CC6666FF6699006699336699666699996699CC6699FF66CC0066CC3366CC6666CC9966CCCC66CCFF66FF0066
310
FF3366FF6666FF9966FFCC66FFFF9900009900339900669900999900CC9900FF9933009933339933669933999933CC9933FF9966009966339966669966999966CC9966FF9999009999339999669999999999CC9999FF99CC0099CC3399CC6699CC9999CCCC99CCFF99FF0099FF3399FF6699FF9999FFCC99FFFFCC0000CC00
310
33CC0066CC0099CC00CCCC00FFCC3300CC3333CC3366CC3399CC33CCCC33FFCC6600CC6633CC6666CC6699CC66CCCC66FFCC9900CC9933CC9966CC9999CC99CCCC99FFCCCC00CCCC33CCCC66CCCC99CCCCCCCCCCFFCCFF00CCFF33CCFF66CCFF99CCFFCCCCFFFFFF0000FF0033FF0066FF0099FF00CCFF00FFFF3300FF3333
310
FF3366FF3399FF33CCFF33FFFF6600FF6633FF6666FF6699FF66CCFF66FFFF9900FF9933FF9966FF9999FF99CCFF99FFFFCC00FFCC33FFCC66FFCC99FFCCCCFFCCFFFFFF00FFFF33FFFF66FFFF99FFFFCCFFFFFF0000000D0D0D1A1A1A2828283535354343435050505D5D5D6B6B6B787878868686939393A1A1A1AEAEAEBB
310
BBBBC9C9C9D6D6D6E4E4E4F1F1F1FFFFFF000000000000000000000000000000000000000000000000000000000000AD4AB4E40000015E4944415478DAEDD6418A02311445D1EC7F5159480D33AE45A84345215A41C87FE7433B68680747EBBE6E67F8B5B3251F00000000BCFE6E8CC74FD1D72980C21F3880F4060C110C7F
310
049A0600006005AC8015D0000000AC8015F8F2113876BBE5009B7DB4C7EA0802C8016800EA02C447D00A00006005AC8015D0000000AC8015B0021A00008015B0025640030000B00256C00A6800000056C00A58010D0000C00A58012BA001004410800802104100220840040188200011042082004410800802104100220840
310
04018820001104208200441080080210C160803E756FDFA4F70B7F3CF10EFF89603C800802B00200FC2B0C400401882000110420820044108008021041002208400401882000110420820044108008021041002208400401882000110420820044B00CC06EB73A82350EC0EF110450F3D21E81A601000058012B6005340000
310
002B60053E3F02F7ABFBEA1B0000000000CF00E1170F700348B226ECC46CEE420000000049454E44AE426082
  0
ACDSRECORD
 90
        0
  2
AcDbDs::ID
280
    10
320
22
  2
Thumbnail_Data
280
    15
 94
     1593
310
89504E470D0A1A0A0000000D49484452000001000000007408030000005D681C3700000300504C5445000000FFFFFF0000000000000000000000000000000000000000000000000000000000330000660000990000CC0000FF0033000033330033660033990033CC0033FF0066000066330066660066990066CC0066FF0099
310
000099330099660099990099CC0099FF00CC0000CC3300CC6600CC9900CCCC00CCFF00FF0000FF3300FF6600FF9900FFCC00FFFF3300003300333300663300993300CC3300FF3333003333333333663333993333CC3333FF3366003366333366663366993366CC3366FF3399003399333399663399993399CC3399FF33CC00
310
33CC3333CC6633CC9933CCCC33CCFF33FF0033FF3333FF6633FF9933FFCC33FFFF6600006600336600666600996600CC6600FF6633006633336633666633996633CC6633FF6666006666336666666666996666CC6666FF6699006699336699666699996699CC6699FF66CC0066CC3366CC6666CC9966CCCC66CCFF66FF0066
310
FF3366FF6666FF9966FFCC66FFFF9900009900339900669900999900CC9900FF9933009933339933669933999933CC9933FF9966009966339966669966999966CC9966FF9999009999339999669999999999CC9999FF99CC0099CC3399CC6699CC9999CCCC99CCFF99FF0099FF3399FF6699FF9999FFCC99FFFFCC0000CC00
310
33CC0066CC0099CC00CCCC00FFCC3300CC3333CC3366CC3399CC33CCCC33FFCC6600CC6633CC6666CC6699CC66CCCC66FFCC9900CC9933CC9966CC9999CC99CCCC99FFCCCC00CCCC33CCCC66CCCC99CCCCCCCCCCFFCCFF00CCFF33CCFF66CCFF99CCFFCCCCFFFFFF0000FF0033FF0066FF0099FF00CCFF00FFFF3300FF3333
310
FF3366FF3399FF33CCFF33FFFF6600FF6633FF6666FF6699FF66CCFF66FFFF9900FF9933FF9966FF9999FF99CCFF99FFFFCC00FFCC33FFCC66FFCC99FFCCCCFFCCFFFFFF00FFFF33FFFF66FFFF99FFFFCCFFFFFF0000000D0D0D1A1A1A2828283535354343435050505D5D5D6B6B6B787878868686939393A1A1A1AEAEAEBB
310
BBBBC9C9C9D6D6D6E4E4E4F1F1F1FFFFFF0000000000000000000000000000000000000000000000000000000000003AE5ACE9000002524944415478DAED99DB918420104509C7FC03D8403A0302E8FF554444E4215335E8CC9C5365AD0AB7DA6DFB818C31000000000000000000000000000000003F82F8C39D8BF85B2261
310
48C2B49A6699B86B8CD43491249A9BB133E4FFB7E20EFF60CBA3CD97EEC40FB9C16D4A49E345DB901B2D6922898DE69EED3C25020A6FF3F83A45EA1AA944C07ADC1401C6FAC39D5BEB6F591B866C9856D32C13778DB1354D2489E666EC0C79FB1D0E08EFA8C30192B1D372C0B0289843D13AB4803DE033D78B3A342D3B3667
310
67AC03ECE16F7C193D65E2005BD4A69AD44ECEDCC9CED014507FAD6B6CAA4F0175C73AA8690A249AF93AD2ACA39AA6809E24CB6DDDCE8F761E100132BF10F1579723607D8B1A6B5A1110E7C1E008907A04CCBDE91401F2451110CAEE4507D4342507E4342D078C6F83C51A205F5E034CA30BCC0B53B57B7536DB02B65203D6
310
BA314D5B3E6FEBDC9E2E60C67781E97A0D684580D39C2360AA44C06C7DBAAF0B2425F85217C86882D6454DA60B6883DBBA8076AE030A9ABD0688AB018EB806E853BB4087036A9A520AE434CFEA02BD1160A4CB018F8E00D705B4F12D90EB02FA4217D047768177D480C23AE09135E01D29F0490E5853A0D59EF636B8A740B3
310
A5E93905AEB7C1F12990EE084DFBEE4E31058246DDD9BCD0D15D538880CA8ED0BD2950D9122BA640E200F3890EB894029AEB02D7359753E0B62ED0BB292A5FB429CAB6383F8DAD0F131E48B68F37D96E879FB1E22FB48CC6A41A296B0E1213D94CEDF0D3188CE2AFC50B929CA821FC0D070000000000000000000000000000
310
0000000000000000000000BC897FA058408ED4408CD90000000049454E44AE426082B08A6B6282DDD56123D6C23B41BB0E1132ED10214587C84C43CF6369EC937B84D6A28500DF2EC067374BBF3B63C34AB3F4D9AE4C59FBB17CCB1DDB8FE3E0744021D20A6FEC5F95CDD25ADE1DD1967B85F36669B7A559DA6D6A967623CD
310
D2C027E26705BFC0B79BF7227E8DA023C06B0EED405FF3800010C0FDC5BD050000000000000000000000000000F0BFE21F9A3574FB691847BE0000000049454E44AE426082
  0
ENDSEC
  0
EOF
